tree
version=v4
num_class=1
num_tree_per_iteration=1
label_index=0
max_feature_idx=26
objective=regression
feature_names=pm_t pm_lag1 pm_lag2 pm_lag3 pm_lag6 pm_lag12 pm_lag24 pm_lag168 pm_mean6 pm_mean24 cal_hour_sin cal_hour_cos cal_dow cal_month_sin cal_month_cos cal_burning station wx_temperature_2m_t24 wx_relative_humidity_2m_t24 wx_wind_speed_10m_t24 wx_precipitation_t24 wx_wind_sin_t24 wx_wind_cos_t24 wx_wind_mean_next24 wx_rain_sum_next24 fire_upwind_48h fire_n_r100_300_72h
feature_infos=[0.047619047619047401:116] [0.047619047619047401:116] [0.047619047619047401:116] [0.047619047619047401:116] [0.047619047619047401:116] [0.047619047619047401:111] [0.047619047619047401:116] [0.047619047619047401:116] [1.7333333333333341:99.833333333333314] [4.239583333333333:94.916666666666686] [-1:1] [-1:1] [0:6] [-1:1] [-1:1] [0:1] -1:1:2:0 [16.5:39.299999999999997] [24:100] [0:29.300000000000001] [0:22] [-1:1] [-1:1] [2.7666666666666662:19.104166666666668] [0:69] [0:3724.8906262674295] [0:3450]
tree_sizes=5273 5520 5536 5528 5512 5455 5495 5530 5544 5554 5544 5529 5533 5470 5553 5515 5512 5530 5530 5513 5524 5489 5562 5563 5479 5550 5565 5577 5547 5533 5519 5514 5563 5571 5549 5563 5517 5578 5523 5566 5555 5560 5564 5556 5596 5616 5583 5587 5580 5542 5538 5570 5590 5566 5636 5599 5581 5620 5640 5596 5597 5589 5602 5578 5583 5599 5593 5627 5567 5619 5636 5623 5558 5600 5616 5612 5626 5587 5675 5619 5574 5625 5629 5636 5629 5593 5638 5678 5635 5651 5642 5695 5588 5603 5624 5616 5670 5655 5701 5679 5639 5601 5620 5664 5624 5614 5656 5656 5638 5625 5643 5680 5719 5687

Tree=0
num_leaves=63
num_cat=9
split_feature=0 0 0 24 24 0 24 0 0 0 26 14 6 7 0 13 6 16 26 16 7 19 14 16 22 14 13 7 24 4 14 14 24 16 1 14 7 26 19 26 16 26 6 26 22 7 22 26 22 7 5 16 24 26 26 9 16 26 16 24 24 16
split_gain=2.37548e+06 497972 337916 127853 127566 75243.3 72404.1 58622.6 32830.7 32308.8 30538.5 28445.4 25114.1 17107.1 16765.9 19336.1 16594.8 16494.5 15695.4 15139.7 13915.9 13109.8 13083.2 12714 11838.6 11343.5 10986.4 10456.7 9615.57 9439.57 9051.12 8833.2 8789.98 8631.06 8606.6 8570.4 8431.95 8313.43 8192.04 8080.52 7913.44 7724.46 7682.02 7583.64 7228.11 6842.74 6485.79 6477.07 6437.28 6281.08 6225.21 5746.99 5628.69 5394.13 5352.89 6140.18 5541.09 5244.89 4797.47 4783.07 4777.13 4757.55
threshold=26.525000000000002 16.925000000000001 41.050000000000004 0.2000000000000062 0.90000000000000424 11.950000000000001 0.10000000000000007 66.40000000000002 34.966666666666676 24.050000000000004 133.50000000000003 -0.24999999999999994 33.850000000000009 17.972972972972979 48.050000000000004 0.68301270189221941 31.950000000000003 0 657.50000000000011 1 37.050000000000004 11.850000000000003 0.25000000000000017 2 -0.91702515554752051 0.25000000000000017 0.68301270189221941 55.250000000000007 2.6000000000000045 69.500000000000014 0.25000000000000017 0.25000000000000017 4.6500000000000092 3 54.250000000000007 0.6830127018922193 41.050000000000004 995.00000000000011 7.9500000000000011 995.00000000000011 4 427.50000000000006 47.100000000000009 123.50000000000001 0.47714059151611404 39.050000000000004 0.73724926354828257 510.00000000000006 0.49240481012316878 34.033333333333339 45.029411764705891 5 0.35000000000000181 431.50000000000006 251.50000000000003 47.420833333333334 6 139.50000000000003 7 0.59999999999999887 15.350000000000003 8
decision_type=10 8 10 8 10 10 10 10 10 8 2 2 10 8 10 2 10 1 2 1 10 2 2 1 2 2 2 10 8 8 2 2 10 1 10 2 8 2 2 2 1 2 10 2 2 10 2 2 2 8 8 1 10 2 2 10 1 2 1 10 8 1
left_child=1 5 4 9 8 19 7 14 37 24 17 16 30 33 21 29 -8 25 -14 -1 42 47 -19 53 -3 -5 49 -25 -24 54 -11 -20 34 -7 58 43 -12 44 -39 -32 -38 -18 -17 -21 -2 -26 -36 61 -15 -9 -49 -46 -50 -10 55 -16 -56 -6 -13 -43 -27 -4
right_child=2 3 6 10 57 13 11 26 23 12 36 32 18 48 15 20 41 22 31 35 -22 -23 28 27 45 60 -28 -29 -30 -31 39 -33 -34 -35 46 -37 40 38 -40 -41 -42 59 -44 -45 51 -47 -48 50 52 -51 -52 -53 -54 -55 56 -57 -58 -59 -60 -61 -62 -63
leaf_value=21.495645286446805 21.909834177221867 21.618909073327231 22.05366427612352 21.576132231369044 21.693550083541645 21.507641891123146 21.929792521259895 23.022270814367221 21.911270410460101 21.718658318659855 21.651840121901984 21.796484325853335 21.928397391187097 21.499871753004108 22.64807615284051 22.750737044831972 22.185161331838607 21.453519858438195 22.048925975367755 21.311374487536852 23.181106515052289 22.035816553338396 21.692932761545705 22.161099809261056 21.761209073025491 21.750289086059706 23.271362269527991 22.528213026714326 21.51672329353578 22.772057142749905 21.884044896869298 22.503014441777285 21.782114668225606 21.406082363673097 22.110160966761768 21.472584949707944 21.621971379786046 22.394753568511398 22.0116424482874 22.280153568725975 21.845585856296829 22.304623134894968 22.320420235740997 21.441800391000683 21.913100902242775 21.986295544554686 22.527858830357992 22.658485715455718 21.699926196376307 22.589610712736608 22.268753566170563 22.039173524407722 21.535375685137144 22.160104918751205 22.378143271469618 22.302405743334059 22.072628560887424 21.813917235054536 22.059873692825523 22.563286283755112 21.580773358327821 22.347286597113182
leaf_weight=508 1352 553 56 2654 1209 1003 77 58 267 315 1444 78 146 2242 93 121 103 1656 58 6648 51 127 452 1239 1686 577 69 74 727 56 635 115 108 3023 81 344 202 80 135 50 483 92 54 427 452 131 57 112 307 63 55 1162 479 111 136 92 88 446 308 214 202 439
leaf_count=508 1352 553 56 2654 1209 1003 77 58 267 315 1444 78 146 2242 93 121 103 1656 58 6648 51 127 452 1239 1686 577 69 74 727 56 635 115 108 3023 81 344 202 80 135 50 483 92 54 427 452 131 57 112 307 63 55 1162 479 111 136 92 88 446 308 214 202 439
internal_value=21.6584 21.5162 22.0716 21.6595 21.9535 21.4006 22.3481 22.4732 22.0308 21.8067 21.5948 22.1613 21.9257 21.4719 22.4095 22.5174 22.3338 21.5615 22.1575 21.3372 22.745 22.315 21.5079 22.1377 21.7404 21.6057 22.9693 22.1818 21.5843 22.4068 21.8518 22.3508 22.0286 21.4314 22.0793 21.3264 21.693 21.9741 22.1542 21.913 21.7796 22.4099 22.618 21.3192 21.961 21.7774 22.2827 22.3686 21.5258 22.797 22.5301 22.0039 21.5996 21.9843 22.3568 22.4762 22.2581 21.726 22.0066 22.4855 21.7063 22.3141
internal_weight=36382 27067 9315 12086 6527 14981 2788 1670 4872 3689 8397 1118 1319 7054 1480 691 486 6268 319 7927 226 789 2835 1691 2370 3433 190 1313 1179 465 1000 173 632 4026 524 7419 2129 3181 215 685 685 409 175 7075 2966 1817 138 662 3028 121 167 1614 786 378 409 185 224 1655 386 306 779 495
internal_count=36382 27067 9315 12086 6527 14981 2788 1670 4872 3689 8397 1118 1319 7054 1480 691 486 6268 319 7927 226 789 2835 1691 2370 3433 190 1313 1179 465 1000 173 632 4026 524 7419 2129 3181 215 685 685 409 175 7075 2966 1817 138 662 3028 121 167 1614 786 378 409 185 224 1655 386 306 779 495
cat_boundaries=0 1 2 3 4 5 6 7 8 9
cat_threshold=1 1 2 1 2 2 1 2 2
is_linear=0
shrinkage=1


Tree=1
num_leaves=63
num_cat=6
split_feature=1 1 1 24 24 1 24 23 3 23 25 1 25 23 14 25 1 25 16 6 16 13 1 1 6 24 23 16 14 25 1 14 23 22 13 25 6 25 14 16 14 24 3 13 23 2 24 6 16 15 23 21 14 24 16 23 24 1 23 25 14 25
split_gain=2.21897e+06 459796 339033 123383 123096 68684.1 67550.7 63362.5 36854.5 36233.6 31858.3 26896.8 26774.2 21748 21276.8 19046.7 17659.4 16053.7 16111.5 15826.7 15714.6 15360.3 15161.6 14196.4 12397.2 11759.7 12257.4 11508.2 11156.5 11015 10195.7 10092.5 9808.22 11857.4 9622.91 12240.3 9540.62 8515.24 8069.23 7865 7715.56 7615.31 7443.37 6825.77 6700.58 6374.33 6347.58 6271.52 5633.55 5300.43 5282.31 5011.99 5010.45 4765.16 4720.61 4569.64 4552.96 4538.54 4419.57 4387.06 4319.28 4222.41
threshold=26.525000000000002 16.925000000000001 41.050000000000004 0.6000000000000022 0.2000000000000062 11.925000000000002 0.10000000000000007 6.2312500000000002 50.058823529411775 6.5604166666666677 661.02229742163161 16.925000000000001 99.899842482413405 8.047916666666671 -0.24999999999999994 761.79272449877044 67.500000000000014 91.747104074190801 0 32.975000000000009 1 0.68301270189221941 34.95000000000001 21.910000000000004 46.100000000000009 4.7500000000000098 7.8437500000000009 2 0.25000000000000017 114.1711555490914 21.050000000000004 0.93301270189221952 10.414583333333335 0.28400453026986811 0.68301270189221941 250.32212619520752 37.050000000000004 103.83616972096677 0.6830127018922193 3 0.25000000000000017 0.099999999999996911 43.100000000000009 0.93301270189221952 7.293750000000002 38.100000000000009 5.3000000000000096 41.95000000000001 4 1.0000000180025095e-35 5.731250000000002 0.70088257582277247 -0.5 2.4000000000000039 5 9.5520833333333339 4.4000000000000083 48.95000000000001 12.32291666666667 195.71162372091757 0.25000000000000017 41.731172410598738
decision_type=10 8 10 10 8 10 10 10 10 10 10 10 10 10 2 10 10 10 1 10 1 2 10 10 10 10 10 1 2 10 8 2 10 2 2 10 8 10 2 1 2 10 10 2 10 10 10 10 1 2 10 2 2 10 1 10 10 10 10 10 2 10
left_child=1 5 3 9 10 20 7 8 36 15 13 -12 23 52 19 24 32 18 -7 -8 61 -10 43 27 45 26 31 60 -20 38 -15 54 34 -34 51 -36 -4 -5 44 -14 -29 -24 -37 48 -22 -2 -21 58 49 -11 -25 -9 -3 -30 -16 -19 -39 -28 -32 -50 -6 -1
right_child=2 4 6 37 12 17 14 16 21 22 11 -13 39 30 25 -17 -18 55 28 46 29 -23 41 50 -26 -27 57 40 53 -31 47 -33 33 -35 35 42 -38 56 -40 -41 -42 -43 -44 -45 -46 -47 -48 -49 59 -51 -52 -53 -54 -55 -56 -57 -58 -59 -60 -61 -62 -63
leaf_value=-0.17654469947942208 0.42450658775143402 -0.02753823148459196 1.0574250968748873 0.050884115528505185 -0.089692311076636055 -0.13024341584456095 0.26471922018179078 0.68349812884704542 1.121558365706693 0.14611997637049395 0.8425629101649369 0.23939302580975569 -0.056506635630242177 -0.034828222077762649 0.57680422235380957 0.95396646058117895 1.097216925017974 -0.0036531968402108675 -0.2636498140626144 0.65868206653373917 -0.28337812058469436 1.6625068137224983 0.44943271578554123 0.075305713261641455 0.92942971023229448 0.068672941483949368 0.13227251112926749 -0.20339739842403573 -0.089982599850058118 -0.1297002728603921 0.12097219823979186 0.80740544309114148 0.61606392350018491 0.10716805504787652 0.52414182754123906 0.72953302081142146 0.70772032635211946 0.26954798773135219 -0.17409178071197459 0.095496295012381605 -0.086787252782530314 0.2581445243356118 1.1615237620353698 0.078370457908726834 -0.35087193521192966 0.63519196422289537 0.95082031804461808 0.36707838078088401 0.27674286766712303 0.31650041729184908 -0.045804848468116777 0.50729133044332264 0.21634175344077419 -0.21249839838430032 0.3007450430314722 -0.13619085175210033 0.074622252701144462 0.415920152542266 -0.039388099667939498 0.38343660699900906 0.014155711991289122 0.11355577091574669
leaf_weight=466 897 80 132 1545 1994 2096 82 531 88 404 101 195 428 749 111 81 85 507 2928 302 1790 102 866 398 52 95 120 1532 554 265 779 95 127 61 68 56 150 292 299 1078 766 239 100 152 5083 151 86 79 852 277 1746 200 1450 590 112 435 171 88 193 585 440 50
leaf_count=466 897 80 132 1545 1994 2096 82 531 88 404 101 195 428 749 111 81 85 507 2928 302 1790 102 866 398 52 95 120 1532 554 265 779 95 127 61 68 56 150 292 299 1078 766 239 100 152 5083 151 86 79 852 277 1746 200 1450 590 112 435 171 88 193 585 440 50
internal_value=7.57106e-05 -0.13757 0.398386 0.280621 0.000905733 -0.24796 0.675351 0.793586 1.08901 0.36697 0.146945 0.445204 -0.0622698 0.120433 0.491118 0.50999 0.680036 -0.180208 -0.197824 0.643403 -0.308531 1.41196 0.316923 -0.0873626 0.477297 0.375861 0.431342 -0.116378 -0.232611 -0.319639 0.0497491 0.548466 0.649012 0.450943 0.688004 0.860035 0.871412 0.0847034 -0.326657 0.0522976 -0.164527 0.408059 1.00645 0.27256 -0.333294 0.454863 0.723434 0.110023 0.286496 0.215423 -0.0233226 0.635288 0.20359 -0.153168 0.438156 -0.0648569 0.197556 0.252277 0.0891311 0.320178 -0.0709195 -0.148434
internal_weight=36426 27071 9355 6564 12008 15063 2791 1700 472 4556 3626 296 8382 3330 1091 1181 1228 7110 6168 470 7953 190 3375 6876 1100 621 526 4732 4072 7437 1800 318 1143 188 955 224 282 2008 7172 1506 2298 1105 156 2270 6873 1048 388 1051 2118 681 2144 731 1530 1144 223 942 463 208 972 1437 2434 516
internal_count=36426 27071 9355 6564 12008 15063 2791 1700 472 4556 3626 296 8382 3330 1091 1181 1228 7110 6168 470 7953 190 3375 6876 1100 621 526 4732 4072 7437 1800 318 1143 188 955 224 282 2008 7172 1506 2298 1105 156 2270 6873 1048 388 1051 2118 681 2144 731 1530 1144 223 942 463 208 972 1437 2434 516
cat_boundaries=0 1 2 3 4 5 6
cat_threshold=1 1 1 2 2 1
is_linear=0
shrinkage=0.03


Tree=2
num_leaves=63
num_cat=2
split_feature=0 0 0 24 24 24 23 8 26 0 23 26 26 2 26 6 23 16 0 0 24 8 14 26 23 26 5 24 26 26 16 8 14 23 23 1 14 22 23 26 23 23 23 9 24 9 9 13 26 24 26 22 23 1 13 5 26 0 24 23 26 19
split_gain=2.16852e+06 438894 324183 121373 112755 59622.2 65697.9 49406.1 40672 37431.3 33879.7 33688.5 24828.2 23291.9 20563.3 18195.1 17721.8 17645.3 17291.1 16746 13749.4 12901.8 11502.3 11485.2 11422.1 11644.5 15940.5 11252.1 11047 10855.2 10559 10491.6 10374.7 10297 9735.48 9667.01 9604.07 8105.52 7924.35 7848.97 7735.79 7272.92 6337.57 6467.57 6110.32 6058.52 5925.87 5709.36 5707.02 5599.95 5503.09 5286.83 5196.06 5172.64 5076.54 5233.6 5008.78 4951.24 4897.8 5295.1 4770.75 4764.24
threshold=26.525000000000002 15.920000000000002 41.050000000000004 0.40000000000000374 0.29999999999999649 1.0000000180025095e-35 6.0020833333333359 11.158333333333335 498.50000000000006 23.040000000000003 6.479166666666667 133.50000000000003 130.50000000000003 67.500000000000014 818.50000000000011 33.850000000000009 9.5854166666666689 0 52.100000000000009 33.850000000000009 0.90000000000000424 43.016666666666673 0.25000000000000017 242.50000000000003 11.227083333333335 502.00000000000006 56.050000000000004 5.0500000000000052 440.50000000000006 122.50000000000001 1 38.00833333333334 0.25000000000000017 8.8937500000000025 7.9979166666666694 51.20000000000001 0.6830127018922193 0.90255091666790865 5.7666666666666684 976.50000000000011 7.3187500000000023 6.2020833333333352 6.2562500000000014 27.170833333333338 12.300000000000004 29.293750000000003 39.352083333333333 0.93301270189221952 139.50000000000003 0.40000000000000807 105.50000000000001 0.71322329076259938 9.3812500000000032 51.20000000000001 0.68301270189221941 20.516666666666669 84.500000000000014 20.351190476190482 4.6500000000000092 6.7145833333333345 187.50000000000003 6.0500000000000007
decision_type=10 8 10 8 10 10 10 8 2 8 10 2 2 10 2 10 10 1 10 10 10 8 2 2 10 2 10 10 2 2 1 10 2 10 10 10 2 2 10 2 10 10 10 10 8 10 10 2 2 10 2 2 10 10 2 8 2 10 10 10 2 2
left_child=1 7 4 9 10 6 8 29 23 16 14 17 58 24 31 33 38 36 27 -12 42 -17 30 -4 25 34 -27 39 51 40 -9 54 -19 45 53 -10 -5 60 50 47 -1 -13 43 -6 -34 -11 -30 -14 -22 -24 -3 -21 -23 -8 55 -2 -44 -43 59 -7 -36 -20
right_child=2 3 5 11 20 12 13 22 35 15 19 41 18 -15 -16 21 -18 32 61 28 48 52 49 -25 -26 26 -28 -29 46 -31 -32 -33 44 -35 37 -37 -38 -39 -40 -41 -42 57 56 -45 -46 -47 -48 -49 -50 -51 -52 -53 -54 -55 -56 -57 -58 -59 -60 -61 -62 -63
leaf_value=-0.26837866522468429 0.7072075589776039 0.11444711513952775 1.072840526926834 -0.082649231981057975 0.11005696985338415 0.47207133399322626 0.61654655812158465 -0.15065834558221147 1.1507487470963422 0.21397148253768003 0.27058456343813586 0.15201973856985568 0.50809038368315951 1.1325251806935956 1.0752094617383232 0.2124318109146438 -0.06546861956548844 -0.20707767694301268 0.97124924182891847 0.26266473542574137 0.034267192676663401 0.72195461455513454 -0.050175087920963986 0.64120748231170366 0.32044921622160943 0.88436729662324154 0.38871725808146973 0.80425986991687248 0.61234672078418073 -0.16469802664866395 -0.24838111379247951 0.7169104042878518 -0.055956318999520402 0.072052799970660442 0.51505517728188455 1.6526507821484147 0.078555962944355198 0.60742673234393196 0.072110527507079442 0.072030419740411966 -0.34068043608963489 -0.043230176691730057 -0.0088191385116052189 0.4980126882255077 -0.20899080705416354 0.53917406890609054 0.31767782676678441 0.16255063890963792 0.1586234131687945 -0.16660329123795334 0.41521887880262975 0.41363716690651786 0.4092117164880037 0.84128266736296298 0.62167340304851537 0.38747469046909921 0.21875903268803892 0.060925437739027331 0.087532935354937891 0.17819904893329461 0.14552645203907316 0.69287248824430803
leaf_weight=1850 50 110 113 3459 56 128 311 1398 51 824 1950 355 309 93 58 163 933 1902 72 347 1230 102 542 109 93 329 71 77 289 429 3453 156 914 587 51 107 368 153 1654 54 4755 936 109 125 316 55 78 50 455 1184 109 524 90 131 125 587 432 732 94 97 82 239
leaf_count=1850 50 110 113 3459 56 128 311 1398 51 824 1950 355 309 93 58 163 933 1902 72 347 1230 102 542 109 93 329 71 77 289 429 3453 156 914 587 51 107 368 153 1654 54 4755 936 109 125 316 55 78 50 455 1184 109 524 90 131 125 587 432 732 94 97 82 239
internal_value=0.000375638 -0.135208 0.393618 -0.0147349 0.278234 0.663052 0.775335 -0.255663 1.12275 0.110092 0.372717 -0.0790382 0.493223 0.674866 0.527374 0.216011 0.041353 -0.110364 0.582362 0.325369 0.114782 0.408718 -0.196554 0.860913 0.640007 0.666354 0.796389 0.471317 0.411662 -0.310931 -0.220219 0.492762 -0.16317 0.169347 0.594906 1.49064 -0.0671479 0.458522 0.0945643 0.409242 -0.320429 0.0287202 0.224318 0.377982 -0.0952725 0.23432 0.54972 0.459965 0.0678471 -0.130042 0.264146 0.353491 0.575356 0.683154 0.446873 0.412571 0.172907 0.0024784 0.2694 0.34538 0.287225 0.75732
internal_weight=36605 27220 9385 13609 6571 2814 1694 13611 380 4627 4164 8982 1120 1314 976 1821 2806 6959 801 3188 2407 355 6577 222 1221 1128 400 490 1238 7034 4851 918 3132 1466 728 158 3827 286 1873 413 6605 2023 722 181 1230 879 367 359 1685 1726 219 871 192 442 762 637 541 1668 319 225 133 311
internal_count=36605 27220 9385 13609 6571 2814 1694 13611 380 4627 4164 8982 1120 1314 976 1821 2806 6959 801 3188 2407 355 6577 222 1221 1128 400 490 1238 7034 4851 918 3132 1466 728 158 3827 286 1873 413 6605 2023 722 181 1230 879 367 359 1685 1726 219 871 192 442 762 637 541 1668 319 225 133 311
cat_boundaries=0 1 2
cat_threshold=1 1
is_linear=0
shrinkage=0.03


Tree=3
num_leaves=63
num_cat=0
split_feature=0 0 0 24 24 8 24 0 23 25 0 23 26 26 26 23 7 0 0 7 25 24 13 0 1 26 7 24 12 23 7 26 23 26 9 13 26 12 26 23 7 23 7 12 5 26 23 24 12 13 23 9 22 9 22 22 23 26 0 24 25 22
split_gain=2.01719e+06 412792 293944 105352 101383 64745 57604.8 49122 30931.6 29779.6 28214.3 27296.1 26670.6 26251.3 23135.7 19274.8 18893.6 17870.2 15505.2 13623 13420.9 11756.9 11124.9 10476.6 10252.7 10248.3 10086 10046.3 8956.3 8929.74 7480.61 7458.77 7379.37 8874 14594.8 9948.43 7331.71 6874.38 6474 6478.33 6311.63 6130.77 6126.72 6101.71 5997.42 5985.9 5935.96 7229 5725.98 6297.24 5778.29 5435.49 5414.25 5224.78 5137.79 5042.17 5021.89 4873.18 4814.1 4796.21 4770.51 4699.19
threshold=26.525000000000002 16.925000000000001 41.050000000000004 0.40000000000000374 0.30000000000000371 12.008333333333335 0.10000000000000007 66.40000000000002 6.5604166666666677 573.8723554527138 16.925000000000001 6.8479166666666673 130.50000000000003 133.50000000000003 510.00000000000006 7.8958333333333348 42.95000000000001 34.966666666666676 52.100000000000009 17.972972972972979 91.747104074190801 5.1000000000000076 0.68301270189221941 23.040000000000003 19.714864864864868 440.50000000000006 27.952777777777786 3.2000000000000024 4.5000000000000009 7.3416666666666677 33.850000000000009 976.50000000000011 11.227083333333335 510.00000000000006 51.212500000000013 0.25000000000000006 663.50000000000011 1.5000000000000002 585.50000000000011 8.047916666666671 47.100000000000009 7.2666666666666684 35.016666666666673 3.5000000000000004 43.100000000000009 76.500000000000014 9.8770833333333368 0.40000000000000807 2.5000000000000004 -0.6830127018922193 5.377083333333335 40.339583333333344 0.71322329076259938 38.412878787878789 0.49240481012316878 0.59480013772226059 5.5708333333333355 95.500000000000014 10.425000000000002 0.20000000000000009 176.32095844613735 0.9426055981926128
decision_type=10 8 10 8 10 8 10 10 10 10 10 10 2 2 2 10 10 10 10 8 10 10 2 8 10 2 10 10 2 10 8 2 10 2 10 2 2 2 2 10 10 10 8 2 8 2 10 10 2 2 10 10 2 10 2 2 10 2 10 10 10 2
left_child=1 5 4 9 8 20 7 11 16 15 -11 14 -8 24 28 48 44 38 21 41 29 31 42 54 -5 55 -16 45 -4 -1 -15 36 33 35 -35 43 37 -14 39 -10 -25 -7 -9 61 -2 53 47 -21 49 -3 -51 -27 -47 -6 -17 -19 -26 -50 -31 -52 -20 -13
right_child=2 3 6 13 27 19 12 22 17 10 -12 32 18 30 26 23 -18 25 60 46 -22 -23 -24 40 56 51 -28 -29 -30 58 -32 -33 -34 34 -36 -37 -38 -39 -40 -41 -42 -43 -44 -45 -46 52 -48 -49 57 50 59 -53 -54 -55 -56 -57 -58 -59 -60 -61 -62 -63
leaf_value=-0.24998639289163371 0.43810226609884761 0.39829181235425076 0.66731520433792701 -0.13381132276638841 0.035701411925776548 -0.14931226643158485 0.24102871634399714 1.2606852111449609 0.30839897109360631 0.77017662830650802 0.20875041653729895 0.5783010721206665 0.61178937516429199 -0.018144090474897106 0.95083322074315324 -0.066845632103995092 0.92445575902041266 0.23296059583729886 0.83644174761939472 0.0058606916852295392 -0.11797421106428374 0.82757341237210513 1.4972461243750343 0.089086260580450868 0.03224866166211119 0.61263043608341827 1.4667612808942794 0.042383123042472007 0.9932339307152187 -0.33653481773044291 0.1044486084792519 0.063379250476853194 0.34227772013735519 0.84277720028286174 0.39979015860999567 0.32389662254363932 0.74477578409256462 0.29846013630765517 0.38522524462443836 0.19304761859521452 0.36370932819972557 -0.23050589378467198 0.8207261803036644 0.47710306784195927 0.74317625561068135 0.18137566735292426 -0.18614844590949703 -0.12321251737417818 0.022039939817161326 0.43271847616685066 0.18759073122916087 0.30156927979772996 0.39201299928340849 0.34975766262141139 0.05536201972908833 0.40144315474167469 -0.073454052439130391 0.17029600046465307 -0.27409196930197688 -0.072825491093609418 0.58908070450069516 0.85199289630199293
leaf_weight=2322 898 158 325 3149 358 1235 335 52 711 112 287 110 88 1077 73 788 85 235 171 512 384 67 71 814 492 256 64 1131 99 4154 767 52 97 270 89 141 62 222 311 1142 83 2597 63 161 62 589 851 1646 310 76 497 63 135 55 510 500 2275 560 1517 73 119 116
leaf_count=2322 898 158 325 3149 358 1235 335 52 711 112 287 110 88 1077 73 788 85 235 171 512 384 67 71 814 492 256 64 1131 99 4154 767 52 97 270 89 141 62 222 311 1142 83 2597 63 161 62 589 851 1646 310 76 497 63 135 55 510 500 2275 560 1517 73 119 116
internal_value=-0.000863699 -0.131485 0.378633 -0.000139332 0.267741 -0.235299 0.63302 0.741373 0.353955 0.11958 0.366344 0.685923 0.464957 -0.0659849 0.852925 0.0941317 0.495762 0.307904 0.561008 -0.166824 -0.291218 0.458279 1.20197 0.0356557 -0.0967906 0.409203 1.19185 0.10569 0.743414 -0.299541 0.0328476 0.399923 0.590711 0.617879 0.732956 0.539635 0.446967 0.387405 0.258566 0.237308 0.114497 -0.204338 1.01966 0.618237 0.457805 0.168663 -0.119049 -0.092589 0.170807 0.228524 0.187001 0.551198 0.220652 0.0775249 -0.0188288 0.347575 -0.0546591 0.117469 -0.319831 0.154239 0.734938 0.71878
internal_weight=36624 27246 9378 12028 6531 15218 2847 1731 4263 4268 399 1545 1116 7760 561 3869 1045 3218 781 6841 8377 491 186 2195 5916 1054 137 2268 424 7993 1844 424 984 887 359 528 372 310 2164 1853 897 3832 115 387 960 1137 3009 2158 1674 804 646 319 724 413 1298 735 2767 870 5671 570 290 226
internal_count=36624 27246 9378 12028 6531 15218 2847 1731 4263 4268 399 1545 1116 7760 561 3869 1045 3218 781 6841 8377 491 186 2195 5916 1054 137 2268 424 7993 1844 424 984 887 359 528 372 310 2164 1853 897 3832 115 387 960 1137 3009 2158 1674 804 646 319 724 413 1298 735 2767 870 5671 570 290 226
is_linear=0
shrinkage=0.03


Tree=4
num_leaves=63
num_cat=5
split_feature=0 0 0 24 24 1 8 24 0 23 13 26 25 25 24 23 23 16 23 23 26 2 26 26 24 16 22 16 0 26 12 14 13 14 26 25 5 25 23 23 14 23 23 26 22 24 0 16 26 26 16 14 25 23 26 22 23 1 25 5 26 12
split_gain=1.89736e+06 392724 271775 113238 86010.2 69757.7 41725.4 39688.7 32986.6 31026 32401.6 27407.2 23816.6 22449.6 19236.3 18367.1 17533.7 16931.5 16838.2 15135.2 12643.5 12277.4 11954.3 12823 11426.3 10443.7 9901.95 9678.47 9600.9 8975.37 8950.73 8925.96 8856.12 8658.03 8632.5 8343.37 7834.14 7461.31 8132.38 6787.91 6724.11 6720.81 6411.99 6397.38 6302.39 6095.03 6017.89 5741.53 5612.43 5573.21 5527.93 5468.88 5240.99 5188.96 5134.73 8246.19 5299.82 5073.75 4965.9 4941.23 4847.85 6029.66
threshold=26.525000000000002 15.44761904761905 39.050000000000004 0.40000000000000374 0.90000000000000424 50.058823529411775 11.175000000000001 0.19999999999999998 23.040000000000003 7.6104166666666684 0.68301270189221941 133.50000000000003 635.70296873523898 819.21611965807267 0.4000000000000003 6.5604166666666677 9.5854166666666689 0 6.0291666666666677 6.4458333333333355 308.50000000000006 40.050000000000004 440.50000000000006 178.50000000000003 0.80000000000000815 1 0.49240481012316878 2 32.050000000000004 1351.0000000000002 4.5000000000000009 0.25000000000000017 0.68301270189221941 0.6830127018922193 498.50000000000006 116.32063448859454 55.250000000000007 91.747104074190801 6.8208333333333355 9.2895833333333346 0.25000000000000017 9.4520833333333361 11.439583333333335 944.50000000000011 0.68832836526074803 12.300000000000004 58.050000000000004 3 663.50000000000011 880.00000000000011 4 0.6830127018922193 604.9298509983513 7.168750000000002 663.50000000000011 0.93038214053199464 10.489583333333337 38.100000000000009 98.215487781376439 40.050000000000004 33.500000000000007 2.5000000000000004
decision_type=10 8 10 8 10 10 10 10 8 10 2 2 10 10 10 10 10 1 10 10 2 8 2 2 10 1 2 1 10 2 2 2 2 2 2 10 10 10 10 10 2 10 10 2 2 8 10 1 2 2 1 2 10 10 2 2 10 8 10 10 2 2
left_child=1 6 4 8 13 7 27 15 16 10 14 17 40 19 46 30 37 33 -12 57 -9 -14 23 -17 -22 51 58 -1 44 49 52 -19 59 -5 42 53 54 -3 -39 -25 -10 -34 47 -38 -21 -33 -7 -30 -26 -15 -13 -8 -4 -29 55 -11 -56 -2 -27 -24 61 -42
right_child=2 3 5 11 -6 9 25 20 12 36 18 50 21 29 -16 22 -18 31 -20 28 24 -23 32 39 48 26 -28 35 34 -31 -32 45 41 -35 -36 -37 43 38 -40 -41 60 -43 -44 -45 -46 -47 -48 -49 -50 -51 -52 -53 -54 -55 56 -57 -58 -59 -60 -61 -62 -63
leaf_value=-0.12621202911348325 0.38441225126963302 0.030176918682025086 0.62905945513850059 -0.075691792653876197 0.056424206099439954 0.76176512878623936 -0.13547318063946046 0.21000949687974749 0.089195061227676037 0.42676064673133873 1.4836636099062468 -0.047811302249007599 0.27228655855357647 0.52359322724772284 0.37527847877846043 0.57997612913420726 -0.064234305727902091 -0.19338478674594933 0.91795647020693183 0.17726310180035362 0.22547216302770023 0.78174276666326836 0.6031636659722579 0.38466450959559023 0.49973527501125148 -0.24275248199697066 -0.12016272295088358 -0.25887846138804171 0.19004188511706116 0.29252012364152402 1.0732658950227205 -0.05173636937331335 0.98237808240376978 0.07610495352193733 0.47253428572676326 -0.11611663097970633 0.59657587315583105 0.27027392982868503 0.089232003329670087 0.088897120945003558 0.52206346179576635 0.63967194772055069 0.088088116221427912 0.25756834044268256 0.28835893241515931 -0.20615043146796644 1.0339845434357138 0.35944951873555192 0.87418360386575966 0.89672387669201592 0.056707000448598742 0.084441260050110711 0.90045490014553076 -0.32028213341209777 1.0248452463665525 0.82833587069151005 0.62964280620217317 0.65275994712815555 -0.12781195558439595 0.21150808721780776 0.18967121451334645 0.14093601799780323
leaf_weight=304 940 842 321 3530 1553 158 1535 454 580 99 114 686 80 61 85 258 929 1988 81 1064 102 91 57 243 101 3295 905 1644 241 54 61 918 65 374 298 217 147 341 647 98 94 248 125 76 809 307 136 712 56 88 1355 109 80 5023 74 86 52 68 377 59 916 62
leaf_count=304 940 842 321 3530 1553 158 1535 454 580 99 114 686 80 61 85 258 929 1988 81 1064 102 91 57 243 101 3295 905 1644 241 54 61 918 65 374 298 217 147 341 647 98 94 248 125 76 809 307 136 712 56 88 1355 109 80 5023 74 86 52 68 377 59 916 62
internal_value=-0.000329904 -0.127134 0.368891 -0.0144165 0.248703 0.587159 -0.242635 0.489503 0.107341 0.781326 0.934445 -0.0753353 0.206366 0.315656 0.772769 0.577588 0.0419108 -0.103128 1.24868 0.300958 0.305428 0.543401 0.506976 0.420399 0.472686 -0.18575 -0.209046 -0.291867 0.269451 0.623877 0.734705 -0.154134 0.627861 -0.0611498 0.329618 -0.299182 0.616738 0.0957953 0.151717 0.299664 0.171479 0.710841 0.290111 0.48104 0.225248 -0.0904344 0.88769 0.316609 0.633296 0.743966 0.0215774 -0.120892 0.683203 -0.305141 0.714039 0.613439 0.861746 0.402515 -0.230952 0.40396 0.215999 0.37059
internal_weight=36473 27149 9324 13740 6013 3311 13409 2203 4582 1108 574 9158 1823 4460 379 1490 2759 7117 195 4257 713 171 1028 599 259 6221 4577 7188 3249 203 462 3213 429 3904 1376 6884 534 1830 988 341 1652 313 1078 223 1873 1225 294 953 157 149 2041 1644 401 6667 311 185 126 1008 3672 116 1072 156
internal_count=36473 27149 9324 13740 6013 3311 13409 2203 4582 1108 574 9158 1823 4460 379 1490 2759 7117 195 4257 713 171 1028 599 259 6221 4577 7188 3249 203 462 3213 429 3904 1376 6884 534 1830 988 341 1652 313 1078 223 1873 1225 294 953 157 149 2041 1644 401 6667 311 185 126 1008 3672 116 1072 156
cat_boundaries=0 1 2 3 4 5
cat_threshold=1 1 1 2 2
is_linear=0
shrinkage=0.03


Tree=5
num_leaves=63
num_cat=6
split_feature=0 0 0 24 24 0 0 25 24 0 0 26 26 0 25 24 16 5 0 16 16 25 7 24 24 19 12 26 16 26 25 7 17 7 25 16 7 7 19 22 22 21 13 7 16 22 5 6 26 24 22 12 13 25 26 13 21 13 13 21 0 26
split_gain=1.7906e+06 366830 281081 94985.5 93198.5 56815.6 52229 27782.5 25600.8 25011.9 23533.8 22655.1 21784.7 21720.5 14323.1 13877.9 13198.5 12748.3 12608.1 12222.7 11279.2 10799.3 12204.5 10740.3 10040.7 8663.15 12034 10243.7 8331.6 8283.69 8063.5 8051.73 7955.23 7533.76 7467.26 6867.11 8176.48 6790.71 6691.91 6277.46 6233.59 6142.81 6053.95 5995.63 5956.93 5854.35 5743.9 5531.36 5396.16 5345.6 5225.39 5123.91 6297.49 5098.35 5191.85 4793.54 4770.42 4651.29 4643.05 4509.56 4196.16 4858.37
threshold=26.525000000000002 16.925000000000001 41.050000000000004 0.29999999999999649 0.2000000000000062 11.950000000000001 52.100000000000009 573.8723554527138 0.10000000000000007 16.925000000000001 33.850000000000009 130.50000000000003 116.50000000000001 66.40000000000002 98.215487781376439 1.0000000180025095e-35 0 54.20000000000001 21.255000000000006 1 2 761.79272449877044 41.050000000000004 0.90000000000000424 1.4000000000000077 10.15 4.5000000000000009 510.00000000000006 3 1099.0000000000002 819.21611965807267 40.050000000000004 27.950000000000003 44.100000000000009 34.763010141212753 4 40.050000000000004 27.027777777777782 6.2500000000000009 0.39873388578253677 -0.77159520228797429 -0.15643446504023087 0.68301270189221941 37.050000000000004 5 -0.85260769842926898 20.516666666666669 30.800000000000001 139.50000000000003 0.10000000000000488 0.93038214053199464 2.5000000000000004 0.93301270189221952 203.13303607636121 657.50000000000011 -0.5 0.15643446504023087 0.68301270189221941 0.68301270189221941 0.30069434954884211 33.850000000000009 251.50000000000003
decision_type=10 8 10 10 8 10 10 10 10 10 10 2 2 10 10 10 1 10 8 1 1 10 8 10 8 2 2 2 1 2 10 10 2 10 10 1 8 10 2 2 2 2 2 10 1 2 8 10 2 10 2 2 2 10 2 2 2 2 2 2 10 2
left_child=1 5 3 10 7 20 8 18 25 -9 30 16 49 17 19 42 37 38 40 -7 -1 28 -23 -5 55 27 44 56 -12 -19 46 -29 -10 45 -22 -13 -37 -6 58 -21 -3 -34 50 -42 -27 -20 -2 -40 -25 -8 -15 52 57 54 -43 -18 -4 -48 -14 -49 61 -50
right_child=2 4 6 23 11 14 12 9 32 -11 21 35 13 15 -16 -17 24 29 33 39 34 22 -24 48 -26 26 -28 31 -30 -31 -32 -33 41 -35 -36 36 -38 -39 47 -41 43 53 -44 -45 -46 -47 51 59 60 -51 -52 -53 -54 -55 -56 -57 -58 -59 -60 -61 -62 -63
leaf_value=-0.14099264239655038 0.43258812147192655 -0.073433479342771613 0.67012909306507362 0.19910676934633484 -0.060920023309850656 -0.11747016368898994 0.64338093413246999 0.74054644389774482 0.27333951316331512 0.20760902760747602 0.27353276075063904 -0.048128253720127613 0.84612055944544917 0.84671248015235445 -0.049952278513158893 0.7409990120508585 0.043655060702389441 0.66874716535374357 0.050963749992114317 -0.22578261046545084 -0.29529019278152285 0.45353275230713191 1.0510109573364259 0.02703672939486168 -0.16329159036903354 0.29811326187307186 0.0579558486179872 0.72851305654886145 0.43554542432248172 0.26227615524083375 0.51397979114876413 1.16073853225708 0.67029315345427576 0.37424888898504943 -0.19157015168660343 0.013214606759718622 0.16149978517991706 0.061847143933165136 1.0205117338390672 -0.13493825460019096 0.047074243678406777 0.37433164604125835 1.4229530441761018 0.33042838631223326 0.66811030538204841 0.16693892251613726 0.30868961223195623 0.81226810273477579 0.21722293992936612 0.25081581768151873 1.2613473451743693 0.21395067110508229 0.057046278197318313 0.22567779722471473 0.74957409185521739 -0.11666018051699328 0.5001972749061192 0.53684053472850635 1.2307395834671824 0.52851551328193047 0.29083839349164309 -0.012807383793304958
leaf_weight=518 168 391 304 705 2916 2099 54 115 360 255 368 702 56 51 928 83 362 182 562 3226 6791 80 50 1235 2153 55 55 173 1277 60 122 50 102 123 688 939 520 471 59 869 847 95 72 73 136 1293 639 118 150 74 59 1321 80 98 51 313 291 92 57 88 131 184
leaf_count=518 168 391 304 705 2916 2099 54 115 360 255 368 702 56 51 928 83 362 182 562 3226 6791 80 50 1235 2153 55 55 173 1277 60 122 50 102 123 688 939 520 471 59 869 847 95 72 73 136 1293 639 118 150 74 59 1321 80 98 51 313 291 92 57 88 131 184
internal_value=0.000352472 -0.123112 0.357578 0.250983 0.000475394 -0.22149 0.61045 0.126786 0.512131 0.373252 0.337122 -0.0547026 0.782242 0.83515 -0.159865 1.06248 -0.0837958 0.737985 0.0990596 -0.176333 -0.276372 0.420104 0.683332 0.10066 -0.13164 0.605069 0.448971 0.652013 0.399302 0.567969 0.276307 0.825425 0.372066 0.146879 -0.285749 0.0289692 0.0660647 -0.0438479 0.846831 -0.206505 0.0269113 0.474786 1.20909 0.0695578 0.561567 0.131803 0.2637 0.764405 0.0598336 0.416429 1.06911 0.250391 0.309748 0.393058 0.505409 -0.0306837 0.58702 0.337404 1.04013 0.691053 0.146939 0.0904996
internal_weight=36539 27154 9385 6602 12035 15119 2783 3659 1770 370 4197 8376 1013 885 7122 265 6215 620 3289 6194 7997 1775 130 2405 2828 1064 246 818 1645 242 2422 223 706 1978 7479 2161 1459 3387 378 4095 1311 346 182 920 191 1855 2300 265 1700 128 110 2132 811 244 146 675 595 731 113 206 465 334
internal_count=36539 27154 9385 6602 12035 15119 2783 3659 1770 370 4197 8376 1013 885 7122 265 6215 620 3289 6194 7997 1775 130 2405 2828 1064 246 818 1645 242 2422 223 706 1978 7479 2161 1459 3387 378 4095 1311 346 182 920 191 1855 2300 265 1700 128 110 2132 811 244 146 675 595 731 113 206 465 334
cat_boundaries=0 1 2 3 4 5 6
cat_threshold=1 1 1 2 2 2
is_linear=0
shrinkage=0.03


Tree=6
num_leaves=63
num_cat=5
split_feature=8 8 1 24 24 24 1 8 1 25 25 1 14 1 12 19 13 7 12 9 7 1 25 21 16 16 25 5 1 16 14 6 21 13 7 12 13 21 25 7 7 8 19 25 17 24 13 7 14 25 14 14 24 25 19 25 9 16 24 21 7 16
split_gain=1.6531e+06 363882 240716 109898 79106.2 53980.8 44232.1 31941 30171.4 27056.5 23325.8 21642.3 19599.1 16604.7 15876.7 15757.3 20124.1 15767.2 12353.4 11639.4 11059.2 9052.06 8874.99 8789.23 8591 8535.04 8455.07 8093.23 8064.14 7739.83 7716.55 7641.01 7316.33 7056.43 7505.44 6941.38 7322.81 6903.03 6862.41 6675.4 5953.54 5660.71 5645.58 5568.2 5456.01 5432.54 5308.52 5243.02 5187.31 5116.54 4999.94 5467.86 4577.21 4393.66 4389.67 4246.95 4220.26 4015.64 3882.88 3825.52 3681.87 3671.45
threshold=26.751126126126128 15.16666666666667 41.050000000000004 0.2000000000000062 0.90000000000000424 0.10000000000000007 66.40000000000002 10.670987654320991 24.050000000000004 98.215487781376439 573.8723554527138 34.033333333333339 -0.24999999999999994 19.714864864864868 1.5000000000000002 9.4500000000000011 0.68301270189221941 37.050000000000004 5.5000000000000009 35.506250000000009 15.125000000000002 18.025000000000002 661.02229742163161 0.40673664307580032 0 1 819.21611965807267 32.050000000000004 50.058823529411775 2 0.25000000000000017 32.975000000000009 0.069756473744125413 0.68301270189221941 35.016666666666673 2.5000000000000004 0.93301270189221952 0.28400453026986799 91.747104074190801 32.050000000000004 41.050000000000004 48.733333333333341 5.5500000000000007 478.49480366696014 29.650000000000002 8.3500000000000103 1.0000000180025095e-35 43.100000000000009 0.25000000000000017 18.519532002218497 -0.5 0.6830127018922193 0.40000000000000374 103.83616972096677 9.8500000000000032 91.747104074190801 33.96145833333334 3 4.3500000000000041 -0.061046214993534749 32.925000000000004 4
decision_type=10 8 8 8 10 10 10 10 8 10 10 10 2 10 2 2 2 10 2 8 8 10 10 2 1 1 10 8 10 1 2 10 2 2 8 2 2 2 10 10 8 10 2 10 2 8 2 10 2 10 2 2 8 10 2 10 10 1 10 2 10 1
left_child=1 7 4 8 11 6 15 38 21 13 46 26 18 25 37 16 27 28 31 -12 -9 55 29 -17 -11 52 35 42 -18 -13 -27 -7 -24 34 -8 36 50 -14 48 -16 -26 -41 -4 -29 -25 -32 -10 -23 -1 61 -2 -52 -5 -6 -31 -3 -37 -53 -55 -28 -57 -22
right_child=2 3 5 9 53 12 33 20 10 24 19 22 14 -15 39 23 17 -19 -20 -21 49 47 32 44 40 30 59 43 -30 54 45 -33 -34 -35 -36 56 -38 -39 -40 41 -42 -43 -44 -45 -46 -47 -48 -49 -50 -51 51 57 -54 58 -56 60 -58 -59 -60 -61 -62 -63
leaf_value=-0.29645952904642925 0.10489813414402306 -0.098824622879791366 1.0705423058509826 0.15477848673860459 0.030931827430872468 0.23416421860456466 1.2252126022920768 -0.22168088172405911 0.26035187506429369 -0.054324730113477777 0.31785101073682304 0.24694349805601931 0.80228614312799074 -0.03595539614067654 0.1545920856368026 0.58086340079105447 0.66687259229550877 1.3034838354765479 0.94074877952461811 0.78811567544937133 -0.13323535297967989 0.089537960332774238 0.89960346168941918 0.12978244342717779 0.038172671405935478 -0.19320339192689309 0.70074877760410303 0.60875158224525394 1.0434341968716803 0.44182159382888225 -0.023528515298456707 0.56357490088900863 0.43626656771335798 1.3637881146616009 0.75613366479054089 0.18734210636577248 0.080895835923769602 0.39277600975334642 -0.12355146537751567 0.2186590760972883 0.17629376028745952 0.57476942538053954 0.68076335053632753 0.38786277541260078 0.48281731601357458 -0.18558428034057903 0.13346333165287971 0.38207296979270483 -0.2156382398362392 -0.10032687800917937 0.48011713352694385 0.18716569285539877 -0.087875413767384489 0.27154164174261192 0.30936411793620938 -0.0024197732721180686 0.29860607827011182 0.35220365333490355 0.051988496433382166 0.36781216837556624 0.20452793441977549 -0.2198049214349232
leaf_weight=5264 80 357 50 72 1204 78 59 3493 491 566 100 339 69 3590 341 261 166 67 67 90 858 1690 54 83 796 1784 50 537 74 912 520 338 71 67 64 1399 116 80 245 84 434 77 101 127 75 290 750 57 827 1362 227 177 2473 144 299 417 393 530 146 82 95 907
leaf_count=5264 80 357 50 72 1204 78 59 3493 491 566 100 339 69 3590 341 261 166 67 67 90 858 1690 54 83 796 1784 50 537 74 912 520 338 71 67 64 1399 116 80 245 84 434 77 101 127 75 290 750 57 827 1362 227 177 2473 144 299 417 393 530 146 82 95 907
internal_value=0.000418145 -0.115401 0.351241 -0.0125548 0.24648 0.578791 0.68419 -0.231076 0.120307 -0.063642 0.231059 0.306599 0.417904 -0.0854601 0.310477 0.630941 0.689564 0.896575 0.562698 0.540608 -0.184993 0.059724 0.393259 0.473958 0.0423993 -0.120043 0.25907 0.611586 0.782979 0.373648 -0.158338 0.50181 0.636428 1.11607 0.981139 0.248461 0.306689 0.582415 -0.279224 0.229762 0.0869081 0.388973 0.809829 0.566503 0.297362 -0.0815485 0.183667 0.0990826 -0.285486 -0.144012 0.332519 0.352016 -0.0810105 0.0561809 0.409117 -0.0194008 0.211743 0.310886 0.161008 0.493925 0.0359787 -0.177722
internal_weight=36616 27528 9088 14572 6223 2865 1731 12956 4047 10525 1431 4729 1134 8729 651 1541 1122 307 483 190 6620 2616 1675 419 1796 5139 3054 815 240 1550 2594 416 125 190 123 2922 1130 149 6336 502 1230 161 151 664 158 810 1241 1747 6091 3127 1014 934 2545 1494 1211 869 1792 707 290 132 512 1765
internal_count=36616 27528 9088 14572 6223 2865 1731 12956 4047 10525 1431 4729 1134 8729 651 1541 1122 307 483 190 6620 2616 1675 419 1796 5139 3054 815 240 1550 2594 416 125 190 123 2922 1130 149 6336 502 1230 161 151 664 158 810 1241 1747 6091 3127 1014 934 2545 1494 1211 869 1792 707 290 132 512 1765
cat_boundaries=0 1 2 3 4 5
cat_threshold=2 1 2 2 1
is_linear=0
shrinkage=0.03


Tree=7
num_leaves=63
num_cat=4
split_feature=0 0 0 24 24 8 24 23 26 23 26 0 26 25 7 26 1 0 23 16 25 17 23 25 8 26 24 24 26 26 7 16 9 16 13 8 26 5 21 7 7 23 13 21 9 9 23 23 23 26 9 23 9 13 23 23 25 26 0 16 26 23
split_gain=1.5903e+06 329650 251384 88537.3 77309.9 52199.1 48422.7 41418.2 28061.2 26521.6 25056.3 24662.2 22152.4 21522.5 15502.1 15373.3 15156.4 14357.1 13461.1 13434.9 13305.7 11320.6 11237.3 11137.3 10778.3 10618.3 10280.5 10261.4 9310.54 9169.8 8338.63 8296 7812.78 7220.48 7667.11 7209.49 6772.12 17117.1 8150.61 6506.9 5807.98 5545.95 5545.37 5491.58 5314.54 5302.54 5271.5 5164.31 4920.2 4749 4692.75 6680.46 4672.91 5808.75 4728.82 4643.64 4601.92 4582.98 4569.6 4495.69 4294.21 4903.42
threshold=26.525000000000002 16.925000000000001 41.050000000000004 0.20000000000000187 0.40000000000000374 12.008333333333335 0.10000000000000007 6.0895833333333345 498.50000000000006 6.5604166666666677 130.50000000000003 24.050000000000004 133.50000000000003 604.9298509983513 15.920000000000002 880.00000000000011 67.500000000000014 33.850000000000009 9.7812500000000018 0 187.31191991825128 25.850000000000005 7.7645833333333352 91.747104074190801 30.349999999999998 663.50000000000011 3.2000000000000024 0.90000000000000424 440.50000000000006 211.50000000000003 33.850000000000009 1 48.848076923076931 2 0.68301270189221941 38.350000000000009 537.50000000000011 56.050000000000004 0.30069434954884211 15.425000000000002 27.027777777777782 7.3416666666666677 -0.6830127018922193 -0.12186934340514723 39.352083333333333 38.839743589743598 5.939583333333335 6.8208333333333355 10.577083333333336 176.50000000000003 25.754166666666674 5.4937500000000012 21.169642857142861 0.68301270189221941 5.3333333333333348 5.5708333333333355 76.471353054728823 525.00000000000011 20.025000000000002 3 184.00000000000003 7.0979166666666673
decision_type=10 8 10 10 8 8 10 10 2 10 2 8 2 10 10 2 8 10 10 1 10 2 10 10 8 2 10 10 2 2 8 1 10 1 2 10 2 10 2 8 10 10 2 2 10 10 10 8 10 2 8 10 8 2 10 10 10 2 10 1 2 10
left_child=1 5 3 9 11 23 7 8 29 15 -8 18 19 42 -10 35 33 -11 46 40 21 -12 26 31 -15 32 -7 50 -19 -4 58 -1 -23 34 -9 52 38 59 -35 -24 -6 -33 -13 -22 -30 -44 -3 -21 -45 -32 -5 -52 -2 54 -54 -42 -29 -51 -14 -38 -40 -62
right_child=2 4 6 27 12 22 10 16 14 17 20 13 30 24 -16 -17 -18 28 -20 47 43 25 39 -25 -26 -27 -28 56 44 -31 49 41 -34 36 -36 -37 37 -39 60 -41 55 -43 45 48 -46 -47 -48 -49 -50 57 51 -53 53 -55 -56 -57 -58 -59 -60 -61 61 -63
leaf_value=-0.14216636354388656 0.65783710104768922 0.21476764359055681 0.91058012535443167 0.028349314601436047 -0.059282695087069452 -0.03081997180784116 0.2041880387092114 0.15153065154819109 0.83471425173417568 0.22475905463839455 1.0417759619951248 0.34465118153049396 -0.075658622579953649 0.24703405712489726 1.4671914183392245 0.92767127875624034 0.94233545319736001 0.30513996181157327 -0.046423095552035089 -0.080565279921141042 0.61903760647773742 0.25095763598169596 -0.22151750795362593 -0.0990024638412937 0.70956784340941781 0.77231590350468948 -0.14792079939704206 0.020542963060089323 0.55159459588252924 0.567340337580308 0.33641204487262782 -0.23308546512045464 0.58121735978559286 0.62778215362158196 0.58833780397175117 0.62368393995293547 0.64517068104434971 0.23792806764598934 0.5370576473195916 -0.1447175592914566 0.30050309929935659 -0.29057368401284056 0.12293363844461251 0.41225410029028769 0.25646566896334938 0.41493442448519041 0.07459050651525434 -0.16691051828942516 0.14185104894021958 0.019003164146220008 0.45397045399873487 0.17826187829629628 0.44970312965102494 0.56040758493469978 0.27738404538849709 0.018628532869634049 0.13057539163251258 0.17641166122591831 0.047396460872362642 0.87316687620603128 0.53308238946929054 0.19110360292303893
leaf_weight=451 55 282 148 142 2864 1107 337 76 53 1869 50 130 581 81 102 58 100 848 881 1002 60 105 1850 371 103 144 1728 1216 269 133 76 2090 167 336 69 140 136 64 138 2143 61 5445 1090 145 69 59 1679 1650 104 389 93 529 216 123 426 382 476 291 510 182 58 108
leaf_count=451 55 282 148 142 2864 1107 337 76 53 1869 50 130 581 81 102 58 100 848 881 1002 60 105 1850 371 103 144 1728 1216 269 133 76 2090 167 336 69 140 136 64 138 2143 61 5445 1090 145 69 59 1679 1650 104 389 93 529 216 123 426 382 476 291 510 182 58 108
internal_value=-0.000661362 -0.116299 0.337144 0.23497 0.000439612 -0.209406 0.574122 0.674665 0.92687 0.320757 0.420143 0.102505 -0.0558491 0.202583 1.25093 0.453373 0.587876 0.276566 0.0509863 -0.0839852 0.514049 0.615271 -0.147871 -0.259683 0.505952 0.564008 -0.102196 0.0927034 0.358207 0.748121 0.0349268 -0.267147 0.453727 0.557502 0.359391 0.424717 0.58561 0.685568 0.525948 -0.1803 -0.0436465 -0.274628 0.158939 0.361397 0.491346 0.137928 0.0947486 -0.134287 0.299315 0.111502 0.18396 0.219485 0.390747 0.371545 0.335361 0.057442 0.0514977 0.0863647 -0.0181352 0.775659 0.413394 0.31059
internal_weight=36640 27296 9344 6529 12111 15185 2815 1703 436 4073 1112 4305 7806 1463 155 1018 1267 3055 2842 5959 775 466 6828 8357 184 416 2835 2456 1186 281 1847 7986 272 1167 145 960 1022 382 640 3993 3307 7535 1279 309 338 1149 1961 2652 249 756 764 622 820 765 642 443 1692 680 1091 318 304 166
internal_count=36640 27296 9344 6529 12111 15185 2815 1703 436 4073 1112 4305 7806 1463 155 1018 1267 3055 2842 5959 775 466 6828 8357 184 416 2835 2456 1186 281 1847 7986 272 1167 145 960 1022 382 640 3993 3307 7535 1279 309 338 1149 1961 2652 249 756 764 622 820 765 642 443 1692 680 1091 318 304 166
cat_boundaries=0 1 2 3 4
cat_threshold=1 1 2 4
is_linear=0
shrinkage=0.03


Tree=8
num_leaves=63
num_cat=4
split_feature=8 8 1 24 24 1 24 23 25 8 25 23 24 26 1 8 23 26 1 14 7 23 26 26 24 12 26 16 26 26 23 26 7 7 1 14 23 16 5 26 13 14 23 23 23 11 9 22 24 1 16 9 23 25 24 16 21 26 13 26 26 22
split_gain=1.48245e+06 325235 215447 95582.6 73872.2 42983.2 29138.8 29218.1 28555.9 28182.5 23932.9 23599.8 19151.6 18658.9 17934.3 17132.6 15546.8 15477.7 13900.2 13587.1 10944.1 10865.6 10282.7 9750.93 9370.21 8535.37 11461.9 8425.74 8271.5 8176.31 8071.23 8127.77 7806.36 7765.19 7593.71 7588.8 7280.64 7077.19 8089.32 11879.3 11029.1 6705.1 5968.02 5947.68 5927.44 5906.83 5639.11 5604.66 5504.63 5214.02 5978.63 4741.14 4671.53 4657.74 4547.43 4459.93 4337.85 4337.51 4242.71 4652.65 4126.69 4092.61
threshold=26.751126126126128 15.158333333333335 41.050000000000004 1.0000000180025095e-35 0.89999999999999958 67.500000000000014 0.10000000000000007 6.479166666666667 98.215487781376439 11.158333333333335 635.70296873523898 6.5604166666666677 0.7000000000000004 581.50000000000011 19.714864864864868 16.829166666666669 12.32291666666667 510.00000000000006 32.050000000000004 -0.24999999999999994 36.875000000000007 8.8937500000000025 440.50000000000006 269.50000000000006 5.3000000000000096 1.5000000000000002 130.50000000000003 0 122.50000000000001 1380.0000000000002 5.293750000000002 242.50000000000003 27.952777777777786 15.125000000000002 22.050000000000004 0.25000000000000017 6.793750000000002 1 54.20000000000001 555.00000000000011 0.25000000000000006 0.25000000000000017 10.706250000000002 6.3687500000000012 7.293750000000002 0.25881904510252057 38.002083333333339 0.53727914962411594 7.7000000000000073 35.050000000000004 2 27.918750000000003 5.9729166666666673 103.83616972096677 2.7000000000000011 3 0.66259481767468287 1135.5000000000002 0.93301270189221952 585.50000000000011 176.50000000000003 0.47714059151611404
decision_type=10 8 8 8 10 10 10 10 10 10 10 10 10 2 10 10 10 2 10 2 10 10 2 2 10 2 2 1 2 2 10 2 10 8 8 2 10 1 10 2 2 2 10 10 10 2 10 2 8 10 1 10 10 10 10 1 2 2 2 2 2 2
left_child=1 9 4 10 11 6 7 17 14 28 16 13 21 49 27 -12 34 30 58 24 36 23 42 -7 46 26 -21 51 44 -24 31 -4 -19 -11 -3 -29 -10 41 39 40 45 -9 47 -16 -1 -39 -8 -20 52 -2 -51 -5 -37 -6 -45 -38 -32 -40 59 -13 -30 -35
right_child=2 3 5 8 53 12 19 37 20 33 15 18 -14 -15 43 -17 -18 32 22 25 -22 -23 29 -25 -26 -27 -28 35 60 -31 56 -33 -34 61 -36 48 55 38 57 -41 -42 -43 -44 54 -46 -47 -48 -49 -50 50 -52 -53 -54 -55 -56 -57 -58 -59 -60 -61 -62 -63
leaf_value=-0.22306288020605489 0.3321734942568858 0.072832343512973199 1.128702601790428 -0.080157183387591285 0.032663330040802296 0.89409267316145047 0.16709702283143998 0.56247381258395412 0.11811632923370519 -0.20463449730764541 0.69968160285669212 0.19375568736001161 0.4045726589544823 0.88264806430680409 0.031549520282210107 0.22349365751259026 -0.098574720608246444 0.85948708707636057 0.19505923146861578 0.2066758414013172 0.16670017037778218 0.62761470234990113 0.48212228019216224 1.3363847489607961 0.78688017449595704 0.22024613667657222 0.75007076347119184 -0.1844344744074051 -0.02995354054017841 0.11811667487025261 0.65901896471200994 0.61273960146903983 1.3410572586740765 -0.15443395243826316 0.17432779227381712 0.1348189150152298 -0.096616251996413938 0.45650107727282574 0.47161468452733496 0.73620933088880613 0.25664737708240976 0.16140774239678132 0.089866140409283438 -0.0024604064901472293 -0.28667677565789784 0.71471897703067511 0.49506228239431871 0.34579740733060182 -0.1779065744909975 0.62668959654160661 0.38212268755721451 0.20650990134280808 -0.068997958855177691 0.159672089393702 -0.083096863415869096 0.016500820104703769 0.35502319278461592 0.18437428523631144 0.049757504254263243 0.34849938748460824 -0.21515931393384932 -0.067127122994074057
leaf_weight=1820 760 1246 61 2558 1281 85 57 62 403 2929 102 1497 57 70 1091 204 307 66 334 67 494 50 420 95 88 429 73 1849 191 64 172 50 56 2085 1419 130 514 162 138 284 131 95 146 1031 4782 157 274 662 324 137 262 53 457 326 1616 805 56 72 159 198 250 629
leaf_count=1820 760 1246 61 2558 1281 85 57 62 403 2929 102 1497 57 70 1091 204 307 66 334 67 494 50 420 95 88 429 73 1849 191 64 172 50 56 2085 1419 130 514 162 138 284 131 95 146 1031 4782 157 274 662 324 137 262 53 457 326 1616 805 56 72 159 198 250 629
internal_value=0.00121977 -0.109595 0.331606 -0.013064 0.234058 0.548777 0.509602 0.590255 -0.0543568 -0.220713 0.129597 0.293993 0.896849 0.407006 -0.0778532 0.382223 0.103586 0.790772 0.254082 0.38209 0.0422262 1.01885 0.318105 1.12752 0.511735 0.286622 0.490017 -0.11297 -0.260737 0.433989 0.686491 0.896287 1.08054 -0.170759 0.126874 -0.149517 0.00651759 0.506297 0.537316 0.584289 0.488411 0.319791 0.268991 -0.0273945 -0.26914 0.583586 0.438585 0.295249 -0.0786469 0.378278 0.466097 -0.0743382 -0.0238596 0.0584286 -0.0516892 -0.0275797 0.584353 0.373132 0.197932 0.211832 -0.134945 -0.1342
internal_weight=36442 27289 9153 14603 6316 2837 2550 1562 11325 12686 3278 4709 287 1229 9109 306 2972 461 3480 988 2216 230 1626 180 419 569 140 5371 7043 484 339 111 122 5643 2665 2760 1722 1101 944 734 450 157 1142 3738 6602 319 331 996 911 1159 399 2611 587 1607 2647 1319 228 210 1854 1695 441 2714
internal_count=36442 27289 9153 14603 6316 2837 2550 1562 11325 12686 3278 4709 287 1229 9109 306 2972 461 3480 988 2216 230 1626 180 419 569 140 5371 7043 484 339 111 122 5643 2665 2760 1722 1101 944 734 450 157 1142 3738 6602 319 331 996 911 1159 399 2611 587 1607 2647 1319 228 210 1854 1695 441 2714
cat_boundaries=0 1 2 3 4
cat_threshold=1 2 1 2
is_linear=0
shrinkage=0.03


Tree=9
num_leaves=63
num_cat=4
split_feature=0 0 0 25 0 0 25 14 23 26 25 0 23 14 7 25 7 23 26 14 9 26 25 8 22 16 16 9 12 23 8 5 12 0 7 16 22 14 26 23 14 9 12 14 25 23 25 7 6 26 6 16 17 23 23 23 26 6 22 19 20 22
split_gain=1.41358e+06 285807 209042 63073 50955.6 44305.2 32007.4 28574.6 21008.7 24670.6 18047.2 20149.2 18756.2 14476.4 14824.9 13534.9 14636.5 12775.2 15605.7 14123.9 13350.3 11886.8 11489.8 10473.8 10432.9 9906.54 9650.39 9629.85 8047.97 7676.94 7602.53 7569.75 6830.45 6820.62 6588.38 6543.77 6514.61 6605.87 8128.18 6439.36 6312.99 6238.54 6092.86 5835.82 5606.61 5572.05 5435.15 5040.43 5034.61 4798.61 4596.16 4548.92 4506.65 4410.67 4406.14 4314.97 4276.38 4250.86 4070.91 4019.78 3966.81 3949.04
threshold=26.525000000000002 16.925000000000001 39.050000000000004 91.747104074190801 52.100000000000009 11.950000000000001 124.37819493095198 0.25000000000000017 7.6104166666666684 101.50000000000001 661.02229742163161 16.925000000000001 7.3187500000000023 0.6830127018922193 24.950000000000003 819.21611965807267 43.100000000000009 6.689583333333335 438.50000000000006 1.0000000180025095e-35 53.03541666666667 136.50000000000003 93.988153265846975 30.841666666666672 0.93663652364155514 0 1 42.22708333333334 3.5000000000000004 6.6354166666666679 19.170833333333338 54.20000000000001 4.5000000000000009 20.980000000000004 45.029411764705891 2 0.95878322595067722 1.0000000180025095e-35 423.00000000000006 9.3812500000000032 0.6830127018922193 40.838541666666679 3.5000000000000004 0.25000000000000017 105.57107777161649 6.0291666666666677 17.934842013340461 15.920000000000002 23.040000000000003 944.50000000000011 38.100000000000009 3 26.550000000000004 7.293750000000002 9.5520833333333339 9.1395833333333361 60.500000000000007 32.975000000000009 -0.078456108245891831 9.2500000000000018 1.0000000180025095e-35 0.56638466991089664
decision_type=10 8 10 10 10 10 10 2 10 2 10 10 10 2 10 10 10 10 2 2 8 2 10 10 2 1 1 10 2 10 10 10 2 8 8 1 2 2 2 10 2 10 2 2 10 10 10 10 8 2 10 1 2 10 10 10 2 10 2 2 2 2
left_child=1 5 6 7 17 26 23 30 9 -6 12 -12 -5 14 -11 29 -17 21 24 20 39 -4 25 -2 48 -7 -1 -21 59 50 35 57 58 -14 52 -3 37 38 -31 -20 44 -35 -26 -27 53 60 -47 -41 -19 -33 -8 55 -15 -28 -24 -39 -30 -10 -23 -9 -25 -53
right_child=2 3 4 10 8 22 15 28 31 13 11 -13 33 34 -16 16 -18 18 19 27 -22 32 54 45 42 43 40 -29 56 36 -32 49 -34 41 -36 -37 -38 51 -40 47 -42 -43 -44 -45 -46 46 -48 -49 -50 -51 -52 61 -54 -55 -56 -57 -58 -59 -60 -61 -62 -63
leaf_value=-0.12172836130683241 0.099010762192560484 -0.082202599292985581 0.38687123317710093 0.17477180188510799 0.2730798231708732 -0.104240917264715 0.33161563279427536 0.10381615759161629 0.89438783070620365 0.91991506290435787 0.65575654975175857 0.16235321193270077 -0.036301656072209407 0.98741489443458419 1.5268558904859755 0.37862245327776123 0.96010955333709702 -0.02434843838214874 0.85136030916897754 0.51082141409660209 0.19045072819021616 0.48174909026897017 0.015082453264042259 0.36098882793538034 0.58104526746731533 -0.20713908232965705 -0.22565795308715622 0.083089797562055395 -0.064181063392316648 0.12886750977960298 -0.054070127826464857 0.5068809381716971 0.94056793290918517 0.055099091675671931 0.57346723198014138 -0.17589620186928789 0.3349571833342902 0.16017654748031726 0.38869292703154962 0.32235621964292865 -0.13303360966052094 0.38908463854056141 0.28871129084344299 -0.1263579728762079 -0.11225678018719902 0.030152414264014136 0.20290567476042376 0.63987239202557689 0.26409400143615219 0.20084056952117901 0.62004168265395687 0.13355755746917564 0.69836963639390182 -0.28022971522178464 -0.11337556803530312 -0.097053068798975406 0.054573196667161851 0.58786756943358043 0.67126970310649525 -0.012507825805911456 0.10867583214385169 0.27993810395402385
leaf_weight=526 1751 1405 310 1149 66 2055 628 1112 51 110 100 292 924 119 54 165 51 60 106 87 66 188 502 282 156 2949 1813 104 878 169 2474 139 55 1572 102 1284 456 130 302 56 365 52 109 1107 221 195 1028 229 590 69 54 384 82 5034 461 107 396 202 223 352 70 292
leaf_count=526 1751 1405 310 1149 66 2055 628 1112 51 110 100 292 924 119 54 165 51 60 106 87 66 188 502 282 156 2949 1813 104 878 169 2474 139 55 1572 102 1284 456 130 302 56 365 52 109 1107 221 195 1028 229 590 69 54 384 82 5034 461 107 396 202 223 352 70 292
internal_value=-7.7766e-06 -0.110223 0.316937 -0.000976898 0.507793 -0.197355 0.212036 -0.0504764 0.68773 0.815997 0.0946689 0.288221 0.0741461 0.892726 1.11976 0.288001 0.515918 0.431325 0.381924 0.494567 0.585113 0.530829 -0.142726 0.149501 0.30215 -0.157903 -0.245909 0.27792 0.0278674 0.26848 -0.092023 0.539431 0.626595 0.0287698 0.769843 -0.126941 0.236614 0.204213 0.295465 0.651731 -0.254697 0.0657932 0.460802 -0.185092 -0.260979 0.205634 0.175361 0.577483 0.237469 0.405358 0.354453 0.157137 0.869496 -0.26578 -0.046412 0.0440433 -0.0272684 0.649656 0.584579 0.0758475 0.310813 0.196787
internal_weight=36420 27023 9397 11990 3333 15033 6064 7901 994 533 4089 392 3697 467 164 2738 216 2339 1563 648 457 776 7074 3326 915 6111 7959 191 2738 2522 5163 461 466 2548 303 2689 1840 1384 471 391 7433 1624 265 4056 7068 1575 1223 285 650 208 682 913 201 6847 963 237 1274 253 411 1464 352 676
internal_count=36420 27023 9397 11990 3333 15033 6064 7901 994 533 4089 392 3697 467 164 2738 216 2339 1563 648 457 776 7074 3326 915 6111 7959 191 2738 2522 5163 461 466 2548 303 2689 1840 1384 471 391 7433 1624 265 4056 7068 1575 1223 285 650 208 682 913 201 6847 963 237 1274 253 411 1464 352 676
cat_boundaries=0 1 2 3 4
cat_threshold=1 1 1 2
is_linear=0
shrinkage=0.03


Tree=10
num_leaves=63
num_cat=0
split_feature=0 0 0 24 24 0 1 0 24 23 24 23 26 26 26 23 14 14 26 23 7 6 24 0 7 14 25 26 23 7 26 23 23 24 25 26 13 23 23 22 26 9 22 0 23 26 17 23 22 23 5 9 7 23 21 23 14 23 0 24 26 22
split_gain=1.31626e+06 269263 203979 81448 70551.9 42639.4 36657.9 26796.8 22416.2 21997 20212.7 18469 29153.1 17973.7 16525.7 11693.4 11143.6 10455.9 11013.1 10004.6 9724.28 9469.53 8448.62 8430.64 8225.93 8031.68 7818.38 7293.62 6642.13 6548.28 6546.27 6644.9 6441.8 6344.54 6272.29 5932.54 5889.82 5852.78 5522.07 5413.61 5399.23 9168.84 8520.8 5324.81 5322.08 5273.9 5267.16 5216.45 4984.13 4820.47 4814.32 4612.1 4559.15 4449.79 4317.83 4265.69 4132.04 4772.48 4051.99 4026.73 4008.43 6337.5
threshold=26.525000000000002 16.925000000000001 43.100000000000009 0.60000000000000486 0.2000000000000062 11.950000000000001 67.500000000000014 34.966666666666676 0.10000000000000196 7.0729166666666687 1.0000000180025095e-35 9.6229166666666703 722.00000000000011 510.00000000000006 133.50000000000003 6.5062500000000014 0.25000000000000017 -0.24999999999999994 944.50000000000011 5.8333333333333348 16.050000000000004 44.100000000000009 0.099999999999999964 25.633333333333336 43.100000000000009 0.25000000000000017 103.83616972096677 440.50000000000006 5.293750000000002 45.029411764705891 585.50000000000011 10.706250000000002 11.227083333333335 9.2500000000000036 116.32063448859454 208.50000000000003 0.93301270189221952 7.8187500000000023 6.4458333333333355 0.49240481012316878 498.50000000000006 51.212500000000013 0.95878322595067722 20.750000000000004 11.331250000000002 388.00000000000006 25.550000000000004 7.9979166666666694 0.68832836526074803 6.4229166666666684 44.100000000000009 14.001041666666667 12.633333333333335 4.9437500000000023 0.66259481767468287 6.2020833333333352 0.25000000000000017 9.4520833333333361 48.050000000000004 4.4000000000000083 130.50000000000003 0.39873388578253677
decision_type=10 8 10 10 8 10 10 10 10 10 10 10 2 2 2 10 2 2 2 10 8 8 10 8 10 2 10 2 10 10 2 10 10 8 10 2 2 10 10 2 2 10 2 8 10 2 2 10 2 10 8 8 8 8 2 10 2 10 10 10 2 2
left_child=1 5 3 7 11 25 8 19 9 13 46 12 29 28 16 24 52 18 45 -2 49 -15 27 -14 50 34 -5 -17 35 37 31 48 40 55 -1 -4 -32 -3 -16 -22 42 56 47 -13 -29 -10 -8 -11 -21 -7 -9 -27 -6 -35 -30 -18 57 -42 -19 -28 -60 -62
right_child=2 4 6 26 14 20 10 15 17 32 -12 43 23 21 38 22 33 58 -20 30 39 -23 -24 -25 -26 51 59 44 54 -31 36 -33 -34 53 -36 -37 -38 -39 -40 -41 41 -43 -44 -45 -46 -47 -48 -49 -50 -51 -52 -53 -54 -55 -56 -57 -58 -59 60 -61 61 -63
leaf_value=-0.25596489769073699 0.37806142170598184 0.15370606455992333 1.0599321118354796 0.032940787482433592 -0.14954204858530276 -0.10359205240815093 1.2455490196623451 0.42155693327585858 0.30012383432949286 0.48547392569482323 0.53366884910247547 -0.081150503048205119 0.21642731551303346 1.1707377292142056 0.11792084325679995 0.31603053600275138 0.098789496007365446 0.18763022490523079 0.098575272875673622 0.16647382576575728 -0.12213997270861429 0.67557589571430998 0.18934638942214957 0.62378322211404635 0.82784013069282136 -0.19945044191486846 0.23230351087847728 0.53215966436426376 0.60964803517530008 0.38558763686035363 0.39296629248093812 0.075543889241562176 0.2195162063266469 0.10465232861228287 -0.081092799138081706 0.6122074849982011 0.053392503489147536 0.05195998862877186 -0.00044757743716663845 -0.03504430247693207 1.0421441934585569 0.34342315626812392 0.61415367650733865 0.056422722845419063 0.22468250557230632 0.63642190474498117 0.91403257012367245 0.19921730819432173 0.26350035890494966 -0.18850161825201656 0.72385026657356411 -0.062257665488280746 -0.080279751474448241 -0.11498212857344808 0.33971585892779482 -0.015131911842020914 0.53213653721809384 0.67112620060702399 0.24829517639446549 0.051218570065019384 0.29789545883509244 0.74073610126685641
leaf_weight=6493 381 1360 50 1547 1183 760 82 450 51 99 99 374 67 101 447 757 467 209 51 911 2591 53 299 144 59 975 323 299 224 84 280 353 79 96 190 57 55 813 1718 854 50 87 142 784 61 237 91 136 999 2890 53 285 3088 614 70 807 75 83 123 168 66 52
leaf_count=6493 381 1360 50 1547 1183 760 82 450 51 99 99 374 67 101 447 757 467 209 51 911 2591 53 299 144 59 975 323 299 224 84 280 353 79 96 190 57 55 813 1718 854 50 87 142 784 61 237 91 136 999 2890 53 285 3088 614 70 807 75 83 123 168 66 52
internal_value=0.000506993 -0.10549 0.307155 0.225696 0.00019791 -0.190151 0.547881 0.291335 0.505341 0.581615 0.875534 0.110834 0.157212 0.724836 -0.0474465 0.376935 -0.0721729 0.379088 0.504913 0.234498 -0.136701 1.00032 0.330982 0.494433 0.492718 -0.237894 0.0660442 0.368896 0.619037 0.125686 0.213444 0.195122 0.475773 -0.013422 -0.250993 0.821425 0.337215 0.115639 0.0239915 -0.100549 0.505899 0.60203 0.430677 0.0119906 0.480059 0.576869 1.07117 0.319811 0.217222 -0.170822 0.453409 -0.168419 -0.0994643 -0.0852851 0.545378 0.0266273 0.710197 0.810607 0.284299 0.170344 0.368131 0.493046
internal_weight=36446 27084 9362 6995 12046 15038 2367 4957 2095 1306 272 3626 2468 555 8420 1978 6255 789 339 2979 7095 154 1416 211 562 7943 2038 1117 401 2257 2598 2263 751 1984 6683 107 335 2173 2165 3445 672 295 377 1158 360 288 173 235 1910 3650 503 1260 4271 710 294 1274 208 133 450 491 241 118
internal_count=36446 27084 9362 6995 12046 15038 2367 4957 2095 1306 272 3626 2468 555 8420 1978 6255 789 339 2979 7095 154 1416 211 562 7943 2038 1117 401 2257 2598 2263 751 1984 6683 107 335 2173 2165 3445 672 295 377 1158 360 288 173 235 1910 3650 503 1260 4271 710 294 1274 208 133 450 491 241 118
is_linear=0
shrinkage=0.03


Tree=11
num_leaves=63
num_cat=0
split_feature=8 8 8 24 24 8 23 23 26 8 6 25 24 23 26 8 23 14 24 7 26 8 8 8 26 25 23 21 2 19 22 26 24 23 26 7 9 6 12 22 12 26 26 6 23 12 18 25 23 6 23 12 12 23 23 26 14 7 22 9 23 23
split_gain=1.20306e+06 222686 198425 75294.5 65250.7 38416.1 24362.6 21895.5 34309.5 21205.5 20972.9 19812.7 18837.9 18243.8 18003.5 14249.3 13509.7 12595 11413.1 9892.5 9192.99 9172.86 9127.89 9079.71 8838.26 8837.08 7709.61 7353.95 8345.6 7329.17 7550.69 7202.32 6915.65 7259.21 6511.86 6486.49 6106.83 5898.35 5892.79 5860.33 5688.58 5636.93 5553.5 5479.41 5420.74 5378.31 5364.34 5362.56 5298.84 5016.05 4890.15 4758.53 4637.27 4601.95 4430.37 4400.29 4397.39 4277.8 4238.78 4359.55 4220.06 3948.21
threshold=24.837500000000002 15.158333333333335 40.00833333333334 0.60000000000000486 0.40000000000000374 48.175000000000004 6.5062500000000014 6.0562500000000012 498.50000000000006 10.008333333333335 37.95000000000001 99.899842482413405 0.10000000000000196 11.022916666666669 880.00000000000011 31.841666666666672 6.5604166666666677 1.0000000180025095e-35 0.4000000000000003 17.972972972972979 440.50000000000006 21.008333333333336 17.337500000000002 19.008333333333336 1351.0000000000002 18.519532002218497 5.9729166666666673 0.1822285865217376 73.15000000000002 13.450000000000001 0.13052122218260653 288.50000000000006 7.150000000000003 5.8333333333333348 510.00000000000006 33.050000000000004 39.352083333333333 39.050000000000004 3.5000000000000004 0.6360540003681886 1.5000000000000002 103.50000000000001 136.50000000000003 32.975000000000009 7.2187500000000009 1.5000000000000002 77.500000000000014 398.64548466260038 6.8708333333333353 45.029411764705891 10.758333333333336 2.5000000000000004 4.5000000000000009 5.5708333333333355 5.293750000000002 178.50000000000003 0.25000000000000017 28.050000000000004 0.49240481012316878 29.293750000000003 9.1687500000000028 11.331250000000002
decision_type=10 8 10 10 8 10 10 10 2 10 10 10 10 10 2 10 10 2 10 10 2 8 10 10 2 10 10 2 10 2 2 2 10 10 2 8 8 10 2 2 2 2 2 10 10 2 2 10 10 10 10 2 2 10 10 2 2 8 2 8 10 10
left_child=1 9 3 6 10 12 14 8 18 -1 13 23 16 21 54 39 37 52 46 -10 50 26 47 -6 27 48 41 28 49 34 -31 -29 33 43 40 -13 61 38 -4 -8 -18 -3 -35 -5 -27 -19 -7 -12 -11 -9 -17 58 -14 -25 -2 -42 -36 -34 -23 -60 -26 -22
right_child=2 4 5 32 11 7 15 24 19 25 22 35 17 -15 -16 20 29 45 -20 -21 36 51 -24 53 60 44 -28 31 -30 30 -32 -33 57 42 56 -37 -38 -39 -40 -41 55 -43 -44 -45 -46 -47 -48 -49 -50 -51 -52 -53 -54 -55 -56 -57 -58 -59 59 -61 -62 -63
leaf_value=-0.24645768859897599 0.42442405409369843 0.065350742295036179 0.60007004380799245 0.14087731058901387 -0.11562129290647156 0.49883108293735662 0.11773593640278086 0.74112525180093392 0.86717543080167947 -0.13826042230058891 0.3332543578225633 -0.01915506597070489 0.35021330332149286 -0.069124579438906222 0.83309539177048364 0.26088638619506155 0.6030374367535114 0.37689947892118381 0.24103676592602449 1.3997281733426179 0.51138942428840473 0.10532285667728723 0.14509542402656128 0.033644034691221479 0.44275864497639916 -0.02889364908297741 0.012279482744040318 0.33479634684438886 0.98742861034735185 0.41266109649195437 -0.082380412777787765 0.57943019784986971 -0.088692929137011531 -0.00011751634574362209 0.66985286406241351 0.11439243034980787 0.20940341885917441 0.43502125308981959 0.93471870620022801 0.21652407445923885 0.43611703313237071 0.36062711599581643 0.12979440887744029 0.42253046101731495 -0.14338911065450879 0.10577151699002239 0.88383115087292696 0.69599320239708073 -0.20535516357536396 0.52024438205471002 0.080971732773829866 0.093063876253875841 0.655843870522546 -0.06536210002088283 0.29832880293395869 0.22358062364423359 0.35496475491544294 0.044256947065801605 0.21277314498513869 0.452666826627737 0.061948318625986577 0.27268233348925908
leaf_weight=5424 377 129 156 257 4617 57 1147 134 53 1446 92 800 167 835 71 975 72 81 68 77 271 246 144 504 55 516 1343 208 53 54 57 226 417 735 128 554 121 112 68 1022 149 106 496 82 1335 352 76 61 3962 299 158 735 61 2614 749 213 58 456 329 86 50 81
leaf_count=5424 377 129 156 257 4617 57 1147 134 53 1446 92 800 167 835 71 975 72 81 68 77 271 246 144 504 55 516 1343 208 53 54 57 226 417 735 128 554 121 112 68 1022 149 106 496 82 1335 352 76 61 3962 299 158 735 61 2614 749 213 58 456 329 86 50 81
internal_value=-0.00192846 -0.111819 0.268931 0.184821 -0.0255395 0.47116 0.251831 0.590686 0.802823 -0.201582 0.0737167 -0.0703789 0.377365 0.054784 0.369763 0.214437 0.455327 0.251517 0.557189 1.18261 0.282173 0.0895734 0.316528 -0.0889106 0.522181 -0.16805 0.0400178 0.551942 0.632094 0.382955 0.158451 0.462186 0.0484408 0.0860794 0.423148 0.035487 0.393259 0.61278 0.70166 0.164283 0.3595 0.198539 0.0522272 0.209006 -0.111471 0.156491 0.718831 0.477876 -0.187415 0.5886 0.235797 0.14559 0.431983 -0.0493585 0.340547 0.311061 0.571662 -0.0192483 0.203996 0.262486 0.26142 0.45646
internal_weight=36377 25878 10499 7415 13195 3084 4972 1356 331 12683 4106 9089 1728 3809 1197 3775 1067 661 201 130 1606 2974 297 7735 1025 7259 1578 920 486 731 111 434 2443 1570 620 1354 473 336 224 2169 434 235 1231 339 1851 433 133 153 5408 433 1133 1396 228 3118 1126 362 186 873 661 415 105 352
internal_count=36377 25878 10499 7415 13195 3084 4972 1356 331 12683 4106 9089 1728 3809 1197 3775 1067 661 201 130 1606 2974 297 7735 1025 7259 1578 920 486 731 111 434 2443 1570 620 1354 473 336 224 2169 434 235 1231 339 1851 433 133 153 5408 433 1133 1396 228 3118 1126 362 186 873 661 415 105 352
is_linear=0
shrinkage=0.03


Tree=12
num_leaves=63
num_cat=3
split_feature=0 0 0 24 24 0 16 24 8 23 26 26 6 25 23 23 16 23 7 26 26 12 26 25 22 23 6 24 7 1 23 26 5 7 23 26 26 13 23 7 24 0 16 26 26 22 19 23 21 26 26 23 23 8 23 24 23 24 13 18 22 23
split_gain=1.17661e+06 244810 182389 68835.8 55906.1 45567.6 26486.5 25908.7 22998.6 21072.2 30891.8 18871.7 18812.9 16144.1 15463.2 14950.9 13839.6 13588.4 13569.1 12787.2 9940.47 9004.55 8476.14 8122.57 7745.4 7704.58 7294.66 6835.57 6719.8 6686.43 6630.99 6419.76 6377.94 6100.19 5875.45 5542.6 8883.98 8177.24 5626.6 5496.69 5476.37 5470.32 5333.77 5188.76 5048.86 5624.97 5030.36 5008.09 4967.14 4907.44 4896.33 4744.68 4736.67 4628.3 4597.12 4580.78 4462.95 4425.46 4400.7 4392.8 4293.31 4273.53
threshold=26.525000000000002 15.44761904761905 39.050000000000004 0.40000000000000374 0.29999999999999649 52.100000000000009 0 0.10000000000000007 29.504166666666674 6.1187500000000012 130.50000000000003 133.50000000000003 27.550000000000004 22.45199825916027 9.5854166666666689 6.5604166666666677 1 6.5062500000000014 43.100000000000009 510.00000000000006 585.50000000000011 4.5000000000000009 1351.0000000000002 398.64548466260038 0.59480013772226059 7.3187500000000023 28.950000000000003 3.2000000000000024 33.850000000000009 77.250000000000014 5.939583333333335 130.50000000000003 54.20000000000001 44.100000000000009 11.331250000000002 440.50000000000006 178.50000000000003 0.68301270189221941 9.0187500000000025 27.027777777777782 2.2500000000000031 21.506756756756761 2 76.500000000000014 663.50000000000011 0.56638466991089664 5.0500000000000007 9.4520833333333361 -0.6883283652607477 105.50000000000001 124.50000000000001 10.577083333333336 7.5520833333333348 38.00833333333334 7.4125000000000014 0.2000000000000062 6.793750000000002 10.050000000000006 0.68301270189221941 56.500000000000007 0.58068084432175959 5.5333333333333341
decision_type=10 8 10 8 10 10 1 10 8 10 2 2 10 10 10 10 1 10 10 2 2 2 2 10 2 10 10 10 8 10 10 2 10 8 10 2 2 2 10 10 8 10 1 2 2 2 2 10 2 2 2 10 10 10 10 10 8 10 2 2 2 10
left_child=1 6 4 8 15 7 50 17 14 10 -7 16 60 25 30 18 39 21 53 46 24 33 29 -14 -17 57 -9 43 -13 32 49 54 44 -4 -22 36 -19 -37 -38 -5 -18 -32 -26 -6 45 -11 -12 -39 -33 -3 -1 55 -47 58 -28 -15 -42 -8 -2 -34 -10 -41
right_child=2 3 5 11 27 9 13 26 12 22 19 28 23 51 -16 20 40 35 -20 -21 34 -23 -24 -25 42 -27 31 -29 -30 -31 41 48 59 -35 -36 37 38 47 -40 61 56 -43 -44 -45 -46 52 -48 -49 -50 -51 -52 -53 -54 -55 -56 -57 -58 -59 -60 -61 -62 -63
leaf_value=-0.10256171203640982 0.28968579635384845 0.092165279087336613 0.49848301401999717 -0.056100031437901231 0.039156752057941009 0.23009244021502406 -0.14510204479989527 0.13561538432389497 0.050350162129118511 0.41931014165573793 1.049938414830428 -0.021127182438307218 0.29136031314381394 -0.02747380350632268 -0.029881821406073136 0.13884937226451594 -0.055474301608837887 0.48006384216410958 0.8118533717609685 1.2919272065931751 0.42905441381436793 0.91802478580474844 0.23652422711855786 0.60285452521135729 0.15723941177937975 -0.24247687803102902 0.28047186408327607 0.020402075553679233 0.090518625583037471 0.91475347603742885 0.032495217421218831 0.62345766088236931 0.22787769024290386 0.82397892134530193 0.2069678244408634 0.29582152117274502 0.32838127180189786 0.82083520987759462 0.042419455139474434 0.29626733131314581 -0.09524036112039258 0.12795019042015016 0.28702597698521076 0.17229361623854761 0.837539172331492 0.89922219884011045 0.66157133794376544 0.52023024916773042 0.34726786058952736 0.30763735681979193 0.073624250305296443 -0.19789744135886 0.55921602340189958 0.57983979408713904 -0.022920545528177173 -0.1406540077858093 -0.17958840203611903 -0.22189601413078724 0.4856829812901079 0.51656160951988528 0.26841320463577922 0.019438342781371572
leaf_weight=1816 697 170 292 3467 407 55 1393 250 311 115 52 1219 192 487 1271 967 737 276 58 93 317 75 68 124 401 6587 151 1083 806 52 1139 69 62 63 162 113 209 69 88 57 889 1028 985 747 90 62 71 180 389 216 154 692 91 66 64 949 1547 1311 121 202 110 420
leaf_count=1816 697 170 292 3467 407 55 1393 250 311 115 52 1219 192 487 1271 967 737 276 58 93 317 75 68 124 401 6587 151 1083 806 52 1139 69 62 63 162 113 209 69 88 57 889 1028 985 747 90 62 71 180 389 216 154 692 91 66 64 949 1547 1311 121 202 110 420
internal_value=0.000847866 -0.0991438 0.29176 -0.010002 0.193371 0.470924 -0.190376 0.396758 0.0851924 0.638437 0.864844 -0.0574951 0.238642 -0.207902 0.0556179 0.263809 -0.0804867 0.479772 0.367341 1.02647 0.229371 0.619348 0.555747 0.413592 0.204012 -0.224973 0.273991 0.0745353 0.0233106 0.587954 0.0981836 0.325394 0.560633 0.556247 0.353944 0.415582 0.357526 0.507478 0.243652 -0.0429634 -0.127128 0.077778 0.249476 0.125338 0.643127 0.57784 0.825759 0.60353 0.388877 0.21274 -0.0887888 -0.133367 0.696996 0.338177 0.19016 -0.10227 -0.148806 -0.182335 0.318678 0.448765 0.107326 0.0525185
internal_weight=36404 27092 9312 13703 6011 3301 13389 2288 4561 1013 271 9142 737 11419 3824 3774 7117 1365 942 216 2832 430 742 316 2353 9291 923 2237 2025 674 2553 673 622 355 479 935 573 362 297 3944 3173 2167 1386 1154 358 268 123 249 458 386 1970 2128 153 884 215 1436 2436 2704 818 264 421 477
internal_count=36404 27092 9312 13703 6011 3301 13389 2288 4561 1013 271 9142 737 11419 3824 3774 7117 1365 942 216 2832 430 742 316 2353 9291 923 2237 2025 674 2553 673 622 355 479 935 573 362 297 3944 3173 2167 1386 1154 358 268 123 249 458 386 1970 2128 153 884 215 1436 2436 2704 818 264 421 477
cat_boundaries=0 1 2 3
cat_threshold=1 1 2
is_linear=0
shrinkage=0.03


Tree=13
num_leaves=63
num_cat=6
split_feature=0 0 0 14 0 2 26 26 26 21 0 0 26 5 14 2 16 16 13 22 16 20 16 26 26 16 26 9 6 26 18 12 0 19 8 6 22 19 26 0 9 21 26 14 12 9 12 14 0 13 17 4 26 12 6 26 22 16 12 6 19 26
split_gain=1.10233e+06 260054 145830 50566 37258.8 34409.7 24815.3 22893.2 21195 15952.1 12749.3 12229.9 9379.77 9373.17 9072.54 8987.12 8259.46 8176.8 8172.95 8020.29 9098 7823.99 7345 7050.52 6910.86 6887.65 6447.9 9860.84 6268.97 6113.67 6031.34 6021.29 5789.26 5694.43 5641.26 5625.39 5215.46 5113.89 4849.47 4738.04 4681.5 4680.96 4607.09 4583.61 7906.48 6068.03 5006.27 4277.46 4220.19 4169.15 4151.23 4080.32 4064.59 4076.32 4019.75 3786.15 4561.19 4093.87 3811.91 3785.23 3625.51 3386.68
threshold=27.975000000000005 16.925000000000001 40.050000000000004 0.25000000000000017 11.750000000000002 50.058823529411775 133.50000000000003 995.00000000000011 136.50000000000003 0.069756473744125413 22.633333333333336 32.050000000000004 438.50000000000006 44.100000000000009 0.25000000000000017 67.500000000000014 0 1 -0.5 0.47714059151611404 2 1.0000000180025095e-35 3 130.50000000000003 126.50000000000001 4 585.50000000000011 40.339583333333344 44.100000000000009 1351.0000000000002 82.500000000000014 4.5000000000000009 25.040540540540544 9.7500000000000018 30.841666666666672 45.94852941176471 0.49240481012316878 8.7500000000000018 122.50000000000001 18.027027027027028 40.838541666666679 0.11319890333640058 103.50000000000001 1.0000000180025095e-35 1.5000000000000002 51.212500000000013 2.5000000000000004 0.6830127018922193 22.633333333333336 0.68301270189221941 25.350000000000005 28.525000000000002 178.50000000000003 1.5000000000000002 47.100000000000009 103.50000000000001 -0.93663652364155492 5 3.5000000000000004 29.750000000000004 6.7500000000000009 296.50000000000006
decision_type=10 8 10 2 10 10 2 2 2 2 8 10 2 8 2 10 1 1 2 2 1 2 1 2 2 1 2 8 10 2 2 2 8 2 10 10 2 2 2 10 8 2 2 2 2 8 2 2 10 2 2 8 2 2 8 2 2 1 2 10 2 2
left_child=1 4 8 6 16 12 17 10 18 15 55 36 14 37 59 28 -1 -3 34 20 -6 25 -16 -11 -24 48 33 30 49 31 60 52 -9 61 -2 39 -10 -14 47 -8 -26 -42 -21 45 -45 46 -15 -18 -12 -7 -17 -38 -25 -54 -55 58 -57 -58 -5 -4 -28 -13
right_child=2 3 5 7 19 9 35 32 11 23 21 26 13 43 22 50 38 -19 -20 42 -22 -23 24 29 40 -27 27 -29 -30 -31 -32 -33 -34 -35 -36 -37 51 -39 -40 -41 41 -43 -44 44 -46 -47 -48 -49 -50 -51 -52 -53 53 54 -56 56 57 -59 -60 -61 -62 -63
leaf_value=-0.10255403567547075 0.10669815688167548 -0.05465425184409755 -0.0066000717140182298 0.031230715233606026 -0.087721061987760487 0.65052374999004381 -0.045389852597895311 0.21647327136169089 0.14781327810879621 0.2481529374728384 0.35291284284418606 0.36674072010703307 0.72195863186940545 0.33158962051073704 0.16381631718144157 1.0652188668158147 -0.23977581543805226 -0.13720147803131263 0.046666038637352747 -0.094357999810790266 -0.1683262824060327 -0.018479297458028343 0.31396671855863967 0.76257800723021885 0.58296755463724403 0.096295839234477695 0.74271336496650397 0.18929544036530635 0.53566859441669024 0.28544080178379205 0.26494617518037555 0.81494485822319973 0.5370910853208466 0.17191105691575986 0.22511697124176142 0.26172268466935023 0.34987253349646924 0.47022286665730906 -0.13837335923858121 0.043332371193392172 0.52287078344597004 0.30034638906050409 0.027810645837588487 0.5000495415074484 0.075961489907087204 0.20852308516101592 0.68647545441141666 -0.12127288847406217 0.17158474229819984 0.97890765546775249 0.75848923366244247 0.19945700612365425 0.61721603181002282 0.50381944951911772 0.19137356684321447 -0.10202731156316787 0.024052045912083691 0.14844339358323733 -0.066449985638156406 0.26809467823189848 0.49139829411580682 0.25362872647416501
leaf_weight=502 658 2858 81 763 1867 81 742 94 955 92 144 493 160 54 132 77 6610 1736 691 1115 3878 365 446 53 213 1614 77 132 219 74 75 80 110 359 805 89 260 133 503 2007 159 183 370 70 91 58 106 286 584 61 82 432 106 90 63 138 507 449 680 102 157 461
leaf_count=502 658 2858 81 763 1867 81 742 94 955 92 144 493 160 54 132 77 6610 1736 691 1115 3878 365 446 53 213 1614 77 132 219 74 75 80 110 359 805 89 260 133 503 2007 159 183 370 70 91 58 106 286 584 61 82 432 106 90 63 138 507 449 680 102 157 461
internal_value=0.00035459 -0.0909433 0.296996 0.00813177 -0.175279 0.463078 -0.0427612 0.0775585 0.205329 0.59956 0.0654291 0.251965 0.38907 0.480261 0.342504 0.719106 -0.220312 -0.0858475 0.131696 -0.126067 -0.142131 0.110714 0.374161 0.488154 0.401899 0.130848 0.307092 0.406341 0.636336 0.535537 0.49906 0.582748 0.389355 0.273756 0.171857 0.0269845 0.193257 0.607689 -0.228302 0.0193848 0.472562 0.403801 -0.0639187 0.381748 0.260348 0.471406 0.566701 -0.234861 0.207452 0.79159 0.907031 0.255972 0.523211 0.474229 0.375165 0.0171103 0.0592008 0.0824743 -0.0148004 0.146508 0.574096 0.312082
internal_weight=36632 28011 8621 12880 15131 3066 7432 5448 5555 1078 5244 3401 1988 672 1316 520 7901 4594 2154 7230 5745 2707 1133 558 1001 2342 1754 441 361 466 309 392 204 1313 1463 2838 1647 293 7399 2749 555 342 1485 379 161 218 160 6896 728 142 159 692 312 259 153 2537 1094 956 1443 183 234 954
internal_count=36632 28011 8621 12880 15131 3066 7432 5448 5555 1078 5244 3401 1988 672 1316 520 7901 4594 2154 7230 5745 2707 1133 558 1001 2342 1754 441 361 466 309 392 204 1313 1463 2838 1647 293 7399 2749 555 342 1485 379 161 218 160 6896 728 142 159 692 312 259 153 2537 1094 956 1443 183 234 954
cat_boundaries=0 1 2 3 4 5 6
cat_threshold=1 1 1 2 1 2
is_linear=0
shrinkage=0.03


Tree=14
num_leaves=63
num_cat=0
split_feature=0 0 0 24 24 0 24 0 2 26 0 25 13 7 26 26 22 9 1 26 7 25 17 19 7 21 12 25 6 7 25 0 13 7 24 7 12 26 2 7 6 13 25 5 5 6 0 7 7 17 12 0 9 13 12 7 22 19 24 22 6 2
split_gain=1.03997e+06 219206 151212 73482.8 70400.3 25499.8 25112.7 22523.1 21485 18398.9 16673.1 16634.8 13579.6 13287.3 11289.9 10879.6 10702.9 10093.3 9410.74 9055.94 9649.44 8160.48 7997.84 7974.13 8186.51 7206.07 7183.03 6636.86 6542.21 6533.9 6387.01 5832.27 5826.33 5602.91 5397.94 4993.23 4943.78 4806.4 4798.59 5829.37 4759.44 4724.95 4413.36 4208 4113.55 4108.95 4096.42 4041.5 3982.81 3823.07 3665.76 3620.22 3598.81 3592.66 3563.18 3560.65 3462.67 3295.34 3765.34 3276.49 3225.53 4115.15
threshold=26.525000000000002 14.925000000000002 46.100000000000009 0.20000000000000187 0.40000000000000374 34.050000000000004 1.0000000180025095e-35 24.050000000000004 67.500000000000014 133.50000000000003 10.91666666666667 459.6444088254193 0.68301270189221941 37.050000000000004 130.50000000000003 722.00000000000011 -0.85260769842926898 38.002083333333339 19.714864864864868 336.00000000000006 19.225000000000005 187.31191991825128 25.750000000000004 7.4500000000000011 55.250000000000007 0.36648727148060617 4.5000000000000009 819.21611965807267 21.506756756756761 41.050000000000004 126.52027679958933 39.050000000000004 -0.6830127018922193 47.100000000000009 3.2000000000000024 13.050000000000002 2.5000000000000004 41.500000000000007 65.100000000000009 16.050000000000004 19.041666666666668 0.93301270189221952 478.49480366696014 34.033333333333339 20.516666666666669 37.95000000000001 18.027027027027028 12.725000000000001 16.524074074074075 29.950000000000003 1.5000000000000002 20.025000000000002 31.02450396825397 0.68301270189221941 2.5000000000000004 30.050000000000004 0.42261826174069955 6.0500000000000007 2.1000000000000045 0.34202014332566893 47.100000000000009 49.050000000000004
decision_type=10 8 10 10 8 10 10 8 10 2 10 10 2 10 2 2 2 10 10 2 10 10 2 2 10 2 2 10 10 8 10 10 2 10 10 10 2 2 10 8 10 2 10 8 8 10 10 8 10 2 2 10 10 2 2 10 2 2 10 2 10 10
left_child=1 10 3 5 7 27 8 16 12 18 40 32 28 60 -8 -13 -3 34 47 37 -21 38 -10 24 31 -25 -27 36 -4 51 56 43 -9 46 35 -5 41 -19 39 -16 -1 53 49 -7 -38 -34 48 -6 -18 -30 -31 -11 -46 59 -48 -36 -12 -41 -59 -2 61 -14
right_child=2 4 6 17 9 23 14 11 22 29 30 15 13 -15 21 -17 33 19 -20 20 -22 -23 -24 25 -26 26 -28 -29 42 50 -32 -33 45 -35 55 -37 44 -39 -40 57 -42 -43 -44 -45 52 -47 54 -49 -50 -51 -52 -53 -54 -55 -56 -57 -58 58 -60 -61 -62 -63
leaf_value=-0.22656151633982435 0.15354498583093745 -0.048679896562663777 0.78264460636036737 -0.011006321879715071 -0.14813220757981263 0.41390791640927393 0.19052638409377046 0.31768405172918268 1.093463592859778 -0.056105626475259518 -0.17157628097453112 0.13723126893534379 0.51063759109005336 1.0864909926704738 0.20987606391906738 0.56309072455441633 -0.079966743796246992 0.23324833267591369 -0.040075598463014124 0.1157710753512733 0.49715164914843624 0.30447461714316643 0.67073244190927761 0.35869889733276877 0.76783196638737405 0.27253171479833932 -0.023689948712673149 0.43533739200402649 0.51798577431341974 -0.018238098730749271 -0.040319813983622201 0.47125094192773104 0.084497789148109514 0.36235235633034452 -0.039551577077876737 0.13879478099580858 0.35796265588335269 0.0045336361263285984 0.8219745143651962 0.76981672489643094 -0.09993130783159887 0.038697839549609592 0.27610792294536768 0.25349579210055878 0.12438745278026248 0.25318107034789017 0.13979428458926027 -0.090246259887864361 0.058155615633856503 0.23910315445661545 0.13860057982544485 0.037683815662310167 0.22011872073142946 0.43856923788021773 0.048392310918186743 0.073373185083170062 -0.10823847852029161 0.34635467550754551 0.64048222940142563 0.29621772388165646 0.45319963118085616 0.82913638348439156
leaf_weight=6279 194 991 56 259 1566 288 198 134 101 943 4282 85 64 69 50 148 301 142 2866 102 144 193 67 685 56 288 99 124 384 188 434 500 933 57 574 883 106 198 50 55 279 77 114 301 846 151 702 3538 500 50 468 610 607 117 847 447 949 75 82 572 77 85
leaf_count=6279 194 991 56 259 1566 288 198 134 101 943 4282 85 64 69 50 148 301 142 2866 102 144 193 67 685 56 288 99 124 384 188 434 500 933 57 574 883 106 198 50 55 279 77 114 301 846 151 702 3538 500 50 468 610 607 117 847 447 949 75 82 572 77 85
internal_value=-0.000486499 -0.0942641 0.271988 0.21389 -0.0175289 0.284006 0.521742 0.0765483 0.613465 -0.0623447 -0.188609 0.175492 0.55527 0.722107 0.382527 0.407734 0.0342978 0.0899301 -0.0835788 0.200371 0.339018 0.457806 0.924874 0.359037 0.414089 0.300236 0.196754 0.221069 0.473785 0.014267 -0.15091 0.395898 0.131064 0.0684611 0.0600094 0.104821 0.210522 0.100056 0.552656 0.501259 -0.221174 0.26408 0.442223 0.331932 0.177542 0.107995 0.0613326 -0.108007 0.00625196 0.485856 0.0936529 -0.0192662 0.16438 0.283734 0.0898153 0.00988757 -0.160086 0.569981 0.499975 0.260084 0.610857 0.692332
internal_weight=36630 27251 9379 7609 15028 4860 1770 4849 1067 10179 12223 1451 899 295 703 233 3398 2749 7970 586 246 505 168 2217 1145 1072 387 2643 604 2209 5665 1089 1218 2407 2163 1142 2519 340 312 262 6558 960 548 589 1559 1084 2350 5104 801 434 656 1553 1453 883 1549 1021 5231 212 157 766 226 149
internal_count=36630 27251 9379 7609 15028 4860 1770 4849 1067 10179 12223 1451 899 295 703 233 3398 2749 7970 586 246 505 168 2217 1145 1072 387 2643 604 2209 5665 1089 1218 2407 2163 1142 2519 340 312 262 6558 960 548 589 1559 1084 2350 5104 801 434 656 1553 1453 883 1549 1021 5231 212 157 766 226 149
is_linear=0
shrinkage=0.03


Tree=15
num_leaves=63
num_cat=0
split_feature=0 0 0 24 24 24 0 8 23 8 26 23 7 26 23 0 26 22 26 26 0 26 12 23 26 26 0 24 26 7 23 22 23 7 26 22 14 5 23 26 26 13 7 26 23 26 7 26 13 23 9 26 5 13 26 23 23 26 12 12 22 26
split_gain=969745 188562 165201 57775.6 51631.3 34573.2 30240.5 20528.1 17510.8 17007 16887.6 16770.2 15753.7 13403 13080.6 11913.9 11892.9 10127.8 9796.35 9795.58 8918.46 8915.1 12098 8607.37 9687.89 8156.83 7634.57 7441.16 7396.99 6896.05 6504.64 6132.27 5625.81 6944.56 5964.6 7511.65 6413.98 6401.96 5402.23 5149.37 5138.97 5058.53 4974.17 4930.33 4783.5 4679.43 4610.3 4590.76 4524.69 4331.67 4306.99 4248.86 4237.36 4172.18 4119.05 4260.63 4042.01 3988.33 3985.62 3954.49 3788.11 3701.73
threshold=24.050000000000004 39.050000000000004 14.925000000000002 0.29999999999999649 0.40000000000000374 0.10000000000000007 66.40000000000002 27.016666666666669 6.5604166666666677 10.008333333333335 130.50000000000003 6.8479166666666673 26.016666666666669 510.00000000000006 9.7208333333333368 52.100000000000009 818.50000000000011 0.19936034309715228 976.50000000000011 529.50000000000011 31.950000000000003 663.50000000000011 1.5000000000000002 5.293750000000002 211.50000000000003 498.50000000000006 17.910000000000004 3.6000000000000045 76.500000000000014 14.925000000000002 7.4708333333333341 0.44618082326431202 10.664583333333335 33.850000000000009 440.50000000000006 0.9426055981926128 0.25000000000000017 45.94852941176471 5.9729166666666673 171.00000000000003 20.500000000000004 0.68301270189221941 45.94852941176471 880.00000000000011 5.7666666666666684 105.50000000000001 34.033333333333339 11.500000000000002 -0.6830127018922193 5.2020833333333352 38.002083333333339 1351.0000000000002 24.683333333333337 0.93301270189221952 130.50000000000003 6.479166666666667 5.7666666666666684 382.50000000000006 3.5000000000000004 3.5000000000000004 0.59480013772226059 157.50000000000003
decision_type=10 10 8 10 8 10 10 8 10 8 2 10 8 2 10 10 2 2 2 2 10 2 2 10 2 2 10 10 2 10 8 2 10 10 2 2 2 10 10 2 2 2 10 2 10 2 8 2 2 10 8 2 8 2 2 10 10 2 2 2 2 2
left_child=2 3 9 8 7 6 11 14 16 -1 40 13 26 23 38 18 49 42 21 48 52 22 57 24 -3 60 -6 28 50 -15 61 54 34 58 35 39 -36 -38 45 -13 47 46 -9 -32 -30 -4 -8 -7 -19 -2 -5 -27 -10 -45 55 -11 -29 -12 -34 -37 -22 -14
right_child=1 5 4 27 12 10 41 17 20 31 15 32 30 29 -16 -17 -18 19 -20 -21 25 -23 -24 -25 -26 51 -28 56 44 -31 43 -33 33 -35 36 59 37 -39 -40 -41 -42 -43 -44 53 -46 -47 -48 -49 -50 -51 -52 -53 -54 -55 -56 -57 -58 -59 -60 -61 -62 -63
leaf_value=-0.22129620091659222 0.40467054647502126 0.96815170079469681 0.073604419635336718 -0.010555044725214657 -0.1205803869093191 0.11024309715942332 0.96067809157901329 0.059140600937376303 0.22689709091611238 -0.11105849021848764 0.72717941622523696 0.40477390623754922 0.0075799124122564515 0.57483174814283855 -0.058656707991541976 0.53504936379677215 0.75458416215011048 0.44470068053952577 -0.032160385838576722 0.55398443672873754 0.12937145432504604 0.57389615457598908 0.16731010720538703 0.4355137698540068 0.47824819599206625 0.40809886795165951 -0.058847164981930794 0.086693599866437057 0.32885755058282462 0.98482100024819363 -0.07166316144139824 -0.092073576610858701 0.28868429993678413 0.50975857474301989 0.6530682223125599 0.58590123440783748 0.56667138034535436 0.21329590953780678 0.049982408390112795 0.17747557358510457 0.083008201400276094 1.0924454304479783 0.37891115237474438 0.21362928828664798 0.12517674698438069 0.29608455697360214 0.58292183810756326 0.47288591427888188 0.14140655650846898 0.26603264167743562 0.25138946397673512 0.12696323156356809 0.12319231601215236 -0.088081368570300661 -0.092710902087415004 -0.18616592714430966 -0.02258454016447185 0.3823767566519814 -0.061828154396937514 0.35101986342397601 0.245424991514439 0.12124045846909939
leaf_weight=5397 283 68 178 547 3504 57 54 352 464 818 51 162 597 60 1048 293 56 58 70 110 394 119 276 381 78 320 3714 420 117 96 1003 1325 56 57 172 156 97 88 1846 201 305 62 50 110 918 163 63 70 187 716 63 57 1504 66 644 4022 1109 74 61 110 708 454
leaf_count=5397 283 68 178 547 3504 57 54 352 464 818 51 162 597 60 1048 293 56 58 70 110 394 119 276 381 78 320 3714 420 117 96 1003 1325 56 57 172 156 97 88 1846 201 305 62 50 110 918 163 63 70 187 716 63 57 1504 66 644 4022 1109 74 61 110 708 454
internal_value=-0.000511817 0.234948 -0.101624 0.1531 -0.0290625 0.423219 0.501092 0.0613967 0.222208 -0.181521 0.303479 0.464935 -0.0672837 0.582871 0.028488 0.378677 0.329154 0.20203 0.30102 0.3188 0.189476 0.345872 0.278204 0.510566 0.706422 0.24514 -0.0888157 0.055078 0.0993632 0.827133 0.0024108 -0.149994 0.395495 0.238224 0.423249 0.367661 0.52119 0.398579 0.0702473 0.278914 0.149776 0.873365 0.0989131 -0.0459646 0.148202 0.179951 0.757271 0.310125 0.213207 0.305306 0.0164982 0.365593 0.147643 0.100488 -0.163988 -0.173472 0.007433 0.523056 0.105938 0.48877 0.203932 0.0566778
internal_weight=36659 11013 25646 7676 13440 3337 2022 3992 4502 12206 1315 1843 9448 683 3235 883 1055 757 590 355 3447 520 401 527 146 1479 7218 3174 1645 156 2230 6809 1160 174 986 629 357 185 2187 363 432 179 402 1179 1035 341 117 127 245 999 610 377 1968 176 5484 4840 1529 125 117 266 1102 1051
internal_count=36659 11013 25646 7676 13440 3337 2022 3992 4502 12206 1315 1843 9448 683 3235 883 1055 757 590 355 3447 520 401 527 146 1479 7218 3174 1645 156 2230 6809 1160 174 986 629 357 185 2187 363 432 179 402 1179 1035 341 117 127 245 999 610 377 1968 176 5484 4840 1529 125 117 266 1102 1051
is_linear=0
shrinkage=0.03


Tree=16
num_leaves=63
num_cat=5
split_feature=0 8 0 24 24 0 24 0 23 26 0 26 23 23 26 26 23 1 7 5 26 0 0 16 23 26 19 23 0 16 26 26 12 7 26 23 16 0 26 16 26 26 23 16 26 5 13 7 23 7 24 6 6 23 14 14 12 7 23 7 23 14
split_gain=926282 193669 146099 59587 46486.8 37953.9 20760.2 20387.3 20189.8 23483.5 16688.7 15045.7 26364.8 13147.7 11557.1 11401.6 10898.9 9381.99 7477.77 7428.7 7389.41 7275.4 7072.12 6962.97 7735.21 6764.64 8788.06 6622.05 6416.96 6050.21 5947.78 12727.6 7922.08 5939.77 5669.08 5555.25 5263.93 5194.17 4908.51 4504.91 4467.31 4452.3 4408.18 4376.29 4272.45 4249.04 4208.26 5477.93 4098.48 3796.61 3670.76 3654.82 3634.89 3444.07 3354.95 4391.6 6098.46 3297.07 3226.19 3202.82 3629.05 3168.53
threshold=26.525000000000002 15.158333333333335 39.050000000000004 0.40000000000000374 0.90000000000000424 52.100000000000009 0.10000000000000007 11.750000000000002 9.6562500000000018 722.00000000000011 19.983333333333338 116.50000000000001 6.1187500000000012 6.479166666666667 510.00000000000006 603.50000000000011 4.7458333333333353 74.500000000000014 31.950000000000003 54.20000000000001 136.50000000000003 16.925000000000001 20.980000000000004 0 10.864583333333334 440.50000000000006 12.850000000000003 11.277083333333335 22.450000000000003 1 976.50000000000011 663.50000000000011 1.5000000000000002 17.853571428571431 944.50000000000011 5.7666666666666684 2 32.050000000000004 130.50000000000003 3 122.50000000000001 157.50000000000003 5.4937500000000012 4 427.50000000000006 38.100000000000009 0.68301270189221941 36.875000000000007 7.293750000000002 47.100000000000009 1.4000000000000077 30.800000000000001 41.95000000000001 12.245833333333335 -0.5 0.6830127018922193 2.5000000000000004 27.952777777777786 5.5708333333333355 29.050000000000004 6.2312500000000002 1.0000000180025095e-35
decision_type=10 8 10 8 10 10 10 10 10 2 10 2 10 10 2 2 10 10 10 10 2 10 8 1 10 2 2 10 8 1 2 2 2 8 2 10 1 10 2 1 2 2 10 1 2 8 2 10 10 10 8 10 10 10 2 2 2 10 10 10 10 2
left_child=1 7 4 8 13 6 16 29 9 28 18 -7 14 15 -13 42 -4 19 36 51 58 -11 -10 44 37 26 39 46 35 -1 31 32 38 -9 -21 41 -5 -25 -8 -18 48 -3 -2 -22 -15 -39 -27 -48 -31 53 -38 -14 -37 -24 -30 56 -56 -26 -12 -6 -61 -46
right_child=2 3 5 10 59 11 30 33 22 21 20 12 17 23 -16 -17 25 -19 -20 34 43 -23 49 24 57 27 -28 -29 54 40 -32 -33 -34 -35 -36 52 50 45 -40 -41 -42 -43 -44 -45 61 -47 47 -49 -50 -51 -52 -53 -54 -55 55 -57 -58 -59 -60 60 -62 -63
leaf_value=-0.09599946663651733 0.35667924250536559 0.090045937644684396 0.73627851476060591 -0.066976937355273797 -0.007730272851794436 0.27060797027134487 0.16469102782718203 -0.15155931292546243 -0.096142158856752466 0.5400306591817311 0.03564172015774731 0.70063191189735874 0.77943772011728429 0.084576639324047284 1.1381481033325196 0.7397127618879642 0.18517733709886669 0.85684158880319161 0.020035731985830925 0.45181102180044824 0.13532804283151964 0.21144988449377433 0.066576309654800617 0.19683778444432101 0.041811138324047384 0.40080969111732212 -0.0053106413460497198 0.24129832451316441 -0.042521151028297566 -0.17831359643583791 -0.039430144393727891 0.54680383564018809 0.16291528626651813 -0.083861258597969765 0.14698711799383163 0.025587307190564262 -0.060722371996488146 0.33948255489025497 0.4975444824303068 0.40473296976970596 -0.12331517836039102 0.37577318027615547 0.23103030304741384 0.010673971755897592 0.34075762888964484 0.20223027811158986 0.53872732232115705 0.86632886409759513 -0.230561418604734 0.2686703775444273 -0.14407764512580201 0.52928662151756667 0.28093178103749572 -0.055035970302018442 0.38044825420789186 0.12248687623587218 0.11491338225894127 0.22460787208274352 -0.04790660807255246 0.16686325561751442 0.023949572442313345 0.11578013017930298
leaf_weight=442 462 127 94 2582 901 131 59 3103 598 140 508 119 67 714 100 53 96 67 531 205 421 107 549 1085 285 121 58 77 81 1847 63 122 583 1869 75 1429 605 611 123 679 496 80 551 637 119 304 196 60 5034 59 2221 244 52 339 163 872 149 129 2296 259 418 107
leaf_count=442 462 127 94 2582 901 131 59 3103 598 140 508 119 67 714 100 53 96 67 531 205 421 107 549 1085 285 121 58 77 81 1847 63 122 583 1869 75 1429 605 611 123 679 496 80 551 637 119 304 196 60 5034 59 2221 244 52 339 163 872 149 129 2296 259 418 107
internal_value=-0.000342017 -0.0884554 0.257638 -0.0135771 0.169096 0.416689 0.350177 -0.173607 0.0736883 0.116687 -0.0558253 0.570498 0.615293 0.218999 0.900411 0.310777 0.424432 0.520398 -0.0873933 0.482256 -0.00727995 0.39769 -0.015371 0.189829 0.216803 0.401656 0.35088 0.49482 0.0931832 -0.20381 0.242232 0.262237 0.216855 -0.126111 0.370162 0.0548995 -0.0979416 0.241235 0.389641 0.377536 -0.210269 0.200472 0.288335 0.0602764 0.12056 0.293882 0.5466 0.615509 -0.216537 0.0356333 -0.126233 0.583178 0.0345528 0.02015 0.144268 0.157047 0.253638 0.0987695 -0.0327702 0.0293178 0.0786241 0.234242
internal_weight=36674 27337 9337 14546 5998 3339 2331 12791 4745 3200 9801 1008 877 4420 219 1066 1381 658 5939 591 3862 247 1545 3354 2414 1287 833 454 2953 7819 950 887 765 4972 280 1688 5408 2000 182 775 7377 207 1013 1058 940 915 377 256 6881 947 2826 311 1481 888 1265 1184 312 414 2804 1578 677 226
internal_count=36674 27337 9337 14546 5998 3339 2331 12791 4745 3200 9801 1008 877 4420 219 1066 1381 658 5939 591 3862 247 1545 3354 2414 1287 833 454 2953 7819 950 887 765 4972 280 1688 5408 2000 182 775 7377 207 1013 1058 940 915 377 256 6881 947 2826 311 1481 888 1265 1184 312 414 2804 1578 677 226
cat_boundaries=0 1 2 3 4 5
cat_threshold=2 1 1 2 1
is_linear=0
shrinkage=0.03


Tree=17
num_leaves=63
num_cat=0
split_feature=0 0 0 0 25 0 25 23 13 7 23 6 8 25 7 21 25 26 22 23 8 26 26 12 25 26 23 0 12 23 5 23 6 5 26 22 15 23 22 26 23 20 23 25 26 22 23 6 21 13 23 23 9 18 7 3 5 26 26 13 7 22
split_gain=881104 178694 129613 37304.7 35334 31629.3 23611.9 15278.6 15586.6 16697.4 12181.5 10109.2 11224.7 9939.74 10038.8 9274.57 9102.16 9061.53 8525.12 8507.61 8135.8 7569.89 9491.63 12445.2 7511.46 7440.17 7000.29 6997.25 6784.47 5807.77 5714.9 5664.48 5494.54 5332.89 5572.09 6350.57 5179.49 4842.57 4715.22 4640.6 4265.48 4252.27 5169.75 4226.85 4104.23 4093.16 3979.14 3919.1 3876.37 5856.06 3750.63 3642.92 3622.7 3557.09 3503.81 4787.27 3898.43 3477.59 3354.3 3221.75 3113.56 2998.99
threshold=26.525000000000002 17.910000000000004 39.050000000000004 12.15 103.83616972096677 48.050000000000004 133.50009374996574 7.6104166666666684 0.68301270189221941 23.910000000000004 7.5791666666666684 37.95000000000001 43.016666666666673 819.21611965807267 43.100000000000009 0.86159635224327558 93.988153265846975 101.50000000000001 0.34202014332566893 6.6104166666666684 30.841666666666672 438.50000000000006 1324.0000000000002 3.5000000000000004 29.765304031839566 130.50000000000003 6.9479166666666679 21.987500000000004 1.5000000000000002 7.1458333333333348 48.050000000000004 6.8958333333333348 40.050000000000004 55.250000000000007 663.50000000000011 0.9681107762825325 1.0000000180025095e-35 10.297916666666671 -0.34202014332566855 863.50000000000011 10.62291666666667 1.0000000180025095e-35 6.0562500000000012 345.44370293223324 20.500000000000004 0.81408451933196957 8.5020833333333368 12.025000000000002 0.33379414889141273 0.68301270189221941 12.32291666666667 10.297916666666671 42.22708333333334 61.500000000000007 11.925000000000002 64.100000000000009 45.94852941176471 603.50000000000011 880.00000000000011 0.93301270189221952 34.966666666666676 -0.13917310096006552
decision_type=10 8 10 10 10 10 10 10 2 10 10 10 8 10 10 2 10 2 2 10 10 2 2 2 10 2 10 10 2 10 8 10 10 10 2 2 2 10 2 2 10 2 10 10 2 2 10 8 2 2 10 10 8 2 10 10 8 2 2 2 10 2
left_child=1 3 6 24 18 19 20 8 15 30 39 50 -13 31 -15 17 26 -7 27 25 -2 28 23 52 29 44 -5 47 45 -1 -10 32 -8 34 35 -9 -30 -35 -27 57 -36 42 -22 -14 -4 -21 -18 -3 59 -50 58 -26 -23 -20 -19 56 -56 -6 -12 -33 -29 -51
right_child=2 4 5 16 10 7 13 33 9 -11 11 12 43 14 -16 -17 46 54 53 21 41 22 -24 -25 51 38 -28 60 36 -31 -32 48 -34 37 40 -37 -38 -39 -40 -41 -42 -43 -44 -45 -46 -47 -48 -49 49 61 -52 -53 -54 -55 55 -57 -58 -59 -60 -61 -62 -63
leaf_value=-0.15654364432631068 0.071723894298808724 -0.16106501831698256 0.44666343904646305 -0.06501115627613191 0.16741293659750772 0.28686783499028307 0.26152629214740258 0.27561725156307215 0.37803756372859842 1.1877000554514603 0.018950851969298903 0.023238270533110561 0.2468138069319539 0.3159861662722887 0.80044805134043973 0.22184073097039672 0.049643360911746502 0.41011633601258779 0.11582853293735533 0.21789751435518265 0.2935156824954252 0.46895964126064349 0.06807713441550732 0.63469121986627575 -0.067117565787369188 0.36230945444915075 -0.1329545002247054 -0.017569576633251024 0.24985236920696452 -0.21362716059617415 0.7550437281913116 0.24085960101884252 0.55556728140961731 0.36902918675970853 0.69290867140749468 0.59295285710266654 0.078756497114685908 0.055224744850083399 0.58290558227923062 0.40182217551314309 0.40164678847789759 0.049380762183371882 0.15398881261215336 0.56852120602832112 0.18797478762880857 0.57224470594399413 -0.066141836505907034 -0.064643572946400593 0.071758873770368437 0.1307934016417712 -0.052598199940739193 -0.17920519575852517 0.21537631079375025 0.0048303038695921771 0.75449727428093383 0.89285021237924067 0.48851042409028328 0.0071787630254402761 0.12111381034244055 0.082511078549379641 0.11064138032933599 0.40918897892875838
leaf_weight=2207 1767 444 87 1997 1045 83 738 175 52 71 1145 145 80 157 51 85 458 51 300 50 309 73 78 160 629 142 4311 1586 399 5872 119 933 62 198 128 84 265 57 226 69 70 243 1055 68 151 71 641 2607 446 60 464 446 166 1941 89 71 112 138 387 132 191 83
leaf_count=2207 1767 444 87 1997 1045 83 738 175 52 71 1145 145 80 157 51 85 458 51 300 50 309 73 78 160 629 142 4311 1586 399 5872 119 933 62 198 128 84 265 57 226 69 70 243 1055 68 151 71 641 2607 446 60 464 446 166 1941 89 71 112 138 387 132 191 83
internal_value=0.000398356 -0.0860386 0.25161 -0.147618 0.0100805 0.402384 0.168854 0.507777 0.60392 0.80097 0.0874333 0.0462815 0.210833 0.235655 0.434772 0.506799 -0.0975637 0.566458 -0.028667 0.320857 0.11615 0.276492 0.370749 0.429918 -0.18812 0.413248 -0.111445 -0.0511126 0.219218 -0.198033 0.640399 0.218777 0.284314 0.408798 0.470128 0.378537 0.181569 0.298885 0.497784 0.16267 0.589937 0.164999 0.185597 0.394625 0.282537 0.42582 -0.0178892 -0.0786754 0.187079 0.125322 0.0221264 -0.113621 0.292831 0.0196895 0.638303 0.681087 0.606286 0.148721 0.0447583 0.221233 -0.00378888 0.29238
internal_weight=36520 27171 9349 16561 10610 3313 6036 1445 733 242 3541 2289 293 2662 208 491 7407 406 7069 1868 3374 1262 477 399 9154 606 6308 4828 785 8079 171 2454 800 712 457 259 664 255 368 1252 198 1607 1364 148 238 121 1099 3051 1654 589 1996 1075 239 2241 323 272 201 1183 1532 1065 1777 143
internal_count=36520 27171 9349 16561 10610 3313 6036 1445 733 242 3541 2289 293 2662 208 491 7407 406 7069 1868 3374 1262 477 399 9154 606 6308 4828 785 8079 171 2454 800 712 457 259 664 255 368 1252 198 1607 1364 148 238 121 1099 3051 1654 589 1996 1075 239 2241 323 272 201 1183 1532 1065 1777 143
is_linear=0
shrinkage=0.03


Tree=18
num_leaves=63
num_cat=5
split_feature=0 0 0 24 24 24 0 0 16 23 0 26 12 26 25 7 25 26 13 23 25 23 23 26 16 25 0 2 23 26 22 25 26 12 14 22 24 9 23 16 23 26 25 23 24 25 23 12 13 26 23 7 23 26 16 16 24 14 23 9 9 24
split_gain=832804 169760 121862 54342.6 43668.5 35856.1 27577.2 18287 16405.3 14888 14269 13797.3 11540.1 13006.4 11205.5 11207.4 10876.5 10316.2 9873.17 9865.95 9174.81 7766.42 7594.21 7222.5 6854.09 6913.62 6768.97 6640.25 5939.55 7167.59 6354.31 5964.59 5588.73 10694.6 5990.51 5216.33 5166.52 4880.1 6236.9 4779.78 4669.83 4896.04 4367.8 5113.22 4170.74 4108.4 4018.83 3984.47 4969.09 3955.85 3873.15 3804.97 3698.4 3987.3 3695.27 3546.43 3450.95 3428.79 3419.08 3409.16 3262.89 3259.21
threshold=26.525000000000002 14.550000000000002 39.050000000000004 0.50000000000000633 0.30000000000000371 0.10000000000000007 66.40000000000002 22.450000000000003 0 6.0291666666666677 19.983333333333338 130.50000000000003 4.5000000000000009 995.00000000000011 819.21611965807267 44.100000000000009 635.70296873523898 976.50000000000011 0.93301270189221952 9.5520833333333339 126.52027679958933 6.3395833333333345 5.6520833333333345 133.50000000000003 1 71.306031483875344 34.966666666666676 41.050000000000004 10.489583333333337 510.00000000000006 0.0087262032186415824 1220.3134155071868 663.50000000000011 1.5000000000000002 0.93301270189221952 0.9426055981926128 0.59999999999999887 43.338541666666679 12.245833333333335 2 5.7666666666666684 79.500000000000014 137.03101054551749 5.9125000000000005 15.950000000000008 31.793731644190437 8.0729166666666696 2.5000000000000004 0.93301270189221952 161.50000000000003 6.793750000000002 22.850000000000005 5.7666666666666684 105.50000000000001 3 4 15.000000000000009 0.6830127018922193 7.4708333333333341 35.82500000000001 13.710416666666669 13.200000000000005
decision_type=10 8 10 8 10 10 10 8 1 10 10 2 2 2 10 10 10 2 2 10 10 10 10 2 1 10 10 8 10 2 2 10 2 2 2 2 10 10 10 1 10 2 10 10 10 10 10 2 2 2 8 10 10 2 1 1 10 2 10 10 8 10
left_child=1 8 4 7 14 6 9 19 45 12 24 36 13 -4 22 59 37 18 32 52 21 44 54 58 -5 50 47 -18 29 35 51 -31 33 34 -13 46 -7 38 -9 -25 56 -42 -8 -44 60 -1 -11 48 -24 -48 61 -30 53 -3 -2 -28 -6 -23 -12 -16 -10 -26
right_child=2 3 5 10 40 11 42 16 20 28 23 17 -14 -15 15 -17 27 -19 -20 -21 -22 57 26 39 25 -27 55 -29 30 31 -32 -33 -34 -35 -36 -37 -38 -39 -40 -41 41 -43 43 -45 -46 -47 49 -49 -50 -51 -52 -53 -54 -55 -56 -57 -58 -59 -60 -61 -62 -63
leaf_value=-0.092075061864433413 0.50763449457149168 0.054220638127567673 0.41305500940769441 -0.050183835076819588 0.16578531828345555 0.33288696383054439 0.58747622599559168 0.11959288107011296 -0.1214149443433943 0.36163460332246788 -0.002774026937009462 0.42800125475831935 0.8718509734090012 0.93399602744441768 0.4125187778708958 0.82550286370165205 0.18869939069241284 0.060933454234205257 0.057211508393476274 -0.067864108374625767 -0.058000786109268662 -0.20305476090668337 0.24195244603538013 0.143177946167998 -0.043092736227024288 -0.030278401187029211 0.15233586714123235 0.52665248894691463 0.21184372927873363 0.57689850364412576 0.022050412804275363 0.25652783788385847 0.56486083394910658 0.24221980673143376 0.77742823707646336 0.45649099174920005 0.079074413050739978 0.38743237909343503 -0.033216105175595131 0.0070666271104381428 -0.034323291653464011 0.072261893380866915 1.1158429034002895 0.74490513836281202 -0.1979045116447129 0.062645946049171369 0.36406594347953797 0.1394578594299587 -0.0058577083619311444 0.06284238610303762 -0.15875542099270545 0.55462135557694869 0.036291257941900502 0.30479302469421832 0.2869107744732472 0.29538373366545656 -0.073695630940698809 -0.11888163119453508 -0.068268966168954365 0.11161981372272266 0.0030074704076739267 -0.18172590447616752
leaf_weight=1316 86 130 253 2888 428 91 56 1737 891 357 1469 185 101 52 101 51 125 107 79 920 525 7889 812 378 581 715 198 90 62 308 77 63 163 293 58 338 349 54 279 602 645 973 58 79 515 175 65 1480 80 99 1878 55 1615 102 331 735 62 461 1402 51 241 207
leaf_count=1316 86 130 253 2888 428 91 56 1737 891 357 1469 185 101 52 101 51 125 107 79 920 525 7889 812 378 581 715 198 90 62 308 77 63 163 293 58 338 349 54 279 602 645 973 58 79 515 175 65 1480 80 99 1878 55 1615 102 331 735 62 461 1402 51 241 207
internal_value=0.00130625 -0.0827972 0.245028 -0.0160891 0.16448 0.390174 0.469628 0.0642688 -0.167047 0.433657 -0.0562045 0.268863 0.59391 0.501871 0.223629 0.440678 0.127078 0.337122 0.375107 0.0124008 -0.180244 -0.186664 0.211792 -0.0107538 -0.0841245 -0.113116 0.19657 0.330168 0.387967 0.4123 0.233693 0.522496 0.411035 0.364256 0.511404 0.364707 0.131567 0.105984 0.0984452 0.0595667 0.054345 0.0297727 0.8107 0.901944 -0.127126 -0.0739153 0.305162 0.169644 0.219727 0.18223 -0.135333 0.372979 0.0523811 0.164386 0.332432 0.265026 0.135484 -0.198408 -0.0347573 0.311559 -0.0949257 -0.0795103
internal_weight=36566 27185 9381 15172 6033 3348 2023 5052 12013 1830 10120 1325 406 305 3925 203 2285 885 778 2767 10522 9997 3722 3851 6269 3381 3305 215 1424 1230 194 371 699 536 243 859 440 2070 2016 980 2108 1618 193 137 1647 1491 521 2372 892 164 2666 117 1847 232 417 933 490 8350 2871 152 1132 788
internal_count=36566 27185 9381 15172 6033 3348 2023 5052 12013 1830 10120 1325 406 305 3925 203 2285 885 778 2767 10522 9997 3722 3851 6269 3381 3305 215 1424 1230 194 371 699 536 243 859 440 2070 2016 980 2108 1618 193 137 1647 1491 521 2372 892 164 2666 117 1847 232 417 933 490 8350 2871 152 1132 788
cat_boundaries=0 1 2 3 4 5
cat_threshold=1 1 1 1 2
is_linear=0
shrinkage=0.03


Tree=19
num_leaves=63
num_cat=7
split_feature=2 2 2 24 24 24 23 9 23 26 26 3 25 7 23 23 12 7 26 2 24 16 22 25 16 13 23 24 26 7 24 23 26 24 9 2 26 25 21 26 25 16 16 9 23 7 12 7 9 9 23 5 16 9 13 23 26 16 7 16 5 23
split_gain=745132 157360 105761 47026.1 46208.9 26811.7 31549.6 26219.1 14556.4 14232.7 14046.6 13980.1 13453.4 12550.1 11340.2 10741 10692.9 10599.6 8950.08 8939.95 8656.78 8403.22 7065.75 6996.21 6850.21 7866.61 6845.58 6990.49 6791.71 6686.39 6370.89 6758.1 6372.79 6056.82 5910.79 5780.54 6264.29 6193.27 5531.24 5479.41 5226.15 5217.64 5205.85 5037.4 5004.84 4961.75 4883.54 4462.67 4404.02 4381.59 4237.19 4194.12 4183.08 4128.14 4605.99 3932.63 3892.17 3632.44 3493.96 3403.98 3403.94 3389.98
threshold=26.525000000000002 16.925000000000001 41.050000000000004 0.29999999999999788 1.0000000180025095e-35 0.099999999999996911 5.939583333333335 11.543750000000001 6.5312500000000009 995.00000000000011 308.50000000000006 50.058823529411775 635.70296873523898 27.550000000000004 10.414583333333335 7.8958333333333348 5.5000000000000009 14.425000000000002 585.50000000000011 26.020000000000007 2.7000000000000011 0 0.15643446504023076 105.57107777161649 1 1.0000000180025095e-35 9.2895833333333346 0.29999999999999788 976.50000000000011 22.850000000000005 5.7000000000000073 6.2812500000000009 84.500000000000014 0.35000000000000181 25.043750000000003 67.500000000000014 502.00000000000006 1070.2551817265273 0.41467745240824994 1380.0000000000002 124.37819493095198 2 3 41.76794871794872 6.7145833333333345 16.925000000000001 4.5000000000000009 20.980000000000004 29.044791666666672 29.919791666666672 5.5333333333333341 44.100000000000009 4 22.251041666666669 0.68301270189221941 12.32291666666667 230.50000000000003 5 49.050000000000004 6 14.050000000000002 7.3187500000000023
decision_type=10 8 10 10 8 10 10 10 10 2 2 10 10 8 10 10 2 8 2 8 10 1 2 10 1 2 10 10 2 10 10 10 2 10 10 10 2 10 2 2 10 1 1 10 10 10 2 10 10 8 10 8 1 10 2 10 2 1 10 1 8 10
left_child=1 7 3 8 12 6 11 23 9 51 33 43 15 20 35 60 28 61 24 -14 34 -22 47 42 -10 56 27 -19 45 -13 31 48 -33 38 -6 36 41 -38 -7 49 52 -8 -1 -4 -42 -12 -41 -16 57 -20 -44 53 -15 -2 -55 -17 -26 -5 -46 -32 -3 -9
right_child=2 4 5 30 13 10 14 17 18 -11 16 29 19 40 22 55 -18 26 39 -21 21 -23 -24 -25 25 -27 -28 -29 -30 -31 59 32 -34 -35 -36 -37 37 -39 -40 46 44 -43 50 -45 58 -47 -48 -49 -50 -51 -52 -53 -54 54 -56 -57 -58 -59 -60 -61 -62 -63
leaf_value=-0.035443447014711346 0.54211243873133808 0.35830529033968389 0.72272228289254103 0.23251106853420669 -0.027910232534115419 0.58253845778222269 0.071304293455412754 -0.10400489490564174 0.095866191312390339 0.7408194434124491 0.2188419016602918 0.7438281875577839 0.17767379711368786 0.040085679825511977 0.12051534096399942 0.049370570503803862 0.71293446161975593 0.054949337583887627 0.22922756643774098 0.51889241910675188 -0.042119923986670998 -0.12803311451179039 -0.049019838539909009 -0.030643652196917514 0.22682838372660405 0.13746749951447185 -0.12679960286257366 -0.07035695129366247 0.076445191417629996 1.1307447392231709 -0.17512501342730089 -0.035482517737423031 0.1084431806091789 0.10754050258989052 0.10587040094139237 0.67823535132408141 0.58741588238401166 0.28907270641225136 0.17280714191820309 0.30239717040743147 0.20468196571155203 0.38416099344884913 -0.11236537471360777 0.4081094295442651 0.015123054663579286 0.43333096253777942 -0.088362281165033016 0.48581321473836026 0.30673346362887849 0.43099799166348846 -0.20148167346790549 0.55946956354029032 -0.056960678493250726 0.23613587597711075 0.4358460288051485 -0.084188059685530794 0.36594181771545992 -0.0075615835498119219 0.20475131453480569 0.013228897225409993 0.13667209288374985 -0.17038090405407674
leaf_weight=190 51 66 79 111 2109 52 52 1032 764 69 137 88 210 803 54 1246 73 472 153 103 2317 1837 73 256 693 858 1661 2652 83 74 99 426 791 413 346 80 265 82 69 63 224 620 520 109 613 333 53 68 186 264 6271 51 796 737 121 236 245 116 102 676 1133 2105
leaf_count=190 51 66 79 111 2109 52 52 1032 764 69 137 88 210 803 54 1246 73 472 153 103 2317 1837 73 256 693 858 1661 2652 83 74 99 426 791 413 346 80 265 82 69 63 224 620 520 109 613 333 53 68 186 264 6271 51 796 737 121 236 245 116 102 676 1133 2105
internal_value=0.000165265 -0.0789383 0.231601 0.165402 0.00154304 0.385696 0.46362 -0.143397 0.226911 0.324652 0.275258 0.716317 0.103842 -0.0319414 0.395271 0.082113 0.371677 -0.105687 0.194394 0.28996 -0.0537177 -0.0801128 0.184434 -0.184676 0.171108 0.203115 -0.0775893 -0.0514246 0.326628 0.920568 0.0599802 0.0936485 0.0580633 0.162228 -0.00905561 0.43268 0.413402 0.516914 0.34889 0.306235 0.0247644 0.359952 -0.190325 0.540314 0.0809412 0.37081 0.123861 0.324124 0.198508 0.356967 -0.194658 0.29474 -0.00822508 0.279887 0.2643 0.0281021 0.263164 0.109831 0.0421749 -0.0108318 0.148872 -0.148545
internal_weight=36631 27300 9331 6527 12141 2804 1644 15159 4122 1029 1160 350 2994 9147 1294 2681 626 7922 3093 313 6609 4154 195 7237 2560 1796 4785 3124 553 162 2405 1630 1217 534 2455 1099 1019 347 121 533 2538 672 6981 188 939 470 116 122 413 417 6791 960 1599 909 858 1482 938 227 715 775 1199 3137
internal_count=36631 27300 9331 6527 12141 2804 1644 15159 4122 1029 1160 350 2994 9147 1294 2681 626 7922 3093 313 6609 4154 195 7237 2560 1796 4785 3124 553 162 2405 1630 1217 534 2455 1099 1019 347 121 533 2538 672 6981 188 939 470 116 122 413 417 6791 960 1599 909 858 1482 938 227 715 775 1199 3137
cat_boundaries=0 1 2 3 4 5 6 7
cat_threshold=1 2 2 1 1 1 2
is_linear=0
shrinkage=0.03


Tree=20
num_leaves=63
num_cat=4
split_feature=8 8 8 24 24 24 23 16 23 6 7 26 12 26 23 25 26 26 13 24 16 23 2 16 23 14 12 26 12 26 9 8 5 25 23 23 24 26 8 25 8 17 16 19 26 25 26 8 26 9 26 26 23 7 12 23 6 26 13 26 5 8
split_gain=714742 159269 94346.1 49054 39871.3 25260.2 22461.9 16707.4 14890 14613.8 13129.6 12136.7 13863.2 11505.3 11326.8 11043.5 10768.3 9814.88 8578.56 8394.11 10167.2 7876.45 7170.15 7014.17 8208.15 7394.29 6525.04 5175.4 9606.43 8084.82 5150.43 5134.59 5133.26 4848.17 4798.28 4723.12 4390.99 4281 4255.09 4954.15 3890.49 5754.38 3854.74 3700.42 3871.75 3614.36 3612.82 3600.96 3575.27 3570.16 3636.98 3564.33 3524.14 4588.51 3502.79 3486.21 3358.61 3349.28 6431.82 3289.1 3812.23 3276.89
threshold=26.751126126126128 15.158333333333335 40.808333333333344 0.2000000000000062 0.90000000000000424 0.10000000000000007 6.2312500000000002 0 6.4458333333333355 37.95000000000001 28.950000000000003 995.00000000000011 4.5000000000000009 130.50000000000003 7.9479166666666687 126.52027679958933 603.50000000000011 976.50000000000011 0.93301270189221952 2.7000000000000011 1 6.4229166666666684 47.100000000000009 2 10.864583333333334 0.93301270189221952 2.5000000000000004 663.50000000000011 1.5000000000000002 360.50000000000006 26.106250000000006 18.328828828828829 45.029411764705891 108.4678936264857 5.293750000000002 12.49375 13.950000000000008 20.500000000000004 19.508333333333336 73.197324022214261 68.075000000000003 30.650000000000002 3 10.550000000000002 510.00000000000006 459.6444088254193 123.50000000000001 10.670987654320991 1424.5000000000002 31.252083333333335 427.50000000000006 1179.0000000000002 5.877083333333335 29.050000000000004 1.5000000000000002 4.4062500000000018 45.94852941176471 1049.0000000000002 0.25000000000000006 294.50000000000006 26.020000000000007 37.350000000000009
decision_type=10 8 10 8 10 10 10 1 10 10 8 2 2 2 10 10 2 2 2 10 1 10 8 1 10 2 2 2 2 2 10 10 8 10 10 10 10 2 8 10 10 2 1 2 2 10 2 10 2 10 2 2 10 10 2 10 10 2 2 2 8 10
left_child=1 7 4 9 8 6 11 46 16 14 19 12 -4 37 38 21 34 18 27 30 -21 36 32 25 26 -10 57 28 29 -15 -5 45 43 42 61 -16 -9 -7 39 -3 41 48 -12 44 -8 -11 -1 -23 -24 -28 -51 -35 53 -6 -32 -22 -43 58 59 60 -25 -2
right_child=2 3 5 10 52 13 22 15 23 31 33 -13 -14 17 35 -17 -18 -19 -20 20 55 47 40 24 -26 -27 49 -29 -30 -31 54 -33 -34 51 -36 -37 -38 -39 -40 -41 -42 56 -44 -45 -46 -47 -48 -49 -50 50 -52 -53 -54 -55 -56 -57 -58 -59 -60 -61 -62 -63
leaf_value=-0.076978061924978081 0.32611355686113236 -0.07362011884571984 0.43340381753744839 -0.030947292299376438 -0.0047486967120259514 0.30576991178668461 0.35281859671780064 -0.082614540247464632 0.15838672488409131 0.27818204187429868 0.034393090245354432 1.0146261463165285 0.790487812135788 0.81836471832715552 0.036067173709520201 -0.043577095957887009 0.65815138174194687 0.039513061277340257 0.024680154621601103 -0.045661925286043827 0.030794047316536306 -0.20258282185076407 0.40143023013961143 0.51519874967908597 0.078960596502155936 -0.027026630186832937 0.12046637512071157 0.53965686164796356 0.2274097264998102 0.3914761586877149 0.30019235062369931 0.15964343034380743 0.18331484072382601 0.096517301617463108 0.22860031916040371 -0.08387893369092661 -0.18122465322527287 0.05131681999748209 0.14995378786342398 0.12325092038915263 0.66155090961883312 0.73716025564872034 -0.062440064390623683 0.20015865492376875 0.59484540599584579 0.57518870057598237 0.092776934897801921 -0.16347005231622627 0.13529485590317669 0.17560245053720216 0.31297972025989357 -0.086558437902446189 0.0012462328378468343 0.19788231139364715 0.046057552128165431 -0.13493961576845301 0.41803080741096943 0.45760020702443222 0.17437953796860317 0.54847566748819043 0.26649274085335856 0.58134215667843814
leaf_weight=1502 350 192 278 2411 186 78 232 1162 711 91 736 60 151 52 1714 614 71 98 63 3109 120 5072 416 68 408 266 507 160 282 172 65 172 213 785 686 357 625 251 1212 287 67 71 744 94 80 62 122 3638 51 502 265 109 1095 219 196 2375 51 94 359 62 301 52
leaf_count=1502 350 192 278 2411 186 78 232 1162 711 91 736 60 151 52 1714 614 71 98 63 3109 120 5072 416 68 408 266 507 160 282 172 65 172 213 785 686 357 625 251 1212 287 67 71 744 94 80 62 122 3638 51 502 265 109 1095 219 196 2375 51 94 359 62 301 52
internal_value=-7.41747e-07 -0.0764003 0.230086 -0.00925175 0.163885 0.370695 0.442124 -0.154105 0.206847 0.0791023 -0.0431581 0.614985 0.559091 0.261697 0.0624286 -0.167242 0.300188 0.321391 0.359284 -0.0609985 -0.081861 -0.174475 0.375827 0.176313 0.202359 0.107906 0.22569 0.390936 0.34391 0.490575 -0.0172433 0.272107 0.302589 0.019035 0.276828 0.0153908 -0.117103 0.111643 0.120037 0.0443381 0.444934 0.420294 -0.0142852 0.365164 0.414877 0.398538 -0.0642255 -0.186246 0.372366 0.182236 0.223067 0.074196 0.0292117 0.104822 0.109348 -0.126968 0.603754 0.288314 0.268172 0.346295 0.312325 0.359128
internal_weight=36594 27472 9122 14737 6202 2920 1764 12735 4702 4087 10650 489 429 1156 3762 11111 1159 827 729 8276 5604 10497 1275 3543 2566 977 2158 666 506 224 2672 325 619 2374 1088 2071 1787 329 1691 479 656 589 1480 406 312 153 1624 8710 467 1274 767 894 1500 405 261 2495 122 884 790 431 369 402
internal_count=36594 27472 9122 14737 6202 2920 1764 12735 4702 4087 10650 489 429 1156 3762 11111 1159 827 729 8276 5604 10497 1275 3543 2566 977 2158 666 506 224 2672 325 619 2374 1088 2071 1787 329 1691 479 656 589 1480 406 312 153 1624 8710 467 1274 767 894 1500 405 261 2495 122 884 790 431 369 402
cat_boundaries=0 1 2 3 4
cat_threshold=1 1 2 1
is_linear=0
shrinkage=0.03


Tree=21
num_leaves=63
num_cat=0
split_feature=0 0 0 25 24 0 24 24 24 13 0 13 19 25 7 1 19 8 25 12 3 26 25 26 26 0 0 19 0 26 24 22 0 24 22 5 12 7 13 7 7 9 7 12 13 13 9 21 5 24 17 26 9 7 8 5 22 21 5 7 19 7
split_gain=698467 129956 115594 37279 36379.5 33856.1 17329.9 14723.1 12661.6 12545.9 12117.6 10666.9 9580.66 9506.45 10726.1 9621.37 8849.09 7940.86 7940.82 7661.69 6935.25 6909.23 6201.68 6039.03 5764.36 5509.52 5340.77 5165.33 5109.88 4844.09 5137.99 4614.91 4584.6 4577.6 4554.78 4308.21 4174.58 3992.32 3868.58 3792.4 3785.92 3778.9 3673.07 3586.29 3881.39 5496 3502.5 3464.51 3829.67 3433.77 3362.67 3267.69 2973.33 2966.08 2940 2728.48 2645.25 2577.81 2556.87 2452.76 2444.89 2684.18
threshold=24.050000000000004 37.050000000000004 14.925000000000002 102.18812934611229 0.29999999999999649 48.050000000000004 0.19999999999999998 1.0000000180025095e-35 1.4000000000000077 0.68301270189221941 10.91666666666667 -0.5 9.3500000000000032 661.02229742163161 36.875000000000007 39.050000000000004 10.15 31.016666666666669 819.21611965807267 4.5000000000000009 67.500000000000014 130.50000000000003 21.187412049895233 308.50000000000006 510.00000000000006 58.050000000000004 27.027777777777782 6.0500000000000007 18.414285714285715 76.500000000000014 3.6000000000000045 -0.85260769842926898 18.775000000000002 0.80000000000000815 0.39873388578253677 20.750000000000004 1.5000000000000002 31.950000000000003 -0.24999999999999994 25.040540540540544 37.050000000000004 31.252083333333335 36.050000000000004 2.5000000000000004 0.93301270189221952 0.68301270189221941 31.252083333333335 0.81408451933196979 45.94852941176471 5.1000000000000076 26.450000000000003 542.50000000000011 12.36875 27.550000000000004 38.350000000000009 22.050000000000004 0.9681107762825325 0.382668860952593 29.011111111111116 45.029411764705891 8.3500000000000032 22.050000000000004
decision_type=10 10 8 10 10 10 10 10 8 2 10 2 2 10 10 8 2 8 10 2 8 2 10 2 2 10 10 2 10 2 10 2 8 10 2 8 2 10 2 8 10 10 8 2 2 2 10 2 10 10 2 2 8 10 10 8 2 2 8 8 2 8
left_child=2 4 10 8 18 6 16 9 11 20 52 17 25 14 31 -15 22 -4 26 -18 47 -9 -3 -8 36 -11 55 -23 -10 53 50 -5 -13 51 -12 -28 56 -26 -34 -21 -20 -16 -22 44 45 54 -45 48 -7 -29 -31 -25 -1 -6 58 -2 -24 -33 -37 -60 61 -48
right_child=1 5 3 13 29 7 23 21 28 12 34 32 -14 15 41 -17 19 -19 40 39 42 27 24 33 37 -27 35 49 -30 30 -32 57 38 -35 -36 43 -38 -39 -40 -41 -42 -43 -44 46 -46 -47 60 -49 -50 -51 -52 -53 -54 -55 -56 -57 -58 -59 59 -61 -62 -63
leaf_value=-0.18902703113944319 0.19889406683797506 0.64015547063039691 0.050787444100979406 -0.030146074270553311 -0.02761931299699532 0.53937099046234416 0.097188544529361057 0.15459533459525934 -0.10110153196276839 0.68060229349136359 -0.13436961392269575 -0.1037775433301809 0.44012628533623432 0.10937606035954262 0.12736566102397814 0.47762869919284007 0.28062067305235172 0.39540082566440105 0.27645928431119948 -0.17784952264407586 0.8497066574335097 0.57929562237332843 0.3711125242130624 0.3025728126035796 0.36867373465249936 1.0021409643323798 0.33899968523425555 0.29247547330638474 -0.048617896852087492 0.23067547486126791 0.007284469160600774 0.086691207321604319 -0.17248826447678239 0.37973976480652039 -0.067032900693219905 0.26089560515987564 0.27854804716526366 0.6068945894489246 0.012524411678363536 0.17679442735279305 0.55714470471105271 0.36279916356439174 0.50411446394458892 0.10917371129353545 0.020864074931869023 0.41900766709693393 0.38370947584192805 0.2261190316038714 0.35064042380711902 0.55611625772602147 0.092673750138322783 -0.014307962371967733 -0.13118202012958097 0.062782422466955423 0.43580587052106856 0.084105582346877664 0.62073304016590114 0.01026868350942961 0.12808351396953133 0.32216953685397609 0.13581549147580349 0.20555499738170763
leaf_weight=5636 244 69 1008 1153 968 174 541 147 3897 130 4506 766 99 226 554 89 309 64 143 58 50 102 162 54 144 76 166 276 2921 202 557 799 114 152 1131 351 721 113 944 51 62 69 62 811 79 133 94 88 218 53 745 64 932 493 50 789 50 790 424 68 350 400
leaf_count=5636 244 69 1008 1153 968 174 541 147 3897 130 4506 766 99 226 554 89 309 64 143 58 50 102 162 54 144 76 166 276 2921 202 557 799 114 152 1131 351 721 113 944 51 62 69 62 811 79 133 94 88 218 53 745 64 932 493 50 789 50 790 424 68 350 400
internal_value=-0.000182826 0.198665 -0.0863432 -0.0254889 0.122103 0.336391 0.268876 0.450274 -0.056294 0.526357 -0.153126 -0.0037413 0.682667 0.0558266 0.0410739 0.213422 0.323937 0.0713614 0.17929 0.204337 0.445826 0.332199 0.363645 0.155022 0.347612 0.799228 0.169862 0.392774 -0.0786162 0.0417916 0.079585 0.0155434 -0.0478806 0.270902 -0.120859 0.190566 0.312958 0.473417 -0.00741079 -0.0119152 0.36135 0.153441 0.658397 0.181638 0.223489 0.239091 0.153695 0.396226 0.434414 0.334946 0.12211 0.130705 -0.180819 0.00288586 0.212295 0.111219 0.429985 0.0486964 0.199038 0.154908 0.196476 0.239455
internal_weight=36691 11092 25599 13394 7129 3963 2488 1475 9714 897 12205 2896 305 3680 3365 315 1677 1072 4164 418 592 578 1259 811 1190 206 3959 431 6818 2965 1504 2742 1824 270 5637 2926 933 257 1058 109 205 623 112 2760 1105 1026 1655 480 392 329 947 118 6568 1461 893 1033 212 1589 843 492 844 494
internal_count=36691 11092 25599 13394 7129 3963 2488 1475 9714 897 12205 2896 305 3680 3365 315 1677 1072 4164 418 592 578 1259 811 1190 206 3959 431 6818 2965 1504 2742 1824 270 5637 2926 933 257 1058 109 205 623 112 2760 1105 1026 1655 480 392 329 947 118 6568 1461 893 1033 212 1589 843 492 844 494
is_linear=0
shrinkage=0.03


Tree=22
num_leaves=63
num_cat=4
split_feature=0 0 0 24 24 0 23 23 24 23 26 26 26 14 7 22 16 26 1 23 24 16 24 7 16 1 25 12 26 23 24 25 26 12 7 26 26 14 22 19 12 7 12 7 14 9 12 14 12 12 12 23 22 26 25 26 0 24 25 16 14 23
split_gain=658951 146997 97582.1 39378.4 39336 28956.8 20120.6 17403.2 15352.3 11940.8 12581.5 9710.97 9505.38 9416.54 10168 9283.08 9153.18 8794.28 7653.17 7360.08 6909.29 6904.48 6895.28 6871.41 6666.85 6121.59 6857.16 6117.18 5652.61 6159.09 5746.69 5539.72 5461.34 5190.43 5134.82 6420.47 4973.76 6530.36 6231.3 5223.29 4952.23 4810.62 4764.15 4539.19 4227.26 4154.28 4148.69 4105.89 3974.98 3896.47 3809.04 3987.99 4360.43 4049.64 3790.25 3776.75 3770.36 4609.19 3665.86 4280.15 3378.36 3303.44
threshold=27.975000000000005 17.341666666666672 47.100000000000009 0.2000000000000062 0.30000000000000371 12.550000000000002 6.479166666666667 7.6104166666666684 1.0000000180025095e-35 8.1562500000000018 995.00000000000011 603.50000000000011 510.00000000000006 0.6830127018922193 23.910000000000004 0.71322329076259938 0 1351.0000000000002 39.050000000000004 7.5791666666666684 2.5000000000000018 1 8.650000000000011 26.525000000000002 2 28.050000000000004 360.29596652118062 4.5000000000000009 136.50000000000003 6.2812500000000009 5.7000000000000073 126.52027679958933 154.50000000000003 1.5000000000000002 46.100000000000009 323.00000000000006 1864.0000000000002 1.0000000180025095e-35 0.58068084432175959 6.5500000000000007 3.5000000000000004 34.966666666666676 3.5000000000000004 13.850000000000003 1.0000000180025095e-35 19.835416666666667 2.5000000000000004 0.6830127018922193 2.5000000000000004 3.5000000000000004 2.5000000000000004 5.4229166666666684 0.36648727148060617 26.500000000000004 190.99549652910846 171.00000000000003 40.050000000000004 0.90000000000000047 93.988153265846975 3 0.25000000000000017 7.3416666666666677
decision_type=10 8 10 8 10 10 10 10 10 10 2 2 2 2 10 2 1 2 10 10 8 1 10 8 1 8 10 2 2 10 10 10 2 2 8 2 2 2 2 2 2 8 2 10 2 8 2 2 2 2 2 10 2 2 10 2 10 10 10 1 2 10
left_child=1 5 4 9 6 21 11 8 13 10 50 18 15 14 -4 32 23 42 -2 22 43 -1 -7 44 -17 -11 -27 -19 29 30 -6 47 -8 -10 35 -15 37 48 -39 -40 -20 -22 -14 -18 -5 -43 -26 61 -9 -41 51 -3 -53 -54 55 -48 -30 -58 59 -21 -44 -23
right_child=2 3 7 16 28 19 12 36 33 25 -12 -13 17 34 -16 24 20 27 40 58 41 31 -24 -25 46 26 -28 -29 56 -31 -32 -33 -34 -35 -36 -37 -38 38 39 49 -42 45 60 -45 -46 -47 54 -49 -50 -51 -52 52 53 -55 -56 -57 57 -59 -60 -61 -62 -63
leaf_value=-0.076682677678045111 0.26275645576405848 0.36851465443318537 0.60909448705068447 -0.041074926605118779 0.19945986174241853 -0.007783587623836955 0.19649348172844328 0.3542641539186151 0.51006219661006558 0.014278042657860595 0.49782109956849707 0.65759300283238853 0.26722311909068908 0.71800384354260227 1.0388104725458536 0.096312591935228273 -0.079974051885391501 0.28094064846634864 0.36931686613940595 -0.078142189876690901 -0.11235323924481147 -0.14882552240488917 -0.1036590747015847 0.066171237729797841 0.3110514641811597 0.081228664470748377 0.38466474107433768 -0.09487164455915198 0.10202461432790356 -0.013346031506304387 0.017846904468934725 -0.046688931552633157 0.062615753438081248 0.23881318500356896 0.36272030445285469 0.40419141449682089 0.04962401558371151 0.097303827736617582 0.12823781416245869 0.54207639538004238 0.64301685622409932 0.16710922402740622 0.51929335195767257 0.029866117628654307 0.046459346624743339 -0.05442381432273756 0.18468546564209978 -0.086736804640464141 0.5632339426706422 0.28394303267645205 0.087582450553499086 0.036005127373756836 0.42674551200299032 0.16912651708151025 0.28225460798686575 -0.052832811977956202 0.086999085895393194 0.36774046121028864 -0.050379517844877 -0.14636537199866007 0.29610632573857026 -0.19288358024941638
leaf_weight=758 783 88 123 2135 325 1716 406 169 104 1581 88 79 451 162 83 323 528 72 241 1321 1922 2101 1113 1161 542 317 85 85 627 810 303 310 845 163 115 92 51 123 70 118 79 102 152 944 647 301 277 440 159 95 895 200 63 428 270 77 92 123 817 2216 102 5652
leaf_count=758 783 88 123 2135 325 1716 406 169 104 1581 88 79 451 162 83 323 528 72 241 1321 1922 2101 1113 1161 542 317 85 85 627 810 303 310 845 163 115 92 51 123 70 118 79 102 152 944 647 301 277 440 159 95 895 200 63 428 270 77 92 123 817 2216 102 5652
internal_value=0.000128241 -0.0708615 0.228258 0.0114926 0.180014 -0.12838 0.228886 0.437719 0.532456 0.0913526 0.148182 0.336288 0.193643 0.619748 0.782232 0.166308 -0.0271477 0.28053 0.313275 -0.083177 -0.060393 -0.163441 -0.0455034 0.00486661 0.216922 0.0408571 0.145388 0.0774754 0.0774681 0.0413225 0.111835 -0.171175 0.106064 0.344468 0.529038 0.604339 0.336102 0.356007 0.275578 0.353061 0.436887 -0.0925933 0.325749 -0.00953307 -0.0207174 0.00164658 0.250333 -0.175885 0.455564 0.426946 0.129802 0.178307 0.154084 0.202182 0.197594 0.133022 0.139199 0.247609 -0.107655 -0.120885 0.429667 -0.180944
internal_weight=36620 27929 8691 11485 7064 16444 4784 1627 842 3745 1762 1182 3602 575 206 2740 7740 862 1103 7183 3797 9261 2829 3943 1489 1983 402 157 2280 1438 628 8503 1251 267 369 254 785 734 406 283 320 2325 705 1472 2782 403 1166 8193 328 213 1674 779 691 491 624 354 842 215 4354 3537 254 7753
internal_count=36620 27929 8691 11485 7064 16444 4784 1627 842 3745 1762 1182 3602 575 206 2740 7740 862 1103 7183 3797 9261 2829 3943 1489 1983 402 157 2280 1438 628 8503 1251 267 369 254 785 734 406 283 320 2325 705 1472 2782 403 1166 8193 328 213 1674 779 691 491 624 354 842 215 4354 3537 254 7753
cat_boundaries=0 1 2 3 4
cat_threshold=1 1 2 1
is_linear=0
shrinkage=0.03


Tree=23
num_leaves=63
num_cat=5
split_feature=0 0 0 24 24 0 24 1 23 23 26 23 26 7 16 0 25 16 25 26 22 22 14 26 26 14 6 8 16 14 23 26 6 0 23 24 23 14 26 25 7 0 22 16 5 26 26 18 14 23 23 16 13 6 26 23 23 21 23 23 13 23
split_gain=611006 138220 82637.3 38574.8 31288.5 20604.2 19017.6 21188.3 14109.9 13510.7 12659.8 10427.8 9963.47 9761.37 9563.33 8342.15 7111.46 7965.51 6963.21 6718.37 8608.29 6480.65 6587.41 6298.95 6153.19 6138.86 6118.62 5766.84 5696.33 5494.88 5445.17 5294.63 5218.68 6845.81 5009.47 4662.5 4561.6 4366.45 4238.89 4047.94 3907.65 3945.4 3621.95 3396.61 4234.77 4444.25 3380.7 3378.93 3292.88 3137.29 3060.46 3039.76 3035.99 2973.37 3605.57 2969.53 2940.85 2930.37 2917.04 2883.52 2833.24 3337.97
threshold=27.975000000000005 16.925000000000001 42.050000000000004 1.0000000000000022 0.60000000000000486 10.91666666666667 1.0000000180025095e-35 66.40000000000002 8.1270833333333368 6.5604166666666677 995.00000000000011 7.5791666666666684 130.50000000000003 43.100000000000009 0 22.633333333333336 98.215487781376439 1 187.31191991825128 585.50000000000011 0.68832836526074803 0.39873388578253677 1.0000000180025095e-35 1380.0000000000002 510.00000000000006 0.25000000000000017 44.100000000000009 38.00833333333334 2 -0.68301270189221952 6.479166666666667 133.50000000000003 37.95000000000001 22.908333333333335 5.3333333333333348 13.950000000000008 10.531250000000002 0.6830127018922193 20.500000000000004 89.644246004658783 45.029411764705891 24.750000000000004 0.91702515554752073 3 51.20000000000001 555.00000000000011 136.50000000000003 74.500000000000014 -0.68301270189221952 5.5708333333333355 7.4125000000000014 4 0.93301270189221952 27.952777777777786 995.00000000000011 5.9125000000000005 12.097916666666668 0.087155742747658152 5.6937500000000014 6.9958333333333353 0.68301270189221941 5.377083333333335
decision_type=10 8 10 8 10 10 10 10 10 10 2 10 2 10 1 8 10 1 10 2 2 2 2 2 2 2 8 10 1 2 10 2 10 10 10 10 10 2 2 10 10 8 2 1 10 2 2 2 2 8 10 1 2 10 2 8 10 2 10 10 2 10
left_child=1 5 4 8 9 37 7 11 10 13 29 24 38 27 25 42 17 -7 21 20 -11 22 -14 52 34 39 -26 60 -22 -3 35 55 56 -34 -4 48 -20 50 -8 -5 41 58 -10 44 45 -13 -6 -29 -19 -27 -1 -43 53 54 -21 -16 -17 -9 -31 -24 61 -2
right_child=2 3 6 14 46 16 12 57 15 19 -12 43 18 -15 31 32 -18 30 36 23 28 -23 59 -25 26 49 -28 47 -30 40 -32 -33 33 -35 -36 -37 -38 -39 -40 -41 -42 51 -44 -45 -46 -47 -48 -49 -50 -51 -52 -53 -54 -55 -56 -57 -58 -59 -60 -61 -62 -63
leaf_value=-0.14095921143386833 0.28896092768355286 -0.035212752340407466 0.610339225383149 -0.041145546601465854 0.019354348092061973 -0.062312215596475339 0.30289992030227886 0.82678400100805816 -0.055878535238032302 0.092623763982161697 0.460596953355349 0.32412602828556225 0.4325230993853425 0.60513290104615247 -0.042367643056450494 0.071986841964355008 -0.025277760236078629 -0.14131803420735031 0.31162995340593286 0.078182151177099771 0.096085158016147282 0.67764437759839569 0.31663224386125804 0.064135276950125039 0.7587498938743914 0.17445036142936038 0.41062672821314711 0.29389636877479902 0.2362368875611694 0.17154926723479588 -0.14531331393431257 -0.018746226365903489 0.35611243454849018 0.013592337037020541 0.36960772295375816 -0.16460461821253686 0.072084570434135298 -0.050664695244758647 0.054378608931515332 0.081763343053606316 0.2883890716953052 0.24637956288091989 0.06458703002038442 0.23114808781147503 0.20157811962287214 0.56805621244968507 0.11262074331725401 0.53731019661848234 0.0015415163353700101 0.032109160619195817 -0.18778203508655017 0.12076137982371685 0.1096573150486259 0.40662636804409691 0.36008605582981695 -0.12080879993066691 -0.029881264742560171 0.56891422009468073 0.055657274520117629 0.0018492630178278142 0.36083253156592832 0.15891592544368713
leaf_weight=1740 291 243 97 2681 1128 2286 85 117 1188 1245 91 158 265 82 568 955 1035 190 173 70 348 65 50 116 113 174 76 109 1044 235 4148 950 119 94 393 340 122 266 226 265 111 245 277 298 102 117 507 97 616 700 4520 593 59 244 98 1846 348 60 1162 55 131 456
leaf_count=1740 291 243 97 2681 1128 2286 85 117 1188 1245 91 158 265 82 568 955 1035 190 173 70 348 65 50 116 113 174 76 109 1044 235 4148 950 119 94 393 340 122 266 226 265 111 245 277 298 102 117 507 97 616 700 4520 593 59 244 98 1846 348 60 1162 55 131 456
internal_value=-0.000138863 -0.0680917 0.221069 0.00429287 0.160299 -0.1295 0.363426 0.430693 0.0628585 0.202021 0.11281 0.390342 0.264497 0.289534 -0.0418569 0.0179506 -0.0990405 -0.109112 0.325076 0.17037 0.149938 0.401377 0.352843 0.262159 0.473351 -0.00937517 0.618764 0.265661 0.201199 0.100586 -0.129321 -0.0787416 0.0672848 0.204953 0.417263 -0.0714367 0.212564 -0.169709 0.122302 -0.0300896 0.114652 0.106023 -0.0331011 0.306841 0.366672 0.427907 0.0482755 0.408514 -0.0321351 0.0604471 -0.174767 0.157487 0.31093 0.339752 0.242626 -0.102352 0.0447803 0.739371 0.0751523 0.151746 0.232144 0.209576
internal_weight=36583 27986 8597 12845 6025 15141 2572 1531 5661 4390 2680 1354 1041 1166 7184 2981 8615 7580 730 3224 2637 435 370 587 679 3820 189 1084 1392 2589 5294 3364 1516 213 490 1146 295 6526 311 2946 2346 2235 1465 675 377 275 1635 206 806 874 6260 838 471 412 168 2414 1303 177 1397 105 878 747
internal_count=36583 27986 8597 12845 6025 15141 2572 1531 5661 4390 2680 1354 1041 1166 7184 2981 8615 7580 730 3224 2637 435 370 587 679 3820 189 1084 1392 2589 5294 3364 1516 213 490 1146 295 6526 311 2946 2346 2235 1465 675 377 275 1635 206 806 874 6260 838 471 412 168 2414 1303 177 1397 105 878 747
cat_boundaries=0 1 2 3 4 5
cat_threshold=1 1 2 1 1
is_linear=0
shrinkage=0.03


Tree=24
num_leaves=63
num_cat=6
split_feature=1 8 1 25 21 14 3 25 16 22 26 25 7 12 25 26 26 9 8 14 1 1 16 16 12 26 26 12 7 1 5 7 6 25 26 1 8 12 6 21 22 6 19 20 1 7 12 26 7 26 26 16 7 22 5 16 8 26 19 6 9 16
split_gain=575200 122631 82736.8 35959.2 19079.8 16846.5 15687.1 14938 13446.2 9764.44 10980.7 8736.94 10155.8 8272.63 8269.37 7117.45 8298.28 6708.12 6167.79 5875.96 5386.48 5326.61 5389.99 5124.52 4928.61 5686.46 4887.7 6427.94 4557.35 4478.85 4406.01 4322.89 4265 5124.78 3976.9 3933.13 3824.46 3816.6 3808.17 3427.84 3412.82 3389.54 3370.09 3785.13 3050.16 3002.2 2885.82 2853.66 3994.52 4059.82 2835.74 2810.22 2710.73 2700.75 3988.57 2784.22 2650.31 2499.91 2469.03 2405.2 2482.57 2400.21
threshold=26.525000000000002 15.158333333333335 41.050000000000004 98.215487781376439 0.15643446504023087 0.25000000000000017 67.500000000000014 103.83616972096677 0 0.47714059151611404 722.00000000000011 819.21611965807267 44.100000000000009 3.5000000000000004 126.52027679958933 485.00000000000006 571.50000000000011 42.834375000000009 29.504166666666674 0.25000000000000017 48.95000000000001 20.516666666666669 1 2 3.5000000000000004 13.500000000000002 1351.0000000000002 3.5000000000000004 31.950000000000003 36.050000000000004 46.100000000000009 16.925000000000001 45.029411764705891 108.4678936264857 22.500000000000004 9.9500000000000011 21.670833333333338 1.5000000000000002 63.20000000000001 -0.55191596924288666 0.55191596924288711 35.95000000000001 10.750000000000002 1.0000000180025095e-35 12.15 19.911904761904765 1.0000000180025095e-35 164.50000000000003 19.041666666666668 175.50000000000003 123.50000000000001 3 25.81666666666667 0.70088257582277247 28.950000000000003 4 46.008333333333347 190.50000000000003 13.15 20.980000000000004 17.19107142857143 5
decision_type=10 8 10 10 2 2 8 10 1 2 2 10 10 2 10 2 2 10 8 2 10 10 1 1 2 2 2 2 10 10 10 10 10 10 2 10 8 2 10 2 2 10 2 2 10 10 2 2 8 2 2 1 10 2 8 1 10 2 2 10 8 1
left_child=1 8 7 5 6 21 20 18 50 17 23 29 41 36 19 34 -17 28 -2 44 45 22 46 58 30 -26 27 37 51 53 -20 -8 33 -22 -6 -12 -7 -18 -34 -35 -21 -13 43 -36 -10 -4 -3 -25 -49 -50 -1 57 -27 -9 -55 -56 -44 -5 -11 60 -30 -31
right_child=2 3 4 9 15 13 31 11 14 10 35 12 -14 -15 -16 16 26 -19 24 40 32 -23 -24 47 25 52 -28 -29 59 61 -32 -33 38 39 42 -37 -38 -39 -40 -41 -42 -43 56 -45 -46 -47 -48 48 49 -51 -52 -53 -54 54 55 -57 -58 -59 -60 -61 -62 -63
leaf_value=-0.068122943541345696 0.046592644151853851 -0.13269630937157248 0.22776488459506714 0.24280966286258449 0.43695567722199485 0.021459473161382667 0.47659249086971162 0.1258929245434387 -0.17497367881095147 0.047788212439676375 0.46781428044256956 0.35734663311294884 0.73545002144116611 -0.035389041500397442 -0.042055028380774795 0.62530246247638421 0.38291270024525492 0.36299485582571767 0.1581174411441359 -0.14107154006583711 0.32487428737292062 -0.025757407458164228 -0.11942116757212777 0.040680397605786768 0.3707703147801486 -0.0036811694760403367 0.1091601774143055 0.55450112114247585 0.0022354260133579371 0.13712958980809178 0.4042449880497796 0.78997797783497148 0.32461296868200101 0.80813000627926412 0.24545277154265804 0.20613755845291129 0.11005298267980231 0.10705344126321548 0.59984734154409824 0.53178491921054905 -0.058910224672603227 0.086313572205029998 -0.045811467395109287 0.0062684391438961023 -0.13140254871435508 0.36188642389031117 -0.042662681114645058 -0.083757590246200553 0.43846017830339923 0.16944410466158771 0.079998221269675651 -0.025906299136407906 0.10991058898545228 0.26597233931413133 0.018768530858489941 0.17572201308884078 0.18841696627228782 0.032724286860669131 -0.17041446514427661 0.042717180966847852 0.22009636181877568 0.26392856170294104
leaf_weight=1515 1270 374 218 58 64 1060 61 1311 6726 701 92 115 52 1610 617 83 95 52 1009 1096 80 1940 2186 191 55 367 96 97 64 171 70 113 279 56 609 118 748 86 54 145 778 65 85 66 1842 483 2236 50 56 513 126 1415 390 393 127 511 89 421 50 401 178 627
leaf_count=1515 1270 374 218 58 64 1060 61 1311 6726 701 92 115 52 1610 617 83 95 52 1009 1096 80 1940 2186 191 55 367 96 97 64 171 70 113 279 56 609 118 748 86 54 145 778 65 85 66 1842 483 2236 50 56 513 126 1415 390 393 127 511 89 421 50 401 178 627
internal_value=0.00105627 -0.0688051 0.203485 -0.00923421 0.338083 -0.0401769 0.412422 0.144581 -0.136885 0.0628281 0.11711 0.188503 0.366158 0.0140697 -0.148776 0.257288 0.353937 0.0256964 0.0977276 -0.155082 0.377001 -0.0677028 -0.0846699 0.0897114 0.13207 0.0762395 0.293715 0.357446 0.0187829 0.175377 0.174085 0.680113 0.441878 0.52795 0.20891 0.320777 0.0581121 0.251841 0.369246 0.608777 -0.106962 0.259474 0.191719 0.222066 -0.165606 0.320177 -0.0555641 0.14205 0.173329 0.19592 -0.0567498 -0.00464495 0.0548403 0.154462 0.19079 0.144479 0.073995 0.0581626 0.0332607 0.0877913 0.16248 0.236757
internal_weight=36606 27214 9392 14514 2859 10154 1489 6533 12700 4360 1771 3372 232 3418 11059 1370 457 2589 3161 10442 1315 6736 4796 1561 1891 812 374 278 2537 3140 1079 174 614 281 913 210 1808 181 333 201 1874 180 849 675 8568 701 2610 810 619 569 1641 1894 757 2342 1031 638 174 479 751 643 242 798
internal_count=36606 27214 9392 14514 2859 10154 1489 6533 12700 4360 1771 3372 232 3418 11059 1370 457 2589 3161 10442 1315 6736 4796 1561 1891 812 374 278 2537 3140 1079 174 614 281 913 210 1808 181 333 201 1874 180 849 675 8568 701 2610 810 619 569 1641 1894 757 2342 1031 638 174 479 751 643 242 798
cat_boundaries=0 1 2 3 4 5 6
cat_threshold=1 1 2 1 2 2
is_linear=0
shrinkage=0.03


Tree=25
num_leaves=63
num_cat=5
split_feature=0 0 0 25 24 0 24 14 23 16 23 23 13 7 23 9 26 24 25 13 16 0 21 23 26 25 3 14 8 26 21 14 17 23 26 7 26 7 16 23 24 23 5 23 26 22 13 26 0 13 16 9 5 24 26 24 23 24 16 0 25 24
split_gain=548444 107950 91698.5 32045.2 28137.9 26799 14533.5 11912.5 11540.6 11531.8 10477.6 10361.6 10604.4 10844.7 9958.7 9057.22 8197.65 6999.36 6321.85 6307.28 5908.82 5671.56 5666.32 8252.51 5691.31 5652.38 5967.14 5484.49 5482.28 5128.35 5027.01 5508.93 6425.2 4939.14 5149.68 4675.11 4581.11 4514.66 4371.97 4247.5 5669.37 3949.15 3882.26 5472.82 4168.35 4356.26 3857.85 3739.06 3701.2 3569.31 3553.49 4237.71 3466.37 3454.71 3453.79 3417.33 3407.47 3348.41 3201.23 3136.71 3115.85 3092.32
threshold=24.050000000000004 37.050000000000004 14.925000000000002 102.18812934611229 0.29999999999999649 48.050000000000004 0.19999999999999998 0.25000000000000017 4.543750000000002 0 7.3416666666666677 7.6104166666666684 0.68301270189221941 23.910000000000004 7.293750000000002 39.352083333333333 818.50000000000011 1.3000000000000078 126.52027679958933 -0.24999999999999994 1 64.100000000000009 0.25037047035109422 10.414583333333335 510.00000000000006 533.52045197331279 31.100000000000005 0.25000000000000017 30.016666666666669 308.50000000000006 0.86159635224327558 0.93301270189221952 25.950000000000003 5.7666666666666684 80.500000000000014 34.033333333333339 585.50000000000011 15.625000000000002 2 6.4229166666666684 4.7500000000000098 6.5833333333333348 55.250000000000007 10.297916666666671 663.50000000000011 0.97988739209073483 0.93301270189221952 62.500000000000007 62.100000000000009 0.68301270189221941 3 24.120833333333341 22.971428571428575 0.10000000000000488 1660.0000000000002 15.500000000000009 7.5791666666666684 3.6000000000000045 4 9.3166666666666682 24.789779809193536 0.19999999999999649
decision_type=10 10 8 10 10 10 10 2 10 1 10 10 2 10 10 10 2 8 10 2 1 10 2 10 2 10 8 2 8 2 2 2 2 10 2 8 2 10 1 10 10 10 10 10 2 2 2 2 10 2 1 8 10 10 2 10 10 10 1 10 10 10
left_child=2 4 9 7 14 6 8 20 -3 60 35 12 30 21 16 25 49 19 27 28 -4 -14 -10 24 58 -12 -27 59 -9 39 31 53 48 47 -35 -5 46 -31 -19 40 -8 52 44 -44 45 -13 50 -6 -33 -2 -16 -52 -21 -7 -38 56 -29 -36 -24 -11 -1 -58
right_child=1 5 3 10 33 11 29 17 22 18 15 42 13 -15 36 -17 -18 38 -20 41 -22 -23 23 -25 -26 26 -28 55 -30 37 -32 32 -34 34 57 -37 54 -39 -40 -41 -42 -43 43 -45 -46 -47 -48 -49 -50 -51 51 -53 -54 -55 -56 -57 61 -59 -60 -61 -62 -63
leaf_value=-0.075720647760600876 0.18423364566156497 0.69454484270464989 -0.047211125499363425 0.074913668702672978 0.061959991916266603 0.4349036660206318 0.31272081652148204 0.080931255590007828 0.32949231668906548 -0.18165221046574342 -0.0065828510269572297 0.22534482269647158 0.41325561136007305 0.97628121713491578 0.056721632801751333 0.31763957070165805 0.54626394213162932 0.016751012941866338 -0.047778779922254586 0.016861936687978345 -0.1040617811164421 0.78358629766500221 0.30052109154861373 -0.019092413644281634 0.47065580285701558 0.064878987095331492 0.40480053869344418 -0.039636404392710815 0.3749608451704825 -0.0098210079967975608 0.20299222969814487 0.52593405332830212 0.3753120387768008 -0.03395057331125332 0.094343481939997836 0.19795959864091703 0.22893237485647225 0.30292450305540114 -0.08409197588011938 0.016932008120790123 0.0059375859068139733 -0.072979479730315502 0.3075750242635078 -0.013650700052579243 0.48104301928856208 0.49802572222504138 -0.10136763734788429 0.21864074905545508 0.86695374887009136 0.31905541860662839 0.3487498902693027 0.1252881923968748 0.28564338988065718 0.18146471757795424 -0.025069801476266647 -0.186873761397852 0.010032085142697074 -0.0063060397328517249 0.1545614910603979 -0.14472774375413561 0.048054905135386607 -0.16332025354515725
leaf_weight=1340 1322 62 3674 618 456 125 132 718 875 3883 2190 197 125 65 733 89 65 636 555 201 2980 53 249 113 97 219 59 760 62 51 92 54 97 1039 785 505 447 224 988 325 92 450 197 63 193 72 82 196 61 204 82 1114 55 79 54 355 112 479 296 4436 212 535
leaf_count=1340 1322 62 3674 618 456 125 132 718 875 3883 2190 197 125 65 733 89 65 636 555 201 2980 53 249 113 97 219 59 760 62 51 92 54 97 1039 785 505 447 224 988 325 92 450 197 63 193 72 82 196 61 204 82 1114 55 79 54 355 112 479 296 4436 212 535
internal_value=0.000546771 0.177251 -0.0756102 -0.0215829 0.106749 0.301995 0.242498 -0.0500176 0.292815 -0.135205 0.0538618 0.403621 0.481637 0.644631 0.157583 0.0203149 0.216311 -0.00154796 -0.146352 0.0455014 -0.0726717 0.523523 0.277535 0.217319 0.258931 0.0095929 0.137021 -0.151779 0.104303 0.139178 0.403669 0.448049 0.555141 0.0361664 0.0155295 0.130246 0.120387 0.244924 -0.0445993 0.0862082 0.186721 -0.0194634 0.322471 0.22974 0.374658 0.29833 0.100166 0.10906 0.706823 0.202257 0.108733 0.140609 0.074608 0.336758 0.201555 -0.103698 -0.0827124 0.0562018 0.221248 -0.161963 -0.0588132 -0.133312
internal_weight=36679 11047 25632 13444 7058 3989 2516 9764 1692 12188 3680 1473 751 243 4103 2557 1591 3110 10636 1486 6654 178 1630 755 642 2468 278 10081 780 824 508 416 212 2955 2303 1123 2512 275 1624 549 224 706 722 260 462 269 2011 652 115 1526 1929 1196 256 204 501 1762 1407 1264 545 8319 1552 647
internal_count=36679 11047 25632 13444 7058 3989 2516 9764 1692 12188 3680 1473 751 243 4103 2557 1591 3110 10636 1486 6654 178 1630 755 642 2468 278 10081 780 824 508 416 212 2955 2303 1123 2512 275 1624 549 224 706 722 260 462 269 2011 652 115 1526 1929 1196 256 204 501 1762 1407 1264 545 8319 1552 647
cat_boundaries=0 1 2 3 4 5
cat_threshold=1 1 1 2 1
is_linear=0
shrinkage=0.03


Tree=26
num_leaves=63
num_cat=0
split_feature=0 0 0 25 24 2 24 6 14 24 9 0 24 8 25 6 22 13 2 7 6 7 14 24 25 19 5 13 12 13 0 14 6 7 21 25 12 17 3 21 12 12 12 7 7 25 25 12 13 6 24 17 13 11 7 19 25 25 22 25 5 19
split_gain=521787 104206 82213.3 29680 29187.2 26773.1 16436 11734.7 10907.6 9950.82 9292.87 8948.41 7482.45 6884.05 6768.47 6233.33 5802.5 5595.65 5501.76 5493.8 5328.46 4776.2 4496.16 4408.14 4349.48 4335.17 4250.52 4961.21 5114.09 5243.92 4689.96 4172.34 4902.03 4146.7 4123.61 3918.11 3889.1 6138.25 4963.96 3851.71 3775.36 3749.16 3744.84 3533.43 3344.14 3327.98 3306.57 3227.57 3141.83 3088.62 3043.64 3006.7 2868.24 2858.76 2842.04 2704.72 2631.77 2545.67 2516.82 2398.47 2357.61 2301.56
threshold=24.050000000000004 37.95000000000001 14.550000000000002 108.4678936264857 0.20000000000000187 48.050000000000004 0.10000000000000196 37.95000000000001 0.25000000000000017 1.0000000180025095e-35 10.643750000000002 66.40000000000002 1.3000000000000078 43.016666666666673 819.21611965807267 44.100000000000009 0.46173103126271869 -0.24999999999999994 32.050000000000004 51.20000000000001 33.050000000000004 57.150000000000006 0.25000000000000017 7.4500000000000073 706.2455520840623 7.4500000000000011 20.980000000000004 0.93301270189221952 2.5000000000000004 0.68301270189221941 33.850000000000009 -0.24999999999999994 30.800000000000001 12.633333333333335 0.36648727148060617 398.64548466260038 4.5000000000000009 24.050000000000004 43.100000000000009 -0.55191596924288666 1.5000000000000002 4.5000000000000009 1.0000000180025095e-35 28.050000000000004 30.800000000000001 137.03101054551749 105.57107777161649 3.5000000000000004 -0.24999999999999994 35.95000000000001 0.60000000000000486 31.850000000000005 0.68301270189221941 0.37940952255126043 11.033333333333335 9.0500000000000025 4.8168275860622263 102.18812934611229 -0.608738249238853 661.02229742163161 37.050000000000004 6.1500000000000012
decision_type=10 10 8 10 10 10 10 10 2 10 8 10 8 8 10 10 2 2 8 10 8 8 2 10 10 2 8 2 2 2 10 2 10 8 2 10 2 2 10 2 2 2 2 8 10 10 10 2 2 10 10 2 2 2 10 2 10 10 2 10 8 2
left_child=2 4 10 8 14 6 19 16 33 11 46 15 17 43 26 39 55 18 56 25 44 -11 57 54 -17 36 -2 28 29 58 -30 32 -8 -4 -27 -15 -3 -38 -39 -7 42 -36 -33 -9 -16 -13 -1 61 50 -24 -42 59 -41 -47 -6 -5 -10 -12 -28 -18 -32 -14
right_child=1 5 3 7 23 9 31 13 12 21 22 45 47 35 20 24 51 -19 -20 -21 -22 -23 49 -25 -26 34 27 -29 30 -31 60 40 -34 -35 41 -37 37 38 -40 52 48 -43 -44 -45 -46 53 -48 -49 -50 -51 -52 -53 -54 -55 -56 -57 -58 -59 -60 -61 -62 -63
leaf_value=-0.16311949357774186 0.25781122128768214 0.30005868251147977 -0.11115711008594688 0.040480707807840445 -0.021890226674239548 0.74225094368060429 0.07090770477493262 -0.034582937516474926 0.18272875467244581 0.33340922167252202 -0.12716253921169118 0.44869657043148492 0.040446357692923991 0.22289566189658885 0.32039560975936737 0.37285495483858277 0.058214239828962643 -0.01615422477036383 0.35150933791214312 0.53402255584474867 0.13224727904355085 0.025860795176401732 -0.072081894261045595 -0.023692051753265046 0.074956909325325269 0.29215793831646442 0.037947724217484741 -0.021765821288867167 0.092488936140447842 0.35143620542233639 0.24007898438933556 0.048086933377114213 0.31173137081403501 -0.057664494178289762 0.21539819448817485 0.50991714614002326 0.20782192078685122 0.40284073646726276 0.80650116617862988 0.39516129047779192 0.35178511616938252 -0.021117364183761353 0.36884921602076953 0.21893303350286231 0.63468953089714042 0.5826317279846942 -0.014448873314034679 -0.094095408560857172 -0.0011137885737232862 0.1290126422047615 0.085642825309652823 0.26326259883144232 0.60909729342862784 0.86176069100697827 0.071564926288955374 -0.030761749869105244 0.044035247353666651 -0.040183682766155554 0.18560038375999238 0.21431708319285481 0.099973506509111479 -0.055510521344367972
leaf_weight=5528 290 622 1758 854 350 54 116 101 158 499 4442 51 429 98 78 263 1021 719 71 85 81 50 1518 872 53 420 116 166 1608 165 352 55 221 5053 202 76 56 58 52 176 51 86 81 97 50 61 138 750 300 72 160 79 83 72 1794 1094 558 325 996 97 156 473
leaf_count=5528 290 622 1758 854 350 54 116 101 158 499 4442 51 429 98 78 263 1021 719 71 85 81 50 1518 872 53 420 116 166 1608 165 352 55 221 5053 202 76 56 58 52 176 51 86 81 97 50 61 138 750 300 72 160 79 83 72 1794 1094 558 325 996 97 156 473
internal_value=-4.29169e-05 0.172657 -0.0745215 -0.0236692 0.103863 0.296581 0.239501 0.05126 -0.0501038 0.404078 -0.131562 0.470713 -0.00401883 0.210594 0.156398 0.416882 0.0324135 0.044346 0.0996188 0.299412 0.322667 0.305399 -0.106661 0.0331785 0.322891 0.286082 0.147369 0.13837 0.146205 0.193615 0.117593 0.143241 0.228837 -0.0714716 0.232204 0.348261 0.334489 0.463499 0.593662 0.511773 0.0986574 0.144772 0.239129 0.0896143 0.443167 0.654733 -0.159499 -0.0481093 0.0612715 -0.0629757 0.149971 0.084397 0.46372 0.733739 0.0563087 0.000470827 0.0746408 -0.121233 0.170198 0.071758 0.197054 -0.00987249
internal_weight=36510 11001 25509 13486 7074 3927 2565 3517 9969 1362 12023 813 3158 372 4058 629 3145 1506 787 1581 209 549 6357 3016 316 1496 3849 3559 3393 1277 2116 984 337 6811 708 174 788 166 110 313 647 288 136 198 128 184 5666 1652 511 1590 211 1197 259 133 2144 1948 716 4767 1112 1118 508 902
internal_count=36510 11001 25509 13486 7074 3927 2565 3517 9969 1362 12023 813 3158 372 4058 629 3145 1506 787 1581 209 549 6357 3016 316 1496 3849 3559 3393 1277 2116 984 337 6811 708 174 788 166 110 313 647 288 136 198 128 184 5666 1652 511 1590 211 1197 259 133 2144 1948 716 4767 1112 1118 508 902
is_linear=0
shrinkage=0.03


Tree=27
num_leaves=63
num_cat=0
split_feature=0 0 0 24 25 1 23 14 0 23 25 9 24 6 21 7 23 23 0 24 24 12 23 23 6 23 7 0 5 14 7 23 7 7 9 23 24 3 22 24 7 23 14 6 12 5 23 12 5 4 12 9 12 9 23 25 25 7 3 25 14 24
split_gain=480222 96093.1 79481.6 34435.7 27105.4 19310.3 12417.1 11094.7 11043.5 10436.3 10037.6 9242.08 9170.03 8937.11 8923.91 8357.61 8052.49 7136.95 6350.31 6160.57 5028.52 4990.51 4985.62 4958.73 4789.33 4630.73 4621.89 4420.24 4376.19 4322.79 4252.58 4234.97 4036.77 3976.18 3907.47 3532.62 4834.12 3518.7 3473.87 3471.35 3463.91 3462.21 3444.38 7333.12 5637.23 3364.09 3230.45 3153.74 3138.44 3108.12 3046.59 3572.92 3036.74 3102.54 2888.46 2855.76 2652.17 2645.51 2632.71 2591.79 2534.51 3284.04
threshold=24.050000000000004 41.050000000000004 14.550000000000002 0.20000000000000187 108.4678936264857 53.100000000000009 7.6104166666666684 0.25000000000000017 33.850000000000009 7.3416666666666677 83.663676900763704 10.643750000000002 0.10000000000000196 37.95000000000001 0.70088257582277247 11.925000000000002 6.8958333333333348 8.0729166666666696 14.925000000000002 8.650000000000011 7.4500000000000073 2.5000000000000004 4.481250000000002 6.4458333333333355 39.050000000000004 6.0291666666666677 74.500000000000014 18.027027027027028 34.033333333333339 -0.24999999999999994 53.20000000000001 5.8020833333333348 34.033333333333339 12.820370370370373 30.171568627450984 6.3687500000000012 4.3500000000000041 62.100000000000009 0.87878364999916159 5.5000000000000071 18.525000000000002 5.5333333333333341 0.6830127018922193 25.936486486486487 1.5000000000000002 28.050000000000004 10.297916666666671 3.5000000000000004 20.750000000000004 40.166666666666679 2.5000000000000004 31.252083333333335 4.5000000000000009 38.412878787878789 6.5062500000000014 35.907802118426609 398.64548466260038 33.850000000000009 26.020000000000007 105.57107777161649 -0.68301270189221952 12.850000000000003
decision_type=10 10 8 10 10 10 10 2 10 10 10 8 10 10 2 10 10 10 10 8 10 2 8 10 10 10 8 8 10 2 10 10 8 8 8 10 10 8 2 10 10 10 2 10 2 8 10 2 8 10 2 10 2 8 10 10 10 10 8 10 2 10
left_child=2 3 11 8 7 12 10 33 17 32 21 59 16 38 15 -12 24 48 56 26 31 -7 -21 60 47 -17 27 54 -8 39 41 34 -6 -4 57 36 -31 -27 -11 -14 -25 49 43 -18 -44 -19 -46 -3 -2 -10 -50 -52 -43 -54 -9 -33 -15 -5 -29 -1 -13 -62
right_child=1 5 4 20 9 6 28 19 30 13 14 23 29 18 -16 25 42 45 -20 22 -22 -23 -24 40 -26 37 -28 58 -30 35 -32 55 -34 -35 -36 -37 -38 -39 -40 -41 -42 52 44 -45 46 -47 -48 -49 50 -51 51 -53 53 -55 -56 -57 -58 -59 -60 -61 61 -63
leaf_value=-0.15817698465055105 0.3034157494721329 0.41270948987740735 -0.10764818659308711 0.035559823074972768 0.072424480719352466 0.49349273217297518 0.5722594429114285 0.059148581032194704 0.26145237177222869 -0.024565772636347721 0.40463882142038482 -0.12654382987493515 0.21776146808990324 0.21152772277593612 0.33459561185369008 0.94288544192910195 0.0018007620939841638 0.13298664175004191 0.031281794588383587 0.1981376444990352 -0.018751748446217614 0.12174189948004026 -0.08731668149389453 -0.13183534248891909 0.28797208027406168 0.49936557088615524 -0.15339444043895892 0.049834736355337285 0.27616128329652057 0.34750599937720433 0.43202608656398084 -0.00054460065603626439 0.1887601332159709 -0.055187737588987533 0.28368999762518798 0.050867622490310273 0.018470736918970942 0.83450725280576277 0.069458353300201323 0.47966531568339887 -0.077573719402276906 0.22226192121055566 0.43802448510715403 0.39097170149028077 0.18646819049282776 0.043379209385397299 -0.067468557577088195 0.62267878532409671 0.219079753358875 0.5289466803478744 0.086657097843289371 0.21740595674074262 0.18432611479478722 -0.015748829854265699 -0.056678960782204135 0.07312840860539481 0.47433066220716991 0.20703388711437584 0.16095195384943944 -0.021649846634245476 0.018910103179010342 -0.092914059460911913
leaf_weight=5605 157 169 1754 249 568 65 51 292 149 1738 67 297 244 93 79 96 52 701 148 59 946 65 826 3600 165 59 124 1088 377 108 86 805 509 5027 128 268 64 54 444 56 1500 1096 73 269 302 816 53 104 525 53 600 274 204 106 576 1150 55 120 233 128 582 398
leaf_count=5605 157 169 1754 249 568 65 51 292 149 1738 67 297 244 93 79 96 52 701 148 59 946 65 826 3600 165 59 124 1088 377 108 86 805 509 5027 128 268 64 54 444 56 1500 1096 73 269 302 816 53 104 525 53 600 274 204 106 576 1150 55 120 233 128 582 398
internal_value=-0.000513488 0.165258 -0.0716534 0.112976 -0.0216936 0.315569 0.429217 -0.0470339 0.164992 0.0494375 0.533149 -0.127488 0.261723 0.0155505 0.615738 0.696209 0.313395 0.131089 0.170236 -0.000971878 0.0400032 0.307617 -0.0682864 -0.102638 0.415575 0.789679 0.024784 0.0348773 0.311444 0.178838 0.226492 0.0626713 0.127406 -0.0687574 0.140867 0.118967 0.225074 0.659522 -0.00543346 0.26665 -0.115876 0.215499 0.253643 0.327928 0.197928 0.0847865 0.148557 0.492698 0.176232 0.331637 0.161959 0.127647 0.198814 0.115913 -0.0177139 0.0427925 0.309191 0.0913237 0.0694338 -0.155129 -0.0497711 -0.0265042
internal_weight=36649 11005 25644 8165 13534 2840 913 9979 4767 3555 485 12110 1927 2478 355 276 1187 3073 296 3198 3398 130 885 6377 438 209 2313 2189 428 740 1694 2452 1077 6781 497 440 172 113 2182 300 5100 1608 749 321 428 1517 355 273 1556 202 1399 874 1406 310 868 1955 148 369 1321 5733 1277 980
internal_count=36649 11005 25644 8165 13534 2840 913 9979 4767 3555 485 12110 1927 2478 355 276 1187 3073 296 3198 3398 130 885 6377 438 209 2313 2189 428 740 1694 2452 1077 6781 497 440 172 113 2182 300 5100 1608 749 321 428 1517 355 273 1556 202 1399 874 1406 310 868 1955 148 369 1321 5733 1277 980
is_linear=0
shrinkage=0.03


Tree=28
num_leaves=63
num_cat=5
split_feature=0 0 0 24 24 0 24 0 23 16 23 23 23 13 23 7 16 25 9 25 3 16 4 22 0 7 6 6 16 22 5 7 21 23 7 24 23 21 7 14 7 17 8 16 22 0 6 14 12 24 23 14 6 23 23 12 12 25 14 23 1 23
split_gain=452528 108435 62872.1 27703.1 24649.1 22485.5 18997.5 17418.8 10824.8 10488.6 9206.83 7358.08 7110.57 6703.94 9324.78 9506.64 8721.84 6170.01 6070.94 6009.61 5645.96 5350.08 5173.05 5137.08 5677.7 4756.59 4557.42 4431.36 4381.08 4373.56 4328.71 4171.46 4063.95 4025.16 4024.54 3937.14 3918.42 3729.36 4251.92 3709.23 3620.08 3617.08 3516.45 3343.89 3181.31 3135.09 3043.45 4057.48 4227.93 2963.93 2931.44 2887 2884.43 2812.81 2732.89 2656.49 2492.41 3209.5 2491.57 2424.41 2389.29 2387.54
threshold=27.975000000000005 18.027027027027028 38.95000000000001 0.90000000000000424 0.099999999999999964 12.15 0.90000000000000424 66.40000000000002 4.8854166666666687 0 8.1270833333333368 6.8958333333333348 7.522916666666668 0.68301270189221941 9.3187500000000032 27.952777777777786 1 89.644246004658783 43.892708333333339 819.21611965807267 50.058823529411775 2 67.500000000000014 0.47714059151611404 27.027777777777782 34.966666666666676 41.95000000000001 27.027777777777782 3 0.71322329076259938 46.100000000000009 20.980000000000004 -0.043617726472722197 11.227083333333335 41.95000000000001 8.0500000000000096 7.6854166666666686 0.89490028524376763 52.150000000000006 0.93301270189221952 34.033333333333339 26.150000000000002 14.675000000000001 4 0.91702515554752073 23.040000000000003 27.027777777777782 -0.24999999999999994 1.5000000000000002 3.9000000000000008 10.864583333333334 0.25000000000000017 27.952777777777786 5.5333333333333341 5.9729166666666673 2.5000000000000004 2.5000000000000004 169.28762623978295 1.0000000180025095e-35 4.6854166666666694 28.050000000000004 9.5520833333333339
decision_type=10 8 10 8 10 10 10 10 10 1 10 10 10 2 10 10 1 10 10 10 10 1 10 2 8 8 10 10 1 2 10 10 2 10 10 10 10 2 8 2 10 2 10 1 2 8 10 2 2 10 10 2 10 10 10 2 2 10 2 10 8 8
left_child=1 5 6 10 7 21 11 8 -4 25 23 19 17 16 15 -15 52 35 44 26 46 -1 30 54 34 51 -2 -26 39 43 37 32 -16 55 -25 -7 -23 38 56 -13 -19 -9 -11 -14 45 -12 -6 49 -49 50 -48 -5 -10 -53 -3 -30 57 -18 -31 -44 -46 -41
right_child=2 3 4 9 20 12 -8 41 13 42 18 28 29 14 31 -17 22 40 -20 -21 -22 36 -24 24 27 -27 -28 -29 33 58 -32 -33 -34 -35 -36 -37 -38 -39 -40 61 -42 -43 59 -45 60 -47 47 48 -50 -51 -52 53 -54 -55 -56 -57 -58 -59 -60 -61 -62 -63
leaf_value=-0.057522592369503189 0.18382384163684218 0.15104783037615088 0.60289780530889159 -0.022062693232192544 0.060153230422059528 -0.017681091353414748 0.020484852778090673 0.74135751806340122 0.23521370177759843 -0.14001864965073765 -0.029101970218782192 0.10510572499855023 -0.067480105261822423 0.41473458044361317 0.29001942499595529 0.8209465081234063 0.30562139710765673 0.033055478705242496 0.33326090308064116 0.50641390255240137 0.28301833048176306 -0.11331838714804363 0.58115000988136645 0.11603705098974623 0.17629055776633321 0.10131560661162152 0.40604579713443911 0.47659184614332711 0.21933319458193457 -0.14951438859575292 0.19355271455451833 0.37305468319581364 -0.064246602542698386 0.051882143997373772 0.3673286840124208 -0.089210359846241774 -0.15697980586962829 0.14492699654352281 0.56891290896279478 0.039498727991853069 0.26226563766402633 0.47866074488487315 0.052948373599072632 -0.11980240048934911 0.068633145209684776 0.047001387625324666 0.069498213383334645 0.28756406263274664 0.081861795564108192 0.40511157284751531 0.32318760104208105 0.19044912534898945 -0.04346963416285736 0.021739533493366454 0.04075228059322273 0.13865731149563551 0.26564559469872623 0.51768654790689361 0.01206633358143587 -0.063235534014193046 0.27584318039672712 -0.17552137036163074
leaf_weight=721 1077 269 118 1867 247 1585 1240 106 51 528 1009 560 1790 200 68 70 163 337 59 61 416 2751 55 961 96 456 90 82 626 103 337 159 51 301 61 1230 5648 93 70 115 76 85 177 2849 474 942 81 118 378 100 83 112 97 432 814 889 324 106 517 1863 56 78
leaf_count=721 1077 269 118 1867 247 1585 1240 106 51 528 1009 560 1790 200 68 70 163 337 59 61 416 2751 55 961 96 456 90 82 626 103 337 159 51 301 61 1230 5648 93 70 115 76 85 177 2849 474 942 81 118 378 100 83 112 97 432 814 889 324 106 517 1863 56 78
internal_value=0.000675067 -0.0580707 0.190731 0.0194624 0.286927 -0.103242 0.122436 0.35096 0.324336 -0.0269798 0.0717977 0.155731 -0.0680982 0.306511 0.394477 0.520049 0.269315 -0.0330488 0.0325012 0.216135 0.190046 -0.135947 0.297259 0.115518 0.158269 0.0124627 0.200962 0.314632 0.126857 -0.0896117 0.282973 0.27252 0.138191 0.152085 0.131036 -0.0489354 -0.142679 0.322834 0.347789 0.0660171 0.0752346 0.624451 -0.0710147 -0.0996134 0.025349 0.00764296 0.151638 0.18137 0.130799 0.276383 0.19789 -0.00434229 0.0525631 0.0564739 0.0681479 0.171993 0.321687 0.389186 -0.0147769 -0.0531549 0.090527 -0.0474006
internal_weight=36478 27865 8613 10258 3576 17607 5037 2153 1962 5435 4823 3797 8487 1844 548 270 1296 3228 2540 1228 1423 9120 1148 2283 1200 2867 1167 178 2569 5259 1093 278 119 1816 1022 2815 8399 756 663 753 413 191 2568 4639 2481 1951 1007 760 496 264 164 2411 148 544 1083 1515 593 269 620 2040 530 193
internal_count=36478 27865 8613 10258 3576 17607 5037 2153 1962 5435 4823 3797 8487 1844 548 270 1296 3228 2540 1228 1423 9120 1148 2283 1200 2867 1167 178 2569 5259 1093 278 119 1816 1022 2815 8399 756 663 753 413 191 2568 4639 2481 1951 1007 760 496 264 164 2411 148 544 1083 1515 593 269 620 2040 530 193
cat_boundaries=0 1 2 3 4 5
cat_threshold=1 2 1 2 1
is_linear=0
shrinkage=0.03


Tree=29
num_leaves=63
num_cat=5
split_feature=0 0 0 25 0 0 14 26 0 22 26 12 26 26 26 14 9 16 14 17 12 14 12 25 19 22 12 25 16 20 9 12 10 14 21 11 0 26 16 19 17 16 5 26 26 12 21 19 5 19 26 5 16 12 2 9 12 14 17 5 14 14
split_gain=419325 101194 60127.7 20240.9 18644.5 16102.9 11179.8 9955.76 11370.3 8135.72 9250.42 6477.87 6205.91 5979.14 7957.46 7335.9 8858.67 6268.73 6578.34 5861.41 5604.55 5132.56 5127.14 4867.26 4740.33 4448.85 4276.31 3935.8 3905.68 3658.74 3464.06 3425.7 3678.43 3340.34 3260.11 3103.34 3096.01 3078.94 3022.64 2978.02 2970.13 2932.46 2926.27 5555.14 4580.36 3314.56 4115.17 2909.99 2858.33 2851.88 2815.43 2724.25 2563.1 2698.52 2555.76 2954.18 4500.83 2524.65 2514.43 2445.93 2430.12 3220.31
threshold=27.027777777777782 17.341666666666672 47.100000000000009 105.57107777161649 12.15 35.050000000000004 0.25000000000000017 126.50000000000001 66.40000000000002 0.35019404643548474 376.50000000000006 1.5000000000000002 800.50000000000011 438.50000000000006 1351.0000000000002 1.0000000180025095e-35 42.22708333333334 0 0.25000000000000017 25.750000000000004 3.5000000000000004 0.25000000000000017 4.5000000000000009 96.29729210905812 4.9500000000000011 0.49240481012316878 4.5000000000000009 102.18812934611229 1 1.0000000180025095e-35 38.839743589743598 1.0000000180025095e-35 -0.25881904510252113 0.25000000000000017 0.31729257441605213 0.60355339059327384 22.250000000000004 230.50000000000003 2 12.050000000000002 25.150000000000002 3 54.20000000000001 663.50000000000011 944.50000000000011 4.5000000000000009 0.78257835753184668 7.6500000000000012 19.911904761904765 4.7500000000000009 434.50000000000006 12.225000000000001 4 1.0000000180025095e-35 41.050000000000004 40.339583333333344 3.5000000000000004 0.25000000000000017 28.050000000000004 10.316666666666668 0.93301270189221952 1.0000000180025095e-35
decision_type=10 8 10 10 10 10 2 2 10 2 2 2 2 2 2 2 10 1 2 2 2 2 2 10 2 2 2 10 1 2 10 2 2 2 2 2 10 2 1 2 2 1 10 2 2 2 2 2 8 2 2 8 1 2 10 8 2 2 2 8 2 2
left_child=1 4 5 6 21 12 36 34 24 30 51 31 25 17 15 26 -17 -13 22 35 41 27 -19 28 60 -2 -15 -1 -6 39 50 32 58 -30 -4 -10 52 -27 -12 54 -33 -8 43 45 -44 46 -26 -14 -23 -40 -5 -11 53 -3 -20 56 -56 -45 -7 -25 61 -9
right_child=2 3 7 9 23 11 20 8 19 10 38 13 47 14 -16 16 -18 18 29 -21 -22 48 -24 59 42 37 -28 -29 33 -31 -32 40 -34 -35 -36 -37 -38 -39 49 -41 -42 -43 44 57 -46 -47 -48 -49 -50 -51 -52 -53 -54 -55 55 -57 -58 -59 -60 -61 -62 -63
leaf_value=-0.14743706967167974 0.063128947719012063 -0.12663073743869507 0.29504006572067737 0.076593133811848194 -0.048743782563755646 0.46556631263819603 0.12171522987639255 0.58040313855381831 0.56015867972793054 0.28588075133807517 0.14676468868924561 0.011884993417188525 0.38612075214469155 0.31563094617137988 -0.028839911419898268 0.29234500021992188 -0.099640677661563329 0.1062003050783747 0.19236494363573947 0.43304737256526948 -0.015118720745018055 -0.097318937822357648 -0.20548179695010185 0.14878093918785451 0.28728608618508517 0.10078466930880961 0.5570476048787435 -0.033607788450956917 -0.11667094329338121 0.047040565330080872 0.25694951144062866 0.46951186846188814 0.089827291112084928 -0.055151112652943847 0.089971587900575745 0.88140484559333931 -0.0065086238053954958 0.18229789962733781 0.16023782877528922 0.023696655516441054 0.28573046958086229 0.037029519683982513 0.29487098705236403 0.4010154899841622 -0.010486271173826287 0.44678929487286612 0.003476623849377834 0.1777493571231861 0.034167861518433353 0.36430729914477417 0.00020926927379067903 0.061441907813638785 -0.089023144038041471 -0.022280629248697652 0.27227248007124594 0.23005741045158723 0.62004112567541736 0.61744276865039549 0.18123053746788126 -0.023368512340108717 0.659667969417572 0.28414779798984524
leaf_weight=7311 1896 258 132 628 2347 55 596 59 50 51 232 270 86 248 80 155 78 228 562 125 1290 1365 60 80 257 1230 90 284 2625 123 59 107 139 1139 148 59 1407 631 94 65 304 962 210 158 56 86 56 202 167 179 1408 1067 1483 1646 91 253 53 70 57 1039 50 75
leaf_count=7311 1896 258 132 628 2347 55 596 59 50 51 232 270 86 248 80 155 78 228 562 125 1290 1365 60 80 257 1230 90 284 2625 123 59 107 139 1139 148 59 1407 631 94 65 304 962 210 158 56 86 56 202 167 179 1408 1067 1483 1646 91 253 53 70 57 1039 50 75
internal_value=0.00011971 -0.0567989 0.182418 0.0119854 -0.10457 0.144887 -0.0159464 0.349032 0.383713 0.0693965 0.119816 0.197329 0.10576 0.174031 0.251375 0.290634 0.161122 0.1445 0.169452 0.573255 0.0311312 -0.133077 0.0412665 -0.0685833 0.342532 0.0954718 0.379913 -0.143181 -0.0791163 0.201638 0.0303366 0.280245 0.192917 -0.0980548 0.186647 0.734044 -0.043914 0.128423 0.226382 0.220208 0.333576 0.0694253 0.313962 0.349334 0.230585 0.281832 0.236509 0.239971 -0.0829858 0.294042 0.0237697 0.0716802 -0.0594526 -0.0364205 0.233527 0.291797 0.400271 0.467462 0.32086 -0.0110611 0.481186 0.414589
internal_weight=36371 27717 8654 11360 16357 7063 7642 1591 1311 3718 1623 3018 4045 2356 651 571 233 1705 1435 234 2848 9127 288 7230 1077 3757 338 7595 6111 1147 2095 662 251 3764 280 109 4794 1861 505 1024 411 1558 893 627 266 399 313 288 1532 273 2036 1118 3387 1904 959 397 144 228 112 1119 184 134
internal_count=36371 27717 8654 11360 16357 7063 7642 1591 1311 3718 1623 3018 4045 2356 651 571 233 1705 1435 234 2848 9127 288 7230 1077 3757 338 7595 6111 1147 2095 662 251 3764 280 109 4794 1861 505 1024 411 1558 893 627 266 399 313 288 1532 273 2036 1118 3387 1904 959 397 144 228 112 1119 184 134
cat_boundaries=0 1 2 3 4 5
cat_threshold=2 1 2 1 1
is_linear=0
shrinkage=0.03


Tree=30
num_leaves=63
num_cat=5
split_feature=0 0 0 24 24 0 23 23 13 7 16 23 23 23 0 7 8 24 16 12 6 7 24 5 24 21 7 1 9 7 23 13 8 6 23 7 16 23 8 23 21 25 13 7 25 13 9 7 23 6 16 23 6 0 12 6 12 13 6 7 25 16
split_gain=401945 92427.7 52526 25419.9 21741.7 20248.6 13526.7 10097.1 9927.49 11839.7 7467.75 7368.39 6382.72 6155.76 6373.77 5970.59 6863.69 5755.5 5471.29 4836.18 6934.4 4773.56 4690.38 4574.82 4570.08 4970.52 5299.49 6437.51 4536.08 4013.69 3983.98 4207.91 3975.87 6402.44 3887.64 3883.91 3802.63 3918.56 3789.81 3662.98 3662.31 3598.06 3379.18 3341.16 3228.69 3066.5 3008.91 2935.53 2761.2 2597.7 2567.4 2539.85 2518.4 2512.92 2472.99 3199.57 5260.94 2968.11 3078.42 2646.53 3512.28 2378.27
threshold=27.027777777777782 18.916666666666668 47.100000000000009 0.20000000000000187 0.20000000000000365 12.550000000000002 6.5604166666666677 7.6104166666666684 0.68301270189221941 23.910000000000004 0 8.0729166666666696 7.387500000000002 13.852083333333335 33.850000000000009 43.100000000000009 38.00833333333334 8.0500000000000096 1 2.5000000000000004 28.950000000000003 21.806250000000002 2.5000000000000018 54.20000000000001 1.2000000000000026 0.66259481767468287 11.925000000000002 58.050000000000004 37.547916666666673 38.95000000000001 5.377083333333335 -0.5 42.50416666666667 27.952777777777786 7.6854166666666686 13.725000000000001 2 5.9729166666666673 52.308333333333344 7.3187500000000023 0.16504132135358057 34.763010141212753 0.93301270189221952 19.408333333333335 137.03101054551749 0.68301270189221941 19.939583333333335 15.125000000000002 10.26041666666667 69.500000000000014 3 9.5520833333333339 19.041666666666668 21.987500000000004 1.5000000000000002 23.316666666666666 4.5000000000000009 0.68301270189221941 28.950000000000003 18.909459459459462 324.63055040381113 4
decision_type=10 8 10 10 8 8 10 10 2 10 1 10 10 10 10 10 10 10 1 2 10 8 8 10 10 2 10 10 10 8 10 2 8 10 10 10 1 10 10 8 2 10 2 10 10 2 8 10 10 8 1 10 10 8 2 10 2 2 10 10 10 1
left_child=1 5 3 6 11 18 15 8 24 38 21 19 17 14 61 16 -2 43 -1 20 30 -6 35 40 25 26 -4 -28 36 -24 -3 -32 -13 -34 52 -12 -5 -38 -10 53 -9 -18 47 -7 50 -33 -31 -30 49 -25 -14 -49 -20 -23 -16 56 -56 58 -57 -59 -61 -8
right_child=2 4 7 28 10 12 13 23 9 -11 22 32 44 -15 54 -17 41 -19 34 -21 -22 39 29 48 -26 -27 27 -29 42 46 31 45 33 -35 -36 -37 37 -39 -40 -41 -42 -43 -44 -45 -46 -47 -48 51 -50 -51 -52 -53 -54 -55 55 57 -58 59 -60 60 -62 -63
leaf_value=-0.048521779070385955 0.20246555411561556 0.35278699216498455 0.19781875261958218 -0.05362358066644108 -0.017129943108564253 -0.028395674414382 0.16369890496328782 0.38889047865410531 0.25631658851674627 0.87305603956247302 -0.070015454419402393 0.018713873528634455 -0.064275493156196892 -0.14620889155194161 0.27478399098718992 0.5045494874145674 0.59639176915673642 -0.078127344197503251 -0.11060560192079728 0.076267784695882135 0.38648550355579792 0.022582758380332961 -0.09468101923479777 0.15066093742161807 0.12653942584991454 0.20685461121779239 0.38456923626930173 0.68866582494013406 0.0085098637618562754 0.1871172875136137 0.26555364699557771 0.038934498580644399 0.0058181113247691794 0.28959497806123075 -0.14736428366462118 0.037645886760159598 0.13976823437685706 0.030220056731633884 0.53629056272817699 0.011640543777244817 0.22792780828323031 0.32349548733436451 -0.087098303201951471 0.053224218412115193 -0.026020633046207206 0.26327470941469072 -0.029142661961602177 0.15217297666684818 -0.0094240380502664117 0.3815475956499576 -0.10985093975001441 0.32651649866373306 0.024104472673462544 0.13997579310735353 0.1760975531464623 0.28737468365293278 -0.16804742783813154 0.12389831951887983 0.13996565000917949 0.23425263421156922 0.44031745242221015 0.086545426865943284
leaf_weight=746 758 71 71 317 1697 1099 576 267 70 77 477 1547 1851 60 318 92 51 1247 2683 852 123 240 1636 163 80 122 184 95 102 75 129 383 151 136 5753 820 409 1044 115 829 243 295 57 766 789 64 254 393 65 60 2788 93 131 519 124 156 59 95 698 222 112 957
leaf_count=746 758 71 71 317 1697 1099 576 267 70 77 477 1547 1851 60 318 92 51 1247 2683 852 123 240 1636 163 80 122 184 95 102 75 129 383 151 136 5753 820 409 1044 115 829 243 295 57 766 789 64 254 393 65 60 2788 93 131 519 124 156 59 95 698 222 112 957
internal_value=0.000403564 -0.0549455 0.179683 0.144073 0.0180597 -0.0958501 0.185654 0.334049 0.40839 0.560461 -0.0140746 0.0789345 -0.062486 0.154948 0.160396 0.272353 0.253004 -0.0282333 -0.126445 0.125514 0.180005 0.0178532 -0.0462276 0.258218 0.336211 0.371749 0.429226 0.488115 0.0653373 -0.0754537 0.140751 0.114614 0.0377393 0.140291 -0.13323 -0.00194892 0.0405177 0.0610564 0.430354 0.0552376 0.312197 0.36372 0.133447 0.00512756 -0.0821239 0.0710548 0.0201567 0.154827 0.162632 0.212783 -0.091666 0.185535 -0.104334 0.102855 0.198946 0.182495 0.0651437 0.199233 0.166893 0.263613 0.303352 0.115535
internal_weight=36456 27856 8600 6988 10003 17853 4573 1612 814 262 6547 3456 8540 3377 3317 1196 1104 3112 9313 1622 770 3285 3262 798 552 472 350 279 2415 1965 647 576 1834 287 8567 1297 1770 1453 185 1588 510 346 645 1865 5428 447 329 588 288 223 4639 486 2814 759 1784 1466 183 1283 854 429 334 1533
internal_count=36456 27856 8600 6988 10003 17853 4573 1612 814 262 6547 3456 8540 3377 3317 1196 1104 3112 9313 1622 770 3285 3262 798 552 472 350 279 2415 1965 647 576 1834 287 8567 1297 1770 1453 185 1588 510 346 645 1865 5428 447 329 588 288 223 4639 486 2814 759 1784 1466 183 1283 854 429 334 1533
cat_boundaries=0 1 2 3 4 5
cat_threshold=1 1 2 1 1
is_linear=0
shrinkage=0.03


Tree=31
num_leaves=63
num_cat=5
split_feature=0 0 8 25 0 0 14 6 21 0 26 6 8 25 7 26 16 18 21 12 22 17 12 25 25 16 9 9 0 3 7 3 12 26 20 0 16 25 6 9 4 0 7 17 25 18 26 26 12 12 17 9 19 22 18 26 16 0 16 22 6 12
split_gain=375494 74398.3 63001.4 21723.2 15769.4 12131 9276.19 9225.79 8667.8 7026.72 6988.73 6194.25 5870.78 5824.05 5782 5649.13 4731.5 4669.01 4561.86 4542.68 4307.01 4000.21 3902.75 6013.7 3776.74 3712.89 3926.01 4984.99 3610.48 3517.54 3471.34 4569.97 3341.5 2993.74 2950.3 2901.45 2826.5 2824.94 3190.89 3036.79 2820.56 2807.88 4272 2776.37 2775.37 2701.15 2696.85 4028.35 2652.6 2606.82 2540.59 2472.46 2436.84 2785.17 2405.83 2545.66 2389.91 2353.49 2295.82 2246.86 2190.88 2186.94
threshold=24.050000000000004 41.050000000000004 14.004166666666668 108.4678936264857 31.950000000000003 51.20000000000001 0.25000000000000017 37.95000000000001 0.82409480842201688 10.425000000000002 136.50000000000003 44.100000000000009 64.250000000000014 103.83616972096677 36.050000000000004 944.50000000000011 0 85.500000000000014 1.0000000180025095e-35 3.5000000000000004 -0.85260769842926898 26.650000000000002 2.5000000000000004 761.79272449877044 137.03101054551749 1 45.803921568627452 43.338541666666679 17.550000000000004 15.920000000000002 8.9500000000000011 61.95000000000001 4.5000000000000009 35.500000000000007 1.0000000180025095e-35 20.225000000000005 2 281.70377526670075 40.050000000000004 48.088888888888896 22.050000000000004 20.025000000000002 34.033333333333339 29.050000000000004 5.2390150599371763 83.500000000000014 1351.0000000000002 800.50000000000011 1.0000000180025095e-35 1.5000000000000002 25.350000000000005 29.293750000000003 9.9500000000000011 -0.35019404643548441 83.500000000000014 276.00000000000006 3 37.95000000000001 4 0.93663652364155514 39.050000000000004 2.5000000000000004
decision_type=10 10 8 10 10 10 2 10 2 10 2 10 10 10 8 2 1 2 2 2 2 2 2 10 10 1 8 10 8 10 10 10 2 2 2 10 1 10 8 8 8 8 10 2 10 2 2 2 2 2 2 8 2 2 2 2 1 10 1 2 8 2
left_child=2 4 9 6 13 18 16 20 11 56 40 12 17 -2 29 30 48 37 32 28 36 -10 23 51 58 26 27 -20 -8 -9 -13 -32 45 34 -30 -18 -5 39 -39 -7 -6 42 -22 -27 -42 60 47 52 -4 -35 -33 -12 53 -24 -55 -56 -1 -53 -11 -15 -3 -51
right_child=1 5 3 7 10 8 19 14 21 24 22 15 -14 59 -16 -17 35 -19 25 -21 41 -23 46 -25 -26 43 -28 -29 33 -31 31 50 -34 49 -36 -37 -38 38 -40 -41 44 -43 -44 -45 -46 -47 -48 -49 -50 61 -52 57 -54 54 55 -57 -58 -59 -60 -61 -62 -63
leaf_value=-0.045532792319078003 0.035185120376487689 0.39169691491255143 -0.10302141879451072 -0.073351356801772877 -0.03390458495496846 0.49456865523542681 -0.025501202233296272 0.26760884510689092 -0.040392575425005725 -0.055042901086465763 0.32045840976650219 0.15569376735389232 0.73939759926362469 0.08385194341717489 0.31486216913796866 0.10199578613735907 -0.10257462456922403 0.19005811858177182 0.26179157123505703 -0.041371817872572769 -0.012639292891466671 0.28065265676379203 0.080997679856358737 0.46879500182215561 0.011185468913507966 0.079315715440962886 0.15133940686332756 0.59067448414289037 0.1408741333467301 -0.0042051735408313107 0.31838621108225135 0.67593555742786049 0.42699097159523958 -0.047009347877834583 -0.023240922141009038 -0.028575306641366451 0.018100432858064733 0.42701856177738484 0.71169458320817436 0.20109404065153177 0.2438519754924062 0.089785115699983001 0.13732327056414861 0.22038697661423101 0.093458259147690959 0.17337398155891429 -0.039419032353621264 0.31058967108013374 -0.030802972547538571 0.15456273077749738 0.42455029950773016 0.14350043921458927 0.067604790131251008 0.17175372036541039 0.46670223057662186 0.18558536300467232 -0.14211522919453945 0.27178906604975422 -0.1072944594423033 0.15536951429967194 0.24540498254010495 -0.020815447499806228
leaf_weight=240 2664 157 529 499 139 84 696 61 62 936 136 60 66 1531 166 86 2682 60 205 1498 820 80 245 86 307 324 201 52 481 144 233 63 127 312 124 580 779 68 74 51 123 963 216 205 1081 218 65 140 3398 153 85 458 306 489 57 59 5877 179 3953 533 223 110
leaf_count=240 2664 157 529 499 139 84 696 61 62 936 136 60 66 1531 166 86 2682 60 205 1498 820 80 245 86 307 324 201 52 481 144 233 63 127 312 124 580 779 68 74 51 123 963 216 205 1081 218 65 140 3398 153 85 458 306 489 57 59 5877 179 3953 533 223 110
internal_value=-0.000411878 0.145466 -0.0637093 -0.0216561 0.100409 0.27965 -0.0434535 0.0414595 0.358789 -0.116535 0.14807 0.392122 0.48066 0.0644929 0.18325 0.324417 -0.0627133 0.429987 0.230096 -0.00241664 0.025407 0.140478 0.180749 0.230817 -0.0908817 0.188125 0.250658 0.328336 0.0286894 0.0766761 0.367792 0.401193 0.287235 0.0606526 0.107237 -0.0894172 -0.0176073 0.481957 0.575371 0.3837 0.0940502 0.0529068 0.018627 0.133984 0.108822 0.257554 0.149148 0.158606 -0.0405314 0.0116374 0.531559 0.204341 0.1402 0.166334 0.200891 0.32372 -0.138326 0.17955 -0.0972909 0.10232 0.305847 0.0812106
internal_weight=36599 11075 25524 14211 8291 2784 10563 3648 1072 11313 3563 930 403 4728 371 527 7189 337 1712 3374 3277 142 2220 859 5196 987 458 257 1876 205 441 381 725 1180 605 3262 1278 277 142 135 1343 1999 1036 529 1204 598 1361 1296 3927 575 148 773 1156 850 605 116 6117 637 4889 2064 380 263
internal_count=36599 11075 25524 14211 8291 2784 10563 3648 1072 11313 3563 930 403 4728 371 527 7189 337 1712 3374 3277 142 2220 859 5196 987 458 257 1876 205 441 381 725 1180 605 3262 1278 277 142 135 1343 1999 1036 529 1204 598 1361 1296 3927 575 148 773 1156 850 605 116 6117 637 4889 2064 380 263
cat_boundaries=0 1 2 3 4 5
cat_threshold=1 1 2 1 1
is_linear=0
shrinkage=0.03


Tree=32
num_leaves=63
num_cat=5
split_feature=1 1 1 24 24 23 26 16 2 25 23 23 26 23 26 14 6 26 6 16 24 21 12 24 12 16 23 24 26 9 26 6 23 12 26 9 23 22 16 24 25 23 14 26 24 21 26 24 14 26 8 22 24 12 9 16 13 13 23 14 13 12
split_gain=350956 74243.4 53255.7 23727.7 22572.3 13487.2 13744.5 12218.5 11045.1 10169.1 9741.03 8738.59 8142.01 7967.22 10937.1 6837.67 8956.19 7709.41 6688.37 6511.83 6096.41 5732.76 5414.05 5156.41 6536.65 5146.83 5140.25 4894.72 4839.24 4837.95 4835.16 4470.73 4393.77 4324.9 5386.56 4625.98 4244.58 4010.87 4003.3 4610.28 3995.59 3918.97 3820.15 3747.07 3558.87 3541.49 3430.49 3356.51 3542.08 3296.94 3288.2 3060.48 3028.71 2980.8 2979.45 2927.93 2921.16 4526.49 2907.35 2893.63 2840.12 2834.75
threshold=26.525000000000002 16.925000000000001 41.050000000000004 0.29999999999999788 1.0000000180025095e-35 7.7645833333333352 99.500000000000014 0 56.050000000000004 22.45199825916027 5.3333333333333348 6.5312500000000009 585.50000000000011 10.577083333333336 722.00000000000011 1.0000000180025095e-35 28.950000000000003 1864.0000000000002 56.050000000000004 1 14.600000000000003 0.061046214993534555 4.5000000000000009 0.3000000000000021 1.5000000000000002 2 8.1562500000000018 7.4500000000000073 427.50000000000006 20.918750000000003 178.50000000000003 46.100000000000009 10.143750000000002 4.5000000000000009 762.50000000000011 48.088888888888896 7.5791666666666684 -0.35019404643548441 3 2.2500000000000031 116.32063448859454 5.877083333333335 -0.68301270189221952 308.50000000000006 0.2000000000000062 0.87032255546191739 74.500000000000014 10.350000000000003 -0.24999999999999994 28.500000000000004 37.675000000000004 -0.63605400036818849 17.350000000000012 4.5000000000000009 43.892708333333339 4 1.0000000180025095e-35 0.68301270189221941 11.439583333333335 0.6830127018922193 -0.6830127018922193 2.5000000000000004
decision_type=10 8 10 10 8 10 2 1 10 10 10 8 2 10 2 2 10 2 10 1 10 2 2 10 2 1 10 10 2 8 2 10 10 2 2 10 10 2 1 8 10 10 2 2 10 2 2 10 2 2 8 2 10 2 10 1 2 2 10 2 2 2
left_child=1 7 3 10 13 6 27 59 33 36 50 20 18 14 56 16 -7 28 25 -17 42 51 26 24 -21 58 -14 54 -18 -27 40 38 44 34 45 -35 47 -16 -13 -40 -26 52 -6 -23 -11 -8 -43 48 -9 -31 -2 -10 -5 -30 -4 60 -3 -58 61 -1 -44 -12
right_child=2 4 5 41 11 15 8 9 21 32 12 31 22 -15 37 19 17 -19 -20 23 -22 43 -24 -25 30 29 -28 -29 53 49 -32 -33 -34 35 -36 -37 -38 -39 39 -41 -42 46 55 -45 -46 -47 -48 -49 -50 -51 -52 -53 -54 -55 -56 -57 57 -59 -60 -61 -62 -63
leaf_value=-0.049208509843115124 0.26087417362985432 0.1117595750042862 0.28523040009252093 0.12595116836408513 -0.035313243763280038 -0.099897933933469976 0.29082498673115814 -0.11318471905934964 0.4784723233140033 0.031627259832768838 0.23779639931965846 -0.019603521526448158 0.48700160684124122 -0.020591298971112764 0.073058186643596354 -0.058307885485371268 0.16729043785964362 -0.013766600778025965 0.46337242761517267 0.49478997824092702 -0.063605371186601325 0.25028202954817702 0.039977449546568095 0.036665952647274187 0.16902771976183759 0.37172657107217955 0.23829523584415344 -0.07370373030809256 0.3379100589752197 0.3187002591311931 0.087482199254559301 0.16465619977246573 -0.1115694097075306 0.57246841823943295 0.5832928884029388 0.22292895044535396 -0.13976905433581005 0.35935041664809475 -0.028224088721466312 -0.099231921742231735 0.48844170493345995 -0.038460901996833725 0.043592392488362934 0.55740963418269529 -0.061085432183036338 0.084716089568781044 0.046728837203914173 -0.13128642037730265 -0.029099022771435969 0.071772020180414717 0.49281359751873155 0.72999173614591106 -0.10787522317333655 0.51636047517735029 0.058544994846389101 0.034555650149893154 0.0056597995645051163 0.15798505949832925 0.01023948535323143 0.079030950595542077 0.16765368496823943 0.14082192617385311
leaf_weight=2515 288 1051 177 533 386 54 478 887 69 563 441 3166 93 638 58 127 116 62 51 72 549 81 96 165 77 52 382 65 315 50 205 94 915 107 50 50 6498 183 1516 1800 65 678 282 64 1102 89 1142 1490 917 1822 68 118 55 115 74 909 775 227 101 169 404 705
leaf_count=2515 288 1051 177 533 386 54 478 887 69 563 441 3166 93 638 58 127 116 62 51 72 549 81 96 165 77 52 382 65 315 50 205 94 915 107 50 50 6498 183 1516 1800 65 678 282 64 1102 89 1142 1490 917 1822 68 118 55 115 74 909 775 227 101 169 404 705
internal_value=-5.81789e-05 -0.054752 0.158397 0.111657 0.000786114 0.268048 0.332804 -0.0991574 0.382658 -0.111745 0.155133 -0.0225243 0.141051 0.073182 0.0992619 0.200982 0.270364 0.303249 0.122547 0.136382 0.0248561 0.527412 0.24546 0.17872 0.23466 0.117066 0.286989 0.158314 0.339247 0.086296 0.180685 -0.0407531 -0.0587581 0.320568 0.284795 0.46115 -0.125706 0.29045 -0.0437319 -0.0667688 0.315238 0.036747 0.0493717 0.385842 -0.0297357 0.258473 0.0149933 -0.0979646 -0.0704427 0.0783673 0.305177 0.637185 0.10408 0.385635 0.218399 0.069866 0.0768184 0.0401686 0.16454 -0.0411338 0.116655 0.178139
internal_weight=36446 27094 9352 6557 12038 2795 1422 15056 1106 12372 4149 9106 3793 2932 2294 1373 662 608 3222 711 2530 332 571 584 419 3171 475 316 546 1924 347 6576 2580 774 617 157 9792 241 6482 3316 142 2408 1981 145 1665 567 1820 3294 1804 1872 356 187 588 430 251 1595 2053 1002 1247 2684 686 1146
internal_count=36446 27094 9352 6557 12038 2795 1422 15056 1106 12372 4149 9106 3793 2932 2294 1373 662 608 3222 711 2530 332 571 584 419 3171 475 316 546 1924 347 6576 2580 774 617 157 9792 241 6482 3316 142 2408 1981 145 1665 567 1820 3294 1804 1872 356 187 588 430 251 1595 2053 1002 1247 2684 686 1146
cat_boundaries=0 1 2 3 4 5
cat_threshold=1 2 1 1 1
is_linear=0
shrinkage=0.03


Tree=33
num_leaves=63
num_cat=4
split_feature=0 0 0 0 25 0 14 21 2 23 25 23 7 23 9 5 12 16 23 6 21 13 23 14 12 14 16 12 6 25 7 23 6 23 23 25 23 16 7 25 23 23 14 14 25 9 13 12 16 21 14 25 18 3 23 7 10 25 5 5 23 14
split_gain=331912 89610.4 43454 17568 17489.6 11578.3 9269.61 7904.94 6958.93 6709.12 6295.33 5901.23 5397.24 5047.52 4611.89 4466.78 4344.25 4303.11 4172.58 4080.11 4049.06 4100.63 3809.18 5882.87 3802.12 3688.6 3682.29 3582.74 3565.93 3460.11 3350.9 3287.48 3628.52 3264.49 3195.92 3127.15 3088.21 4211.24 3784.07 2973.6 4634.43 2968.08 3190.93 2966.4 2794.65 2762.78 2744.82 2731.52 2682.81 2659.02 2616.99 2541.01 2531.25 2526.31 2478.04 2466.37 2465.29 2449.4 2446.95 2386.76 2360.14 2320.53
threshold=28.950000000000003 18.027027027027028 47.100000000000009 11.683333333333335 133.50009374996574 35.050000000000004 0.25000000000000017 0.061046214993534555 67.500000000000014 6.5312500000000009 93.988153265846975 7.4937500000000021 19.225000000000005 6.5062500000000014 39.352083333333333 22.250000000000004 3.5000000000000004 0 4.3270833333333352 50.058823529411775 0.25881904510252091 0.93301270189221952 10.489583333333337 -0.24999999999999994 4.5000000000000009 0.25000000000000017 1 2.5000000000000004 21.506756756756761 761.79272449877044 17.972972972972979 9.7208333333333368 37.050000000000004 10.81041666666667 7.8437500000000009 140.2857485440222 8.4520833333333361 2 17.972972972972979 110.72393377685457 6.147916666666668 12.32291666666667 -0.5 1.0000000180025095e-35 89.644246004658783 51.212500000000013 0.93301270189221952 5.5000000000000009 3 0.21643137258081216 1.0000000180025095e-35 533.52045197331279 89.500000000000014 58.050000000000004 4.7458333333333353 32.925000000000004 0.37940952255126054 124.37819493095198 15.510000000000002 55.250000000000007 5.5708333333333355 -0.68301270189221952
decision_type=10 8 10 10 10 10 2 2 10 10 10 10 10 10 10 10 2 1 10 8 2 2 10 2 2 2 1 2 10 10 10 10 10 10 10 10 10 1 10 10 10 10 2 2 10 8 2 2 1 2 2 10 2 10 8 10 2 10 8 10 10 2
left_child=1 3 5 25 6 27 12 8 39 17 13 58 -3 61 41 -11 36 35 -19 51 21 52 23 24 -9 44 -15 29 -25 46 -10 32 -12 50 55 -7 37 -8 -38 -4 -41 42 -13 -33 -1 -24 -2 60 -29 -44 -22 -20 -17 -36 -18 -30 -57 -50 -6 -42 -27 -5
right_child=2 4 7 10 11 9 16 22 30 15 31 14 -14 26 -16 20 54 18 19 -21 33 -23 45 28 -26 47 -28 48 34 -31 -32 43 -34 -35 53 -37 38 -39 -40 40 59 -43 49 -45 -46 -47 -48 -49 57 -51 -52 -53 -54 -55 -56 56 -58 -59 -60 -61 -62 -63
leaf_value=-0.13382196885050163 0.14059395885034848 -0.058390376597722046 0.24574631215018383 -0.089602277215128229 0.30728331888400351 0.25495621376021138 0.15409275693406382 0.31027719709608292 0.37605928959591045 0.0093666855628426002 0.016391550265960848 -0.088359277826689536 0.0089916383911217961 -0.055076223321608116 0.23929523997940122 0.2327555480629416 0.15208606515465112 0.41578607126382677 0.10072075951224416 0.41571777502298352 0.28168372667394581 -0.034824740166866014 0.24889610008281821 0.44775023299455641 0.58832353901863099 0.042929244952091057 -0.10301612424111607 0.014738322351283082 0.19289239873209496 0.36109327790141105 0.66488533814163775 0.0080571188530926888 0.27929725022614005 -0.042463941613809675 0.012659388070145772 0.42510307902613509 0.088581301950012584 0.046330760140042365 -0.11744903245198032 0.58270658275660348 0.39158340672977637 -0.032825013609899478 0.10345094880750032 -0.11721718204612178 -0.028922204971313478 -0.052598780098102857 -0.028915883360370515 -0.16279209261864425 0.062978782475582945 0.022426257888893023 0.11276643063095106 0.31934035252170129 0.077130085695934089 0.25051184999446069 -0.013127552449851618 0.47492399051173095 0.21291531986203688 0.13941976593346042 0.12075496513915439 0.20358460187410504 -0.074234520789035849 -0.013894442837220996
leaf_weight=6427 1138 2707 204 472 67 258 526 108 56 185 858 126 1769 2289 108 903 87 65 368 50 96 62 51 60 75 191 3897 504 209 60 102 331 50 106 111 156 158 860 163 85 183 421 854 350 237 59 93 250 919 636 589 55 105 63 1343 73 58 640 1145 91 815 1598
leaf_count=6427 1138 2707 204 472 67 258 526 108 56 185 858 126 1769 2289 108 903 87 65 368 50 96 62 51 60 75 191 3897 504 209 60 102 331 50 106 111 156 158 860 163 85 183 421 854 350 237 59 93 250 919 636 589 55 105 63 1343 73 58 640 1145 91 815 1598
internal_value=0.00113044 -0.0463104 0.17282 -0.0879413 0.0211073 0.137729 -0.00404656 0.313184 0.386582 0.180569 -0.0611833 0.0781513 -0.0317597 -0.0717077 0.0482524 0.149956 0.0354957 0.246361 0.190411 0.159439 0.163932 0.201979 0.252145 0.276116 0.424231 -0.121203 -0.085277 0.0994355 0.228895 0.138631 0.562517 -0.00650113 0.0308687 0.112465 0.203347 0.31907 0.0678084 0.0872274 -0.0160385 0.337208 0.389181 0.0381235 0.056607 -0.0563276 -0.130091 0.0871852 0.127788 -0.0740443 0.0749075 0.0688659 0.13644 0.129146 0.216545 0.0987784 -0.00307609 0.256862 0.35892 0.0943593 0.131066 0.329146 -0.0519897 -0.0311573
internal_weight=36675 28735 7940 17765 10970 6352 7613 1588 721 2998 9845 3357 4476 8256 2145 2046 3137 952 538 473 1861 1070 867 757 183 7920 6186 3354 574 1291 158 1589 908 791 514 414 1707 1386 321 563 359 2037 1616 681 6664 110 1231 1256 2063 1490 685 423 1008 174 1430 340 131 1559 1212 274 1006 2070
internal_count=36675 28735 7940 17765 10970 6352 7613 1588 721 2998 9845 3357 4476 8256 2145 2046 3137 952 538 473 1861 1070 867 757 183 7920 6186 3354 574 1291 158 1589 908 791 514 414 1707 1386 321 563 359 2037 1616 681 6664 110 1231 1256 2063 1490 685 423 1008 174 1430 340 131 1559 1212 274 1006 2070
cat_boundaries=0 1 2 3 4
cat_threshold=1 1 1 2
is_linear=0
shrinkage=0.03


Tree=34
num_leaves=63
num_cat=6
split_feature=0 0 1 24 24 24 23 0 4 23 0 6 23 26 8 26 26 16 26 22 26 23 26 26 16 6 23 16 23 8 15 16 6 22 26 25 11 15 4 26 26 26 14 16 15 25 6 24 25 16 23 6 14 25 23 23 23 17 4 17 22 24
split_gain=318658 61210.9 52880.2 20162.1 17320.1 15560.7 13352.1 10773.7 9992.56 8929.08 7709.73 11636.5 7564.57 7024.21 6517.85 6430.71 6112.52 5456.13 4927.96 4789.44 4777.16 4744.26 4495.41 4689.86 4438.42 4417.81 4403.83 4394.61 4389.84 4305.71 4164.78 4106.48 3995.83 3925.07 3678.55 6232 4526.61 3636.33 3838.14 3570.85 3400.71 3295 3743.58 3106.83 3283.14 4515.92 3812.95 2967.37 2947.73 2896.19 2727.47 2669.47 2592.28 3425.96 2481.28 2333.26 2293.53 2256.5 2464.3 2254.77 2227.35 2226.42
threshold=24.050000000000004 37.050000000000004 16.925000000000001 0.90000000000000424 0.099999999999999964 1.0000000000000022 6.0020833333333359 10.91666666666667 50.058823529411775 7.9979166666666694 4.025925925925927 27.952777777777786 6.8958333333333348 130.50000000000003 68.075000000000003 944.50000000000011 663.50000000000011 0 995.00000000000011 0.59480013772226059 95.500000000000014 6.3687500000000012 20.500000000000004 11.500000000000002 1 47.100000000000009 5.2020833333333352 2 10.758333333333336 52.308333333333344 1.0000000180025095e-35 3 27.027777777777782 0.46173103126271869 537.50000000000011 1070.2551817265273 0.1294095225512602 1.0000000180025095e-35 34.966666666666676 585.50000000000011 139.50000000000003 1864.0000000000002 1.0000000180025095e-35 4 1.0000000180025095e-35 13.690900954558325 22.050000000000004 0.4000000000000003 398.64548466260038 5 10.414583333333335 41.95000000000001 0.6830127018922193 89.644246004658783 6.3395833333333345 7.1208333333333353 5.5708333333333355 24.750000000000004 30.950000000000003 28.650000000000002 0.56638466991089664 14.450000000000008
decision_type=10 10 8 10 10 8 10 10 10 10 10 10 10 2 10 2 2 1 2 2 2 10 2 2 1 8 10 1 10 10 2 1 8 2 2 10 2 2 10 2 2 2 2 1 2 10 8 10 10 1 10 10 2 10 8 10 10 2 10 2 2 8
left_child=2 3 7 9 6 10 8 56 32 18 11 -4 20 22 24 16 21 52 26 27 -12 25 23 -6 30 -15 -2 -9 34 -23 -8 -10 -3 -14 36 -36 60 38 -38 43 61 42 -41 -11 45 -45 -46 50 -13 -5 -21 -28 53 -7 -54 -29 -1 58 -47 -30 -26 -19
right_child=1 4 5 49 13 17 14 19 31 39 12 48 33 15 -16 -17 -18 40 -20 47 -22 29 -24 -25 28 -27 51 55 59 -31 -32 -33 -34 -35 35 -37 37 -39 -40 41 -42 -43 -44 44 46 57 -48 -49 -50 -51 -52 -53 54 -55 -56 -57 -58 -59 -60 -61 -62 -63
leaf_value=-0.061404863599572604 0.25042700608030288 0.55794824516610997 0.032149246589225883 0.036564734762312569 0.0099374553258530784 -0.030220138534055523 -0.058632958930917078 -0.04577700297964464 0.86117759356498724 0.0023094480706285256 0.022608328755327069 0.20913576296636494 -0.035971650174134562 0.2198752733822284 0.49654602720245217 -0.0052335180040681733 0.39345925592292436 -0.070218394431222714 0.36454670690384106 0.058188951518118377 0.16341399339699983 0.093275140878554194 0.014601850403565913 0.34665201207476387 0.087683242784356172 0.57006909496643965 0.12134838938547614 -0.063118782174854296 -0.054513167833027086 0.26633482299083228 0.19676439492990644 0.51542596549899489 0.29211589456968745 0.037454562490886238 0.42287393928779399 0.12858421623356203 0.53881757331899849 0.16709180266371573 0.3026492349824822 0.25351711595634452 -0.012796639242296804 -0.068817126699562733 0.081437150704580435 -0.14186669450667169 0.26953703303039073 0.31737647364365645 -0.0073560593921617014 -0.055989997761843172 0.41649900506672105 -0.033877577339235299 -0.13770036824349616 0.24990427387557973 0.19791603460822407 0.07296348256594859 0.011897375874576115 -0.10973860934190251 -0.129255570453818 0.10585288020044219 0.11726919357506733 0.20046090317809062 0.2214102557609593 -0.14388978738207528
leaf_weight=485 319 62 442 1175 64 2659 80 2033 50 657 416 176 1591 89 89 120 165 1695 97 472 453 377 400 89 159 51 1963 1294 57 197 204 81 284 1114 272 85 83 116 244 238 768 58 218 54 50 116 427 958 95 950 74 157 98 325 189 3814 5937 472 106 69 380 472
leaf_count=485 319 62 442 1175 64 2659 80 2033 50 657 416 176 1591 89 89 120 165 1695 97 472 453 377 400 89 159 51 1963 1294 57 197 204 81 284 1114 272 85 83 116 244 238 768 58 218 54 50 116 427 958 95 950 74 157 98 325 189 3814 5937 472 106 69 380 472
internal_value=-0.000726225 0.134893 -0.0586882 0.0823252 0.230826 -0.00698098 0.282811 -0.0946982 0.424239 0.11561 0.0369747 0.127048 0.0190053 0.153284 0.246108 0.200769 0.228892 -0.0373448 0.154846 -0.0728336 0.0960088 0.190862 0.0675023 0.205804 0.233364 0.347446 0.146506 -0.0830813 0.254406 0.15267 0.124821 0.647392 0.339751 -0.00573254 0.270336 0.352805 0.240355 0.311402 0.362594 0.0740818 -0.0670405 0.144161 0.171251 0.0549421 0.0831704 0.12239 0.0216684 -0.0241776 0.281828 0.00507288 0.0316398 0.130869 -0.0106994 -0.018982 0.0754159 -0.0979285 -0.124131 0.142952 0.22183 0.0851155 0.181962 -0.086265
internal_weight=36484 10924 25560 7057 3867 10493 2315 15067 477 4932 4287 713 3574 1552 1838 999 879 6206 2536 8645 869 714 553 153 1749 140 2439 7141 1465 574 284 131 346 2705 1339 357 982 443 327 2396 2935 514 456 1882 1225 748 477 1504 271 2125 546 2120 3271 2984 287 5108 6422 694 222 126 539 2167
internal_count=36484 10924 25560 7057 3867 10493 2315 15067 477 4932 4287 713 3574 1552 1838 999 879 6206 2536 8645 869 714 553 153 1749 140 2439 7141 1465 574 284 131 346 2705 1339 357 982 443 327 2396 2935 514 456 1882 1225 748 477 1504 271 2125 546 2120 3271 2984 287 5108 6422 694 222 126 539 2167
cat_boundaries=0 1 2 3 4 5 6
cat_threshold=1 2 1 1 2 1
is_linear=0
shrinkage=0.03


Tree=35
num_leaves=63
num_cat=3
split_feature=0 0 8 25 0 23 0 16 26 23 6 0 26 23 25 5 23 26 26 12 16 26 20 16 23 23 17 25 7 26 20 12 26 0 26 23 21 23 19 12 7 19 4 26 21 25 12 6 26 10 26 23 12 5 26 18 6 2 18 26 9 5
split_gain=299860 56215.1 50466.9 18548.4 15340.5 7863.2 7781.29 7726.5 7031.39 11594.8 6863.59 6466.77 6233.27 5991.35 5880.4 5776.24 5747.29 5921.49 6202.91 12612.6 4741.5 4582.06 4447.61 4354.86 4222.65 4134.75 3861.18 3805.1 3763.67 3530.63 3471.32 3388.52 3126.49 3017.48 3016.78 3002.21 2917.22 2873.35 2860.94 2806.94 4488.89 2799.5 2791.57 3116.24 2771.34 2603.95 2535.41 2490.69 2463.52 2342.04 2321.62 2219.12 2391.29 2154.54 2137.37 2109.23 2061.55 2452.34 2933.39 2053.72 2032.08 2029.63
threshold=24.050000000000004 37.050000000000004 15.158333333333335 91.747104074190801 53.100000000000009 7.3416666666666677 30.050000000000004 0 116.50000000000001 6.2812500000000009 37.95000000000001 12.950000000000001 510.00000000000006 11.172916666666671 18.519532002218497 47.100000000000009 6.0020833333333359 438.50000000000006 1351.0000000000002 3.5000000000000004 1 130.50000000000003 1.0000000180025095e-35 2 5.4937500000000012 9.8770833333333368 23.250000000000004 59.309582565232766 32.050000000000004 1099.0000000000002 1.0000000180025095e-35 4.5000000000000009 22.500000000000004 19.983333333333338 168.50000000000003 7.4416666666666691 0.36648727148060617 11.277083333333335 5.3500000000000005 2.5000000000000004 46.100000000000009 11.750000000000002 38.150000000000006 407.00000000000006 -0.15643446504023087 398.64548466260038 3.5000000000000004 28.050000000000004 588.50000000000011 0.12940952255126043 356.50000000000006 7.0520833333333348 4.5000000000000009 13.931481481481482 123.50000000000001 75.500000000000014 12.15 26.950000000000003 77.500000000000014 2012.5000000000002 57.812500000000007 22.540000000000003
decision_type=10 10 8 10 10 10 10 1 2 10 10 10 2 8 10 10 10 2 2 2 1 2 2 1 10 10 2 10 8 2 2 2 2 8 2 10 2 10 2 2 10 2 8 2 2 10 2 8 2 2 2 10 2 10 2 2 10 8 2 2 10 10
left_child=2 6 7 13 16 28 24 54 -6 12 59 45 38 22 51 -11 21 23 19 44 42 32 33 41 34 -20 36 -26 -5 -17 37 48 -3 -4 -2 -16 -25 39 -10 40 47 55 43 46 -19 -12 -8 -22 50 -28 -23 52 -9 -30 -1 -18 -35 -58 -59 -7 -31 -29
right_child=1 4 3 5 8 10 20 14 9 15 11 -13 -14 -15 35 29 17 18 25 -21 30 31 -24 26 27 -27 49 61 53 60 -32 -33 -34 56 -36 -37 -38 -39 -40 -41 -42 -43 -44 -45 -46 -47 -48 -49 -50 -51 -52 -53 -54 -55 -56 -57 57 58 -60 -61 -62 -63
leaf_value=-0.04705972855175921 0.082595533637947138 0.27604029114087741 -0.035493345079660489 0.053374054378876989 0.11497510240572253 0.0015169950769555428 0.089273885046712118 -0.073716153450554142 0.58399354212559185 0.43134277299462753 0.1669969062679692 0.0052959728819186695 0.73151877087095507 -0.11521309216364697 -0.0076824452194680527 0.27928430850762731 0.24106689464686548 0.24971282470629022 0.21911022294512283 0.41116687289263942 0.2462944893407471 0.35659782721525835 -0.065211487061336892 0.38598182431520206 0.004695044076566725 -0.13260213884410377 0.10183893880635804 0.12329699846654156 0.27275341666372849 0.2175112122216481 0.028545887625597892 0.55390398125215001 0.062571152388686088 -0.049487253443229122 0.23752800596965587 -0.085570443821067543 0.086282572582364075 0.029037803953030593 0.29885410339744001 0.12986121945141402 0.43338388007027756 0.030883751731509194 -0.10933531977319984 0.2199157961286031 0.098286379721566022 0.40526670161991901 -0.055200587475140173 0.1330107353148062 0.49172413643896579 -0.020072231734626973 0.17834206154516763 -0.12719439498066062 -0.14466362215142547 0.13022097197700233 0.088188934051885007 0.13989107308371451 0.0059668085740889106 0.18388185156364284 0.011534137641520876 -0.1105228496991876 -0.043152785803142343 0.052283539322438122
leaf_weight=1516 338 124 3236 613 123 2163 313 1619 52 179 95 163 92 821 615 308 425 185 56 303 306 124 2331 57 1463 65 294 459 121 51 235 55 123 462 170 1615 60 162 81 1103 70 104 89 104 264 73 168 407 50 274 140 6676 581 452 113 329 1771 167 190 158 57 1718
leaf_count=1516 338 124 3236 613 123 2163 313 1619 52 179 95 163 92 821 615 308 425 185 56 303 306 124 2331 57 1463 65 294 459 121 51 235 55 123 462 170 1615 60 162 81 1103 70 104 89 104 264 73 168 407 50 274 140 6676 581 452 113 329 1771 167 190 158 57 1718
internal_value=0.000126306 0.13047 -0.0563963 -0.0143678 0.220812 0.0408318 0.0799267 -0.0986921 0.32649 0.358217 0.0121158 0.139917 0.541665 -0.0379651 -0.107642 0.288846 0.187945 0.167089 0.229529 0.261606 0.117111 0.269744 -0.0301901 0.131762 0.0534191 0.0301738 0.0753559 0.0421113 0.105043 0.227531 0.137752 0.336685 0.169738 -0.0161779 0.134443 -0.0640901 0.23229 0.150283 0.410337 0.160697 0.204136 0.176794 0.047195 0.071009 0.160678 0.270531 0.0388129 0.181629 0.298638 0.0430297 0.262068 -0.118583 -0.0924527 0.160319 -0.0376778 0.19692 0.00795516 0.0204262 0.0921562 -0.00611002 0.0799385 0.0672561
internal_weight=36631 11080 25551 12816 3975 3838 7105 12735 943 820 2652 331 225 8978 11106 595 3032 2416 873 752 2957 616 8157 1543 4148 121 685 3640 1186 416 2283 369 247 5826 508 2230 117 2048 133 1886 783 858 674 585 449 168 481 713 314 568 264 8876 2200 573 1629 754 2590 2128 357 2321 108 2177
internal_count=36631 11080 25551 12816 3975 3838 7105 12735 943 820 2652 331 225 8978 11106 595 3032 2416 873 752 2957 616 8157 1543 4148 121 685 3640 1186 416 2283 369 247 5826 508 2230 117 2048 133 1886 783 858 674 585 449 168 481 713 314 568 264 8876 2200 573 1629 754 2590 2128 357 2321 108 2177
cat_boundaries=0 1 2 3
cat_threshold=1 2 1
is_linear=0
shrinkage=0.03


Tree=36
num_leaves=63
num_cat=7
split_feature=0 0 0 24 24 0 23 23 24 16 23 26 26 6 26 0 26 26 23 6 23 26 16 24 25 12 5 16 26 23 6 14 7 26 26 25 7 8 26 8 25 12 14 14 6 25 23 14 21 14 26 16 16 26 13 19 24 16 16 6 7 26
split_gain=285316 72356.2 38563.1 20001.7 19879.9 14928.3 14483.6 7771.9 7659.21 7613.37 7436.22 7282.75 6492.9 6297.46 6452.67 6074.85 5552.31 6869.25 6352.42 5413.83 5317.02 5280.93 5138.84 5066.6 4749.72 4057.83 3991.28 3839.93 3607.13 3546.35 3518.97 3713.6 5339.75 4070.11 3472.32 3908.93 4276.29 3408.51 3215.82 3206.63 3128.24 3077.37 4121.01 4090.42 3746.28 3058.18 3130.43 2847.48 2844.53 5365.37 4854.33 3991 2830.89 2800.42 2597.11 4439.01 2531.21 2473.73 2456.23 2843.65 2610.23 2386.59
threshold=28.950000000000003 18.027027027027028 47.100000000000009 0.60000000000000486 0.90000000000000424 12.550000000000002 6.6104166666666684 7.5791666666666684 1.0000000180025095e-35 0 6.0895833333333345 510.00000000000006 880.00000000000011 50.058823529411775 603.50000000000011 27.027777777777782 498.50000000000006 1351.0000000000002 10.222916666666668 36.050000000000004 6.5062500000000014 136.50000000000003 1 8.7500000000000107 71.306031483875344 4.5000000000000009 23.040000000000003 2 178.50000000000003 4.3270833333333352 24.950000000000003 1.0000000180025095e-35 24.050000000000004 623.50000000000011 130.50000000000003 187.31191991825128 30.050000000000004 33.016666666666673 360.50000000000006 68.075000000000003 98.215487781376439 2.5000000000000004 -0.68301270189221952 0.6830127018922193 26.450000000000003 126.52027679958933 5.5333333333333341 -0.68301270189221952 0.67556448321067852 0.93301270189221952 230.50000000000003 3 4 171.00000000000003 0.68301270189221941 6.5500000000000007 0.20000000000000009 5 6 32.050000000000004 28.050000000000004 2012.5000000000002
decision_type=10 8 10 10 8 10 10 10 10 1 10 2 2 10 2 8 2 2 10 10 10 2 1 10 10 2 8 1 2 10 10 2 8 2 2 10 8 10 2 10 10 2 2 2 10 10 10 2 2 2 2 1 1 2 2 2 10 1 1 8 10 2
left_child=1 5 3 6 7 27 13 12 10 -6 11 -4 41 14 22 -9 18 30 28 -17 23 58 37 47 -11 -19 -26 -1 52 -24 -18 33 -33 -32 -10 36 -36 -2 -39 54 57 42 -3 -44 -45 46 -29 -7 49 -30 -51 -52 -8 -54 -12 -56 -46 -22 59 -5 -61 -42
right_child=2 4 8 21 9 20 16 15 34 24 39 -13 -14 -15 -16 19 17 25 -20 -21 40 -23 29 -25 26 -27 -28 45 48 -31 31 32 -34 -35 35 -37 -38 38 -40 -41 61 -43 43 44 56 -47 -48 -49 -50 50 51 -53 53 -55 55 -57 -58 -59 -60 60 -62 -63
leaf_value=-0.042240329859398407 0.17197412060641676 -0.062456748026258807 0.3532247047695764 -0.0116637565876008 -0.086803580992086501 -0.061113481648164249 0.077345197188357515 0.008364517023701553 0.088278764090858969 -0.017305456083497296 0.23198277179266591 0.67598119347436081 0.39624697034928336 0.53849108885372843 0.52462254274459119 0.056849212143464146 0.098701289776832832 0.1819464907517184 0.0062258679286598525 0.2408435540849512 -0.049469917797343839 0.11352282110114241 0.38726661118865013 -0.062659855171949219 0.12806429449698309 -0.12867504973606816 -0.0065824456954938597 -0.053717956587112037 0.060646000943506931 0.1469034911197486 0.54633080732822414 -0.09403741706990533 0.24325758888064547 0.2753566266445292 0.26688683163871368 0.14310637117014918 0.57113848003504031 0.4160723497122526 0.1973673001317417 0.46570197198411512 -0.0082038504120771627 0.060894223602536629 0.24272912440240577 0.049712432700373961 0.31370944537692569 -0.020725259527231858 -0.12161083192258358 0.060127209755216252 -0.00013811281157016263 -0.011871474520303309 0.054863846792514381 0.35142914965413929 0.1848024529023716 0.41825302677154536 0.57529502450442704 0.25869796383899191 0.064543154915537401 -0.091326039727052583 -0.048773132434593934 -0.012977553426058261 0.20476050432423035 -0.16271550074523808
leaf_weight=760 137 85 157 345 1245 219 216 2477 156 3667 438 105 67 62 63 527 155 67 493 198 2118 535 60 849 414 87 380 665 548 697 60 54 194 296 225 179 51 210 85 87 1098 1048 311 350 103 314 7558 855 244 64 53 178 616 50 61 115 57 3177 519 77 139 98
leaf_count=760 137 85 157 345 1245 219 216 2477 156 3667 438 105 67 62 63 527 155 67 493 198 2118 535 60 849 414 87 380 665 548 697 60 54 194 296 225 179 51 210 85 87 1098 1048 311 350 103 314 7558 855 244 64 53 178 616 50 61 115 57 3177 519 77 139 98
internal_value=0.000780493 -0.0431992 0.160666 0.1275 0.0175029 -0.0806569 0.158861 0.0597935 0.293499 -0.0212079 0.346212 0.482574 0.105857 0.243362 0.228747 0.03072 0.125962 0.18915 0.10253 0.107099 -0.0517052 0.0364458 0.213069 -0.00789043 -0.0029011 0.00646549 0.0636238 -0.106859 0.126643 0.165955 0.226216 0.258939 0.169814 0.321026 0.210418 0.252294 0.323107 0.295629 0.353056 0.295246 -0.0646856 0.0958994 0.136391 0.156978 0.104687 -0.112612 -0.11612 0.0354049 0.0900669 0.116176 0.21933 0.283386 0.171721 0.202329 0.271094 0.368428 0.224944 -0.0745836 -0.00173594 0.0417798 0.127141 -0.0208645
internal_weight=36518 28640 7878 6304 10929 17711 4689 5223 1574 5706 963 262 2021 1314 1252 3202 3375 913 2462 725 8414 1615 1189 1923 4461 154 794 9297 1969 757 759 604 248 356 611 455 276 432 295 701 6491 1954 906 821 510 8537 8223 1074 1087 843 295 231 882 666 614 176 160 5295 1080 561 216 1196
internal_count=36518 28640 7878 6304 10929 17711 4689 5223 1574 5706 963 262 2021 1314 1252 3202 3375 913 2462 725 8414 1615 1189 1923 4461 154 794 9297 1969 757 759 604 248 356 611 455 276 432 295 701 6491 1954 906 821 510 8537 8223 1074 1087 843 295 231 882 666 614 176 160 5295 1080 561 216 1196
cat_boundaries=0 1 2 3 4 5 6 7
cat_threshold=2 1 1 2 2 1 1
is_linear=0
shrinkage=0.03


Tree=37
num_leaves=63
num_cat=5
split_feature=0 0 0 24 24 24 8 23 26 23 26 12 16 23 23 26 23 13 6 23 23 24 26 26 22 14 7 16 23 24 12 22 7 23 24 26 16 25 26 23 23 12 13 13 0 6 16 12 26 9 16 24 6 7 23 26 23 14 5 26 26 7
split_gain=260293 50306.8 44970.8 17676.7 16938.5 15530.9 9484.72 8125.9 8440.59 7557.29 6720.97 6752.63 6137.12 6101.73 5974.24 5922.74 5891.17 5523.49 6751.11 5122.66 4953.84 7443.88 4936.97 4661.67 5376.03 4678.24 4616.49 4462.39 4206.51 4192.19 3985.37 3974.1 3716.4 5854.76 3677.31 3466.42 4139.25 3406.39 3405.24 3962.19 3365.47 3352.38 4793.5 3769.57 3252.43 3138.77 3006.32 2879.32 2843.65 2824.2 3288.84 2660.49 2724.79 3809.62 2634.68 2795.74 2620.37 2720.55 2613.27 2590.84 3116.65 2593.76
threshold=24.050000000000004 37.95000000000001 14.550000000000002 0.40000000000000374 0.20000000000000187 0.10000000000000196 68.075000000000003 9.7208333333333368 722.00000000000011 4.7458333333333353 308.50000000000006 5.5000000000000009 0 8.047916666666671 7.3187500000000023 510.00000000000006 11.227083333333335 0.68301270189221941 29.750000000000004 10.44791666666667 6.479166666666667 4.7500000000000098 818.50000000000011 1265.5000000000002 0.53727914962411594 1.0000000180025095e-35 13.110000000000001 1 6.3395833333333345 15.700000000000005 1.5000000000000002 0.061046214993534555 24.950000000000003 9.3187500000000032 10.950000000000008 800.50000000000011 2 126.52027679958933 74.500000000000014 5.6145833333333357 5.2458333333333353 2.5000000000000004 -0.6830127018922193 0.68301270189221941 20.750000000000004 30.800000000000001 3 2.5000000000000004 242.50000000000003 59.775000000000013 4 0.19999999999999649 21.050000000000004 36.875000000000007 12.245833333333335 657.50000000000011 5.8333333333333348 0.25000000000000017 21.016666666666669 266.50000000000006 173.50000000000003 8.9500000000000011
decision_type=10 10 8 8 10 10 10 10 2 10 2 2 1 10 8 2 10 2 10 10 10 10 2 2 2 2 8 1 10 10 2 2 10 10 10 2 1 10 2 10 10 2 2 2 8 10 1 2 2 10 1 10 8 10 10 2 10 2 8 2 2 10
left_child=2 4 12 7 13 6 9 8 41 48 20 23 -1 22 26 19 17 18 -17 27 21 47 40 24 25 45 -5 -11 34 -28 -29 -10 -19 -34 58 36 -16 -30 56 -40 -2 42 -4 51 -9 -12 -41 -7 -3 50 -32 52 -44 -54 55 -15 57 -6 -14 60 -42 -62
right_child=1 5 3 14 38 10 -8 44 31 15 11 -13 28 54 35 16 -18 32 -20 -21 -22 -23 -24 -25 -26 -27 29 30 37 -31 49 -33 33 -35 -36 -37 -38 -39 39 46 59 -43 43 -45 -46 -47 -48 -49 -50 -51 -52 -53 53 -55 -56 -57 -58 -59 -60 -61 61 -63
leaf_value=-0.038135870515266929 0.23778525900054001 0.6056909501552582 0.22982424536058979 -0.062965372406238299 -0.088525968601776139 0.36488769757534772 0.48743390985383278 -0.073958674399811061 0.032261507993235308 0.060284298568525733 0.0064969742957216034 0.49339207023382187 -0.035825473808432276 0.07046568380104877 -0.03752405119689179 0.44182473572207165 0.076267532719825601 0.32624277390539647 0.07757447029962096 -0.064656673705399931 0.00012713010731822929 -0.042242284453473986 0.35249801540199449 -0.079277909360310733 0.46278088261602351 0.020021782966796308 0.031119012710322122 0.3415104707627622 -0.11575994344526715 -0.056240974136510705 0.11078142309034328 0.3415816976832492 0.73512042135000222 0.35617003216299897 -0.11209480298835371 0.03069204696891055 -0.090873391073386212 -0.033685485063384042 0.19628885110912772 0.080920076507697322 0.11684075352992032 0.021151610514282115 0.0066172858992752832 0.19534488226686206 0.02060484740953197 0.25836490800327827 -0.0066869740704406837 0.15769443140679995 0.33271429708251704 0.41390887057838532 0.22897395417040248 -0.096653219272607352 0.073118007324635984 0.34395238474263984 -0.028085318686913302 0.17178415401591635 -0.040122990615507823 0.078984555404236087 0.15079928647369553 0.080827058158814899 0.1095561067161054 0.2822125803969831
leaf_weight=1489 268 62 186 1042 111 105 149 622 51 170 52 64 901 1474 2641 71 92 232 129 67 413 120 102 61 61 144 2150 215 8457 642 330 140 64 86 697 373 2595 481 154 688 687 1400 381 161 691 310 723 142 77 52 592 116 225 59 198 294 986 408 73 740 116 241
leaf_count=1489 268 62 186 1042 111 105 149 622 51 170 52 64 901 1474 2641 71 92 232 129 67 413 120 102 61 61 144 2150 215 8457 642 330 140 64 86 697 373 2595 481 154 688 687 1400 381 161 691 310 723 142 77 52 592 116 225 59 198 294 986 408 73 740 116 241
internal_value=-0.000610952 0.12106 -0.0531843 -0.0154889 0.0741585 0.208422 0.255668 0.0370949 0.0666903 0.240244 0.131776 0.199834 -0.0951702 0.113906 -0.0379413 0.226064 0.299347 0.334611 0.206883 0.191427 0.0713965 0.151599 0.148786 0.169917 0.196726 0.164652 -0.00907949 0.204052 -0.103175 0.0110312 0.224608 0.258988 0.401483 0.517856 -0.0594856 -0.0576697 -0.0639644 -0.111343 0.0208159 0.0517999 0.13866 0.0521615 0.0906489 0.0631685 -0.0241922 0.222185 0.03603 0.245773 0.454474 0.198803 0.186671 0.0359208 0.0590465 0.129383 0.0756918 0.0873139 -0.0114033 0.0431586 -0.0218382 0.123769 0.154206 0.226111
internal_weight=36623 11050 25573 13475 7190 3860 2388 4032 2719 2239 1472 692 12098 4120 9443 2100 674 582 200 1426 780 367 2154 628 567 506 3834 1359 10609 2792 1189 191 382 150 1671 5609 5236 8938 3070 1565 2052 2528 1128 942 1313 362 1411 247 139 974 922 781 665 284 1966 1768 1505 519 974 1784 1044 357
internal_count=36623 11050 25573 13475 7190 3860 2388 4032 2719 2239 1472 692 12098 4120 9443 2100 674 582 200 1426 780 367 2154 628 567 506 3834 1359 10609 2792 1189 191 382 150 1671 5609 5236 8938 3070 1565 2052 2528 1128 942 1313 362 1411 247 139 974 922 781 665 284 1966 1768 1505 519 974 1784 1044 357
cat_boundaries=0 1 2 3 4 5
cat_threshold=1 2 1 1 4
is_linear=0
shrinkage=0.03


Tree=38
num_leaves=63
num_cat=5
split_feature=0 0 0 24 24 0 24 0 16 22 0 13 19 12 14 26 26 2 26 22 26 24 13 25 14 25 21 5 19 12 26 5 25 22 12 14 25 6 0 26 16 16 13 13 1 11 14 14 21 25 5 24 14 16 6 19 25 5 12 26 5 16
split_gain=255347 58421.6 40875 19502.6 16269.4 11007.5 8971.06 6990.73 6912.46 6719.39 7938.07 6340.88 5798 5384.31 4687.51 4595.54 4532.38 4414.94 4274.25 5054.55 3938.64 3883.79 3715.06 3478.26 3317.65 3278.01 4120.41 3384.62 3201.68 3999.41 3199.04 3174.54 3120.26 4509.14 3699.34 3103.47 4438.33 3098.53 3086.11 3042.05 3030.89 2932.42 2899.56 2889.54 2815.77 2760.71 2724.28 2572.52 2543.7 2507.7 2500.98 2464.45 2455.78 2375.6 2313.3 2126.9 2119.05 2098.68 2098.08 2092.67 3397.84 2645.23
threshold=27.027777777777782 17.550000000000004 47.100000000000009 0.20000000000000187 1.0000000000000022 11.683333333333335 1.0000000180025095e-35 37.050000000000004 0 -0.29237170472273682 17.910000000000004 0.68301270189221941 9.4500000000000011 2.5000000000000004 -0.68301270189221952 130.50000000000003 333.50000000000006 58.050000000000004 376.50000000000006 -0.0087262032186417905 722.00000000000011 3.2999999999999976 -0.5 67.692415017901837 0.6830127018922193 819.21611965807267 -0.078456108245891734 20.750000000000004 10.15 4.5000000000000009 122.50000000000001 39.975000000000009 187.31191991825128 0.39873388578253677 4.5000000000000009 1.0000000180025095e-35 165.47078043417073 30.800000000000001 58.050000000000004 176.50000000000003 1 2 -0.6830127018922193 0.93301270189221952 10.120000000000003 0.1294095225512602 0.25000000000000017 0.6830127018922193 0.13917310096006538 19.793559471571758 32.050000000000004 7.4500000000000073 0.6830127018922193 3 35.016666666666673 6.8500000000000005 98.215487781376439 10.025000000000002 1.5000000000000002 510.00000000000006 38.100000000000009 4
decision_type=10 8 10 10 8 10 10 10 1 2 10 2 2 2 2 2 2 10 2 2 2 10 2 10 2 10 2 8 2 2 2 10 10 2 2 2 10 10 10 2 1 1 2 2 10 2 2 2 2 10 8 10 2 1 8 2 10 8 2 2 8 1
left_child=1 5 3 7 9 30 11 25 23 31 20 16 38 14 -12 -8 17 45 40 35 42 22 46 24 -6 27 -27 -2 49 -30 52 -3 33 34 55 36 -20 -18 -13 -32 58 50 -11 -43 -10 -4 -7 -16 -19 -9 -29 -42 -1 -54 -26 -17 -24 -58 -5 61 -61 -51
right_child=2 4 6 18 8 21 15 28 44 10 13 12 -14 -15 47 32 37 48 19 -21 -22 -23 56 -25 54 26 -28 41 29 -31 39 -33 -34 -35 -36 -37 -38 -39 -40 -41 51 43 -44 -45 -46 -47 -48 -49 -50 59 -52 -53 53 -55 -56 -57 57 -59 -60 60 -62 -63
leaf_value=-0.11428275520013179 0.24743997949528396 0.0016111917563061153 0.14816281406638712 0.10560714282923274 -0.018027196611085199 -0.035548190118083335 0.058075549870794801 0.41991426682897975 -0.1250079721579829 0.31298269996330852 -0.17134239663011752 0.44014195169393833 0.25502453335859243 0.021435288362862799 0.19593179560140581 0.33402986283813202 0.37914587724883603 0.56702424841358301 0.36870742386037653 0.3696840107034553 0.35579722495700999 -0.074083495417798989 -0.071475880281451368 0.083568130055984846 0.12702963018421959 0.42361580004154792 0.11231245738734681 0.093221230914335318 0.17864466779775195 -0.042953393751522524 0.047494295557254783 0.23245938946984032 0.14071252272290699 0.55664859042448156 0.45902818513768057 -0.0029503848934141191 0.064604510858058933 0.11897185801344332 0.66674354257254764 -0.094633122620723126 0.062291722352135009 0.13238546233957352 0.073332732915421195 -0.028493287281467102 -0.045172324266426291 0.348224798707993 0.061901445700813115 0.092936738337464089 0.30388280666488054 0.067115743981544365 -0.027550451956657382 -0.017565320224447314 -0.078464047863152211 0.10805472367044006 -0.095210520156713968 0.11182602619663591 0.12523118443007386 -0.030024828412189928 -0.10097274720224039 0.42966705759161522 0.20028432731561618 0.21428675950109996
leaf_weight=7058 161 2126 104 54 2515 499 171 56 476 63 52 143 103 1498 296 56 53 94 66 66 115 4896 1763 443 243 71 83 457 310 96 230 55 177 51 56 184 125 185 87 330 1236 1929 163 106 2414 154 535 831 51 129 233 484 229 84 51 126 86 882 245 97 145 743
leaf_count=7058 161 2126 104 54 2515 499 171 56 476 63 52 143 103 1498 296 56 53 94 66 66 115 4896 1763 443 243 71 83 457 310 96 230 55 177 51 56 184 125 185 87 330 1236 1929 163 106 2414 154 535 831 51 129 233 484 229 84 51 126 86 882 245 97 145 743
internal_value=0.000197805 -0.04398 0.142251 0.111201 0.00849748 -0.0798495 0.278635 0.147559 -0.0245612 0.0475524 0.0765455 0.335886 0.442086 0.0591806 0.107139 0.191095 0.280715 0.342019 0.0429764 0.127588 0.212868 -0.0564667 -0.0335578 0.00544119 -0.00688001 0.120977 0.255835 0.113781 0.198835 0.126247 -0.105385 0.00743267 0.239907 0.300659 0.245804 0.0849797 0.169687 0.17691 0.525856 -0.0362594 0.024495 0.105884 0.140138 0.124006 -0.0583217 0.26758 0.014873 0.119988 0.474471 0.224023 0.0524389 0.0398203 -0.110636 -0.0284079 0.0884778 0.180196 -0.0518945 -0.0162314 -0.063664 0.214176 0.292227 0.192515
internal_weight=36620 27933 8687 7076 11341 16592 1611 4616 6142 5199 3018 974 333 2677 1179 637 641 403 2460 441 341 8661 3765 3252 2809 3040 154 2886 1576 406 7931 2181 466 289 238 375 191 238 230 560 2019 2725 226 2035 2890 258 1034 1127 145 1170 690 1720 7371 313 294 182 2731 968 299 1114 242 872
internal_count=36620 27933 8687 7076 11341 16592 1611 4616 6142 5199 3018 974 333 2677 1179 637 641 403 2460 441 341 8661 3765 3252 2809 3040 154 2886 1576 406 7931 2181 466 289 238 375 191 238 230 560 2019 2725 226 2035 2890 258 1034 1127 145 1170 690 1720 7371 313 294 182 2731 968 299 1114 242 872
cat_boundaries=0 1 2 3 4 5
cat_threshold=1 2 2 2 2
is_linear=0
shrinkage=0.03


Tree=39
num_leaves=63
num_cat=0
split_feature=0 0 0 25 24 24 3 23 23 23 14 6 26 26 17 24 13 0 4 26 9 13 7 3 21 19 23 26 26 23 26 5 14 0 26 23 26 26 7 26 7 6 13 23 26 23 24 25 13 23 26 14 6 23 24 6 6 21 25 14 26 24
split_gain=234457 49873.6 34958.7 14463.9 14374 13416.1 10701.1 7230.94 6815.19 5908.52 5730.57 5729.44 5579.54 5180.45 4942.81 4889 6027.26 4872.2 4328.66 4276.53 4356.36 4437.79 4058.88 3982.76 3980.96 4156.27 3875.91 3601.1 4974.16 3588.53 3801.19 4652.73 4306.09 3557.9 3464.25 3431.76 3294.09 5213.71 3236.01 3160.78 3122.46 3074.54 2823.64 2816.9 5894.3 2815.02 2652.57 2572.6 2527.1 2526.7 2492.73 2477.34 5298.36 3858.45 2388.16 2364.36 2361.7 2519.81 2760.55 2341.53 2677.78 2229.14
threshold=23.040000000000003 37.050000000000004 13.633333333333335 91.747104074190801 0.29999999999999649 0.099999999999999964 67.500000000000014 6.0020833333333359 7.3416666666666677 5.4937500000000012 0.25000000000000017 37.95000000000001 130.50000000000003 1135.5000000000002 25.650000000000002 8.650000000000011 -0.24999999999999994 14.925000000000002 50.058823529411775 1265.5000000000002 37.547916666666673 0.93301270189221952 32.050000000000004 28.050000000000004 0.8869770585236475 4.6500000000000012 5.8020833333333348 800.50000000000011 1424.5000000000002 11.227083333333335 510.00000000000006 56.050000000000004 0.25000000000000017 9.1750000000000025 84.500000000000014 10.18541666666667 20.500000000000004 11.500000000000002 51.20000000000001 57.500000000000007 31.100000000000005 13.050000000000002 0.25000000000000006 5.377083333333335 211.50000000000003 8.0729166666666696 4.5500000000000087 137.03101054551749 0.68301270189221941 4.481250000000002 266.50000000000006 0.25000000000000017 30.800000000000001 9.1062500000000028 0.099999999999999964 32.975000000000009 58.050000000000004 0.82409480842201688 216.57869571151511 0.25000000000000017 44.500000000000007 17.550000000000011
decision_type=10 10 8 10 10 10 10 10 10 10 2 10 2 2 2 8 2 10 10 2 10 2 8 8 2 2 10 2 2 10 2 10 2 10 2 10 2 2 10 2 8 10 2 10 2 10 10 10 2 8 2 2 10 10 10 10 10 2 10 2 2 10
left_child=2 4 33 10 9 6 7 13 22 55 41 -10 36 18 -8 16 23 -13 43 20 -14 24 -5 40 25 -22 39 45 35 30 32 51 -9 -1 -28 -29 37 -7 56 59 -12 -4 -24 44 -3 48 -36 -35 50 -17 -11 53 -53 -32 -50 -2 57 -34 -59 -6 -61 -43
right_child=1 5 3 8 26 12 14 29 11 27 15 17 19 -15 -16 49 -18 -19 -20 -21 21 -23 42 -25 -26 -27 34 28 -30 -31 31 -33 38 47 46 -37 -38 -39 -40 -41 -42 61 -44 -45 -46 -47 -48 -49 54 -51 -52 52 -54 -55 -56 -57 -58 58 -60 60 -62 -63
leaf_value=-0.11390482805051741 0.25622177906872068 0.54331863233021327 -0.087196497317522798 0.03737629969869849 -0.07200447852346506 -0.041567547349580403 0.61055902327551981 -0.038392141454509997 -0.013687101504903647 0.12235757159882578 0.067776062116323782 0.23711232260421469 0.060336203793558522 0.59679923833426785 0.26724949855784896 0.13491032157093286 -0.046759614505551793 -0.0084223627832464201 0.5319778577161246 -0.079884079151639809 0.47860646797737599 -0.038744361024011263 0.34205051145245946 0.22794066930239179 -0.00603092289633221 0.23507875070160467 -0.031309793167948637 0.36490551435342056 0.028020477004449915 0.043227592420577998 0.57082803950990946 0.076943946201354252 0.19437820076248588 -0.083507169261406056 0.06560980859259255 0.15869211670054303 0.013451766334387653 0.32563448593534267 0.40570613628433594 0.16763247859249095 -0.046977406801939334 -0.034888512739714377 0.12626982064929937 0.15244299152710783 0.18210773785704187 0.054159335974059752 -0.021957485688255993 0.0058833981735295932 0.24976431452021325 -0.081120788082879758 0.045214278901902501 0.37463946932240538 0.024717391146854919 0.3066344079600517 0.024464124034751546 0.092408844910459503 0.37318437256596304 0.17781734926545101 -0.064789293835369438 0.11507499580647652 -0.073995585499634572 -0.091713198906260313
leaf_weight=4635 291 70 1968 598 131 58 99 76 2325 1003 941 162 192 59 61 52 797 132 58 57 71 55 62 113 54 565 1320 120 148 125 70 84 753 5797 934 184 431 87 62 249 276 4344 456 144 97 1798 467 305 184 774 604 95 66 172 55 109 55 92 78 312 86 725
leaf_count=4635 291 70 1968 598 131 58 99 76 2325 1003 941 162 192 59 61 52 797 132 58 57 71 55 62 113 54 565 1320 120 148 125 70 84 753 5797 934 184 431 87 62 249 276 4344 456 144 97 1798 467 305 184 774 604 95 66 172 55 109 55 92 78 312 86 725
internal_value=-0.000438848 0.108897 -0.0535423 -0.0218219 0.0660447 0.19706 0.242955 0.225388 0.0285449 0.101531 -0.0406528 0.00209161 0.129358 0.335781 0.479672 -0.00557764 0.0184774 0.126872 0.294047 0.17241 0.187757 0.220596 0.0906247 0.0575705 0.241268 0.262265 0.020447 0.0907836 0.170653 0.198045 0.210117 0.28005 0.1796 -0.0940901 0.00356358 0.240092 0.0550642 0.178754 0.19553 0.0794957 0.0417514 -0.0553717 0.152097 0.249674 0.333514 0.0808767 0.0364207 -0.0790391 0.106899 -0.0675208 0.0933628 0.322385 0.231193 0.383054 0.197917 0.211583 0.182206 0.170826 0.0665037 0.0380098 0.0742205 -0.0430159
internal_weight=36343 11881 24462 13725 7995 3886 2316 2156 3735 4496 9990 2619 1570 428 160 2953 2127 294 369 994 937 745 1116 1330 690 636 3499 4096 452 1728 1603 487 1116 10737 2721 304 576 145 1040 778 1217 7037 518 311 167 3644 1401 6102 1846 826 1607 403 161 242 239 400 978 923 170 529 398 5069
internal_count=36343 11881 24462 13725 7995 3886 2316 2156 3735 4496 9990 2619 1570 428 160 2953 2127 294 369 994 937 745 1116 1330 690 636 3499 4096 452 1728 1603 487 1116 10737 2721 304 576 145 1040 778 1217 7037 518 311 167 3644 1401 6102 1846 826 1607 403 161 242 239 400 978 923 170 529 398 5069
is_linear=0
shrinkage=0.03


Tree=40
num_leaves=63
num_cat=5
split_feature=0 0 8 24 24 23 23 24 6 23 21 26 0 2 23 16 26 26 14 26 14 23 25 6 23 5 5 16 16 6 24 8 23 9 0 26 23 0 16 5 13 13 26 17 0 16 0 9 25 23 14 26 13 26 26 8 26 14 25 22 26 6
split_gain=213494 43013.8 38132.4 21520.3 16430.8 10485.5 7465.74 7250.81 6611.87 5941.61 5762.34 5433.3 5331.63 5085.72 5075.68 5066.55 4973.4 4840.52 4942.2 5455.28 4757.25 4660.67 4396.58 4075.14 3963.98 3895.76 4143.09 3850.05 3644.85 3630.62 3595.55 3258.82 3162.23 3157.39 3112.83 3089.44 3857.04 3042.7 2992.48 4467 3683.95 3213.69 2826.08 2782.44 2667.04 2649.55 2632.48 2612.62 2507.27 2473.82 2568.19 2447.43 2476.25 2438.7 2432.18 2427 2364.03 2310.51 3667.53 2792.26 2310.24 2269.05
threshold=24.050000000000004 47.100000000000009 14.004166666666668 0.20000000000000187 1.0000000180025095e-35 6.5604166666666677 6.5312500000000009 15.350000000000003 38.95000000000001 13.852083333333335 0.15643446504023087 1049.0000000000002 9.1750000000000025 67.500000000000014 9.8770833333333368 0 301.50000000000006 510.00000000000006 1.0000000180025095e-35 623.50000000000011 0.25000000000000017 12.406250000000002 137.03101054551749 33.850000000000009 10.489583333333337 20.980000000000004 49.050000000000004 1 2 18.152509652509654 1.4000000000000077 31.291666666666668 6.2562500000000014 29.504166666666674 29.750000000000004 115.50000000000001 5.5708333333333355 57.150000000000006 3 24.050000000000004 0.25000000000000006 0.68301270189221941 1618.5000000000002 24.150000000000002 33.850000000000009 4 14.925000000000002 37.547916666666673 14.133071593877988 8.9854166666666693 0.6830127018922193 360.50000000000006 -0.24999999999999994 95.500000000000014 176.50000000000003 27.50833333333334 434.50000000000006 1.0000000180025095e-35 165.47078043417073 -0.45399049973954675 578.00000000000011 27.027777777777782
decision_type=10 10 8 10 8 10 8 10 10 10 2 2 10 10 10 1 2 2 2 2 2 10 10 8 10 8 10 1 1 10 8 8 10 10 10 2 10 10 1 8 2 2 2 2 10 1 10 10 10 10 2 2 2 2 2 8 2 2 10 2 2 10
left_child=2 3 12 5 8 11 7 29 21 17 13 25 -1 -3 -10 23 -12 20 19 -19 56 -4 32 -5 37 55 28 33 44 -6 -29 -20 48 -8 -25 36 -17 45 49 -40 -41 54 -21 -15 -27 -18 -35 60 -14 -22 -51 52 -46 -31 -42 -2 -7 58 -49 -59 -37 -38
right_child=1 10 4 15 6 9 27 -9 14 -11 16 -13 22 43 -16 35 24 18 31 42 38 -23 -24 34 -26 26 -28 30 -30 53 -32 -33 -34 46 -36 47 61 -39 39 40 41 -43 -44 -45 51 -47 -48 57 -50 50 -52 -53 -54 -55 -56 -57 -58 59 -60 -61 -62 -63
leaf_value=-0.11367712978470772 0.21822269351509482 0.27152430767399771 0.049483129162873556 0.033918359042240241 0.0002138015803974523 0.035479561180954702 -0.028601989910653623 -0.072994440247058714 0.27712376952010326 -0.16695801590342779 0.11601114270678622 0.44777671263242758 -0.053460435114847937 0.64076134867527901 -0.0081827351299580183 0.044094224267808547 0.36350057592210561 0.48969306537083213 0.0022112723923343614 0.21852950007278335 0.096200923669884392 -0.081585076277477339 0.026002613335847854 0.029057373060546454 0.076513159207201434 0.11565683772728302 0.41298006855208297 -0.028289272381292169 0.11876485453879725 0.046543973121686733 -0.084461434914368833 0.16669051943585658 -0.087848571781678944 0.29139495272846783 0.17020908739800938 0.029027973844073945 -0.041538182432251054 0.4387555377288111 0.2636382726950483 0.14063361604892452 0.20583567180633544 0.22795687991364949 -0.021176029944419857 0.37624248068220911 0.18696862659640609 0.14394310866560889 0.0053579238880036477 0.36587006642483172 0.0622128885290699 0.13359198546409606 -0.072120630256136617 0.15935961864080772 0.44308804874853142 0.14627966728581526 -0.017233960933021469 0.50701443078517916 -0.13963368762143052 -0.11311459797620774 0.052717626707654598 0.17591440092240063 -0.12503915524510581 -0.15852444187715989
leaf_weight=4606 55 659 2243 1349 1277 570 3781 742 188 74 369 72 951 51 80 308 92 63 202 386 487 274 390 206 77 116 58 1587 827 778 2899 234 5154 51 443 483 400 116 191 1092 50 71 50 120 50 107 67 64 205 75 201 83 106 308 366 50 79 65 71 56 107 238
leaf_count=4606 55 659 2243 1349 1277 570 3781 742 188 74 369 72 951 51 80 308 92 63 202 386 487 274 390 206 77 116 58 1587 827 778 2899 234 5154 51 443 483 400 116 191 1092 50 71 50 120 50 107 67 64 205 75 201 83 106 308 366 50 79 65 71 56 107 238
internal_value=-0.00016468 0.110429 -0.0476733 0.0860083 -0.0150764 0.123328 -0.0309222 0.00881691 0.0502984 0.0994757 0.254684 0.193877 -0.0888302 0.309352 0.191958 0.0307863 0.195058 0.104265 0.164274 0.228746 0.0866314 0.0352151 -0.0717489 0.0636358 0.269467 0.180285 0.165428 -0.0456378 0.15328 0.0345063 -0.0645896 0.0904868 -0.0777906 -0.0238328 0.125406 -0.00583948 -0.0430899 0.316634 0.105199 0.126608 0.110032 0.041415 0.19104 0.455134 0.233687 0.245447 0.128984 0.0358141 -0.0329474 0.0555347 -0.0162205 0.290973 0.360998 0.07483 0.00957729 0.355743 0.0141638 0.115849 0.201175 0.0206509 0.00108699 -0.0851788
internal_weight=36570 10989 25581 9398 14275 5608 11490 3105 2785 4191 1591 1417 11306 830 268 3790 761 4117 935 499 3182 2517 6700 1998 392 1345 1240 8385 1182 2363 4486 436 6310 3899 649 1792 946 315 2533 1770 1579 487 436 171 355 199 118 846 1156 763 276 239 156 1086 416 105 649 256 135 121 590 638
internal_count=36570 10989 25581 9398 14275 5608 11490 3105 2785 4191 1591 1417 11306 830 268 3790 761 4117 935 499 3182 2517 6700 1998 392 1345 1240 8385 1182 2363 4486 436 6310 3899 649 1792 946 315 2533 1770 1579 487 436 171 355 199 118 846 1156 763 276 239 156 1086 416 105 649 256 135 121 590 638
cat_boundaries=0 1 2 3 4 5
cat_threshold=1 1 1 2 1
is_linear=0
shrinkage=0.03


Tree=41
num_leaves=63
num_cat=4
split_feature=0 0 24 0 0 24 16 7 23 23 13 23 26 26 7 23 22 21 7 24 16 14 26 7 14 22 13 13 16 26 22 23 7 5 23 16 1 23 26 23 23 3 22 26 18 5 5 2 14 26 23 26 24 26 14 26 26 23 0 24 17 4
split_gain=203836 60091.9 23073.7 19262.3 16431.3 10790 8798.89 8163.66 7695.38 6560.24 9156.56 6551.62 7059.44 5817.81 5658.23 4432.42 4355.62 4308.07 5157.97 3849.68 3811.76 3606.89 3857.84 3504.29 3409.41 3342.78 4511.62 3371.66 3969.09 3201.05 2974.61 2741.97 2984.97 3993.05 2713.39 2664.47 2621.32 2570.46 3199.24 3381.56 3026.24 3254.2 2516.74 3032.21 2429.47 2417.75 2417.14 3131.04 2388.64 2946.84 2364.26 5211.1 4536.17 3945.41 3930.58 3538.92 3007.14 2339.78 2325.68 2309.13 2270.19 2256.75
threshold=21.987500000000004 34.966666666666676 0.90000000000000424 12.550000000000002 50.058823529411775 0.099999999999999964 0 53.20000000000001 10.706250000000002 7.5520833333333348 0.68301270189221941 6.5312500000000009 103.50000000000001 995.00000000000011 23.910000000000004 5.731250000000002 0.66259481767468265 0.86159635224327558 15.920000000000002 13.700000000000005 1 -0.24999999999999994 585.50000000000011 33.050000000000004 0.25000000000000017 0.30901699437494734 0.68301270189221941 0.25000000000000006 2 1342.5000000000002 0.60873824923885345 7.2437500000000021 22.250000000000004 25.530952380952385 6.5312500000000009 3 10.120000000000003 4.6187500000000012 464.00000000000006 11.439583333333335 9.3187500000000032 38.95000000000001 0.98897820466835418 126.50000000000001 76.500000000000014 57.150000000000006 45.94852941176471 58.050000000000004 -0.24999999999999994 818.50000000000011 6.2812500000000009 368.50000000000006 0.60000000000000486 976.50000000000011 1.0000000180025095e-35 542.50000000000011 438.50000000000006 6.3958333333333348 8.3166666666666682 11.100000000000007 27.250000000000004 43.95000000000001
decision_type=8 10 8 10 10 10 1 10 10 10 2 10 2 2 10 10 2 2 10 10 1 2 2 8 2 2 2 2 1 2 2 8 8 10 10 1 10 10 2 10 10 10 2 2 2 8 8 8 2 2 10 2 10 2 2 2 2 10 10 10 2 10
left_child=3 2 8 24 5 7 31 20 13 10 17 12 19 15 45 -2 48 18 -6 -5 34 22 60 -14 58 -17 27 28 -27 -15 -26 32 -4 -34 -3 -23 -8 -22 40 -40 -39 -42 43 -11 -24 -12 -20 -48 49 -13 52 -52 -7 54 56 -56 -53 -30 -1 -32 -10 -55
right_child=1 4 6 11 9 50 36 -9 21 42 14 16 23 29 -16 25 -18 -19 46 -21 37 35 44 -25 30 26 -28 -29 57 -31 59 -33 33 -35 -36 -37 -38 38 39 -41 41 -43 -44 -45 -46 -47 47 -49 -50 -51 51 53 -54 61 55 -57 -58 -59 -60 -61 -62 -63
leaf_value=-0.12234197102722057 0.164289605328345 0.30397483100826422 0.0078826734638703516 0.0082345184822004026 0.092104586613614384 0.25881553071299024 -0.12367218320865168 0.4477850195267985 -0.17218247069120404 -0.024159906733603704 0.27390485984086993 -0.05113891295218894 0.036307622204064111 0.32550591390655964 0.73186797668684778 0.042634405126905577 -0.0031977988152296537 0.03591325280341235 0.45890246567235682 -0.073486169085055592 0.3119097095848441 -0.10934447224112594 0.29710084078017246 0.1955275006345599 -0.083879923595029576 0.0518879292552131 0.2381500847865417 0.025345216860943837 0.036479521437766067 0.12277996058450706 0.035366106007147478 -0.0034324735988091803 0.18713109476862436 0.021251155221111519 0.18544600313541923 0.011709727789748443 -0.04095811758001705 0.11178438600198022 0.2542876989120551 0.04104298383099856 0.11640251658596097 -0.21519616344257403 0.35363117649005005 0.19849775385863463 0.073511189511695565 0.54704368600845343 0.1570757878350991 0.44439271225988614 -0.081477780315962769 0.044041611642372885 -0.0090058346464899144 0.082682343844324352 0.065761026235950468 0.096434827057851683 0.21070042313479664 -0.077269760484496755 0.30373903611054021 0.16912053679158404 -0.088047581833992153 -0.10324732459300047 0.045805409803269095 -0.1791277526586123
leaf_weight=2775 597 227 443 1683 82 170 454 99 50 63 70 4746 283 147 67 1569 1653 66 127 750 68 254 89 222 975 636 193 586 141 134 444 1127 294 235 742 460 1434 658 253 91 50 57 78 436 86 50 81 59 2426 312 563 80 308 54 67 90 180 792 4962 143 307 53
leaf_count=2775 597 227 443 1683 82 170 454 99 50 63 70 4746 283 147 67 1569 1653 66 127 750 68 254 89 222 975 636 193 586 141 134 444 1127 294 235 742 460 1434 658 253 91 50 57 78 436 86 50 81 59 2426 312 563 80 308 54 67 90 180 792 4962 143 307 53
internal_value=-0.000219331 0.0844871 0.0421582 -0.0597326 0.169569 0.139283 -0.0138568 0.181435 0.0791275 0.267441 0.336722 -0.0347403 0.00422949 0.0963877 0.51102 0.088143 -0.047271 0.258183 0.300216 -0.0169568 0.169148 0.0127047 0.0718366 0.106301 -0.0921858 0.0765373 0.0991921 0.0867471 0.10968 0.228832 -0.0517572 0.0284108 0.0653319 0.113442 0.213213 -0.0313544 -0.060848 0.13287 0.121892 0.197877 0.087723 -0.0602435 0.195158 0.170387 0.187222 0.387713 0.364131 0.278159 -0.0570055 -0.0452678 0.0788158 0.054364 0.134421 0.12245 0.164149 0.045622 0.235722 0.149075 -0.100348 0.00159827 0.0152749 -0.0400588
internal_weight=36391 15017 10028 21374 4989 3810 3987 2245 6041 1179 602 12075 2938 4795 187 4514 9137 415 349 2433 2146 1246 532 505 9299 3917 2348 2155 1569 281 1562 2099 972 529 969 714 1888 1177 1109 344 765 107 577 499 175 120 267 140 7484 5058 1565 1087 478 524 417 157 260 933 7737 587 357 107
internal_count=36391 15017 10028 21374 4989 3810 3987 2245 6041 1179 602 12075 2938 4795 187 4514 9137 415 349 2433 2146 1246 532 505 9299 3917 2348 2155 1569 281 1562 2099 972 529 969 714 1888 1177 1109 344 765 107 577 499 175 120 267 140 7484 5058 1565 1087 478 524 417 157 260 933 7737 587 357 107
cat_boundaries=0 1 2 3 4
cat_threshold=1 1 2 2
is_linear=0
shrinkage=0.03


Tree=42
num_leaves=63
num_cat=5
split_feature=0 0 0 24 24 1 23 23 13 16 26 21 23 26 23 26 0 26 6 26 6 6 14 24 23 21 25 5 5 26 23 16 24 16 26 5 26 14 26 26 1 24 16 14 23 16 26 23 1 25 23 23 26 13 6 3 23 23 23 6 6 6
split_gain=201697 56841.9 20336.9 17419.8 10847.1 10294.6 8535.16 7530.79 8056.85 6717.01 6703.06 5633.92 5559.03 5679.93 5105.71 5009.2 4880.65 4775.16 4690.21 4112.57 3904.91 3736.13 3517.95 3387.08 3758.21 3338.91 3785.23 3215.51 3200.6 3105.68 3744.25 3716.89 3275.55 3079.03 3033.24 2964.76 2778.96 4118.09 3651.44 2705.91 2661.63 2566.07 2630.72 2565.24 2555.54 2496.29 2487.16 2586.03 2388.71 2374.66 2285.66 2268.71 2204.65 2362.88 2360.58 2238.48 2197.23 2181.83 2164.12 2164 2152.11 1985.26
threshold=30.050000000000004 18.916666666666668 50.058823529411775 0.90000000000000424 0.19999999999999998 12.15 6.8958333333333348 7.6104166666666684 0.68301270189221941 0 510.00000000000006 0.81408451933196979 7.637500000000002 880.00000000000011 10.531250000000002 1351.0000000000002 26.525000000000002 880.00000000000011 76.500000000000014 178.50000000000003 39.050000000000004 36.050000000000004 0.25000000000000017 12.450000000000008 5.7666666666666684 0.35019404643548463 262.78285707039964 77.250000000000014 21.910000000000004 376.50000000000006 6.1187500000000012 1 5.3000000000000096 2 103.50000000000001 58.050000000000004 976.50000000000011 1.0000000180025095e-35 440.50000000000006 154.50000000000003 41.050000000000004 15.500000000000009 3 -0.68301270189221952 9.4854166666666693 4 936.50000000000011 7.3187500000000023 27.027777777777782 105.57107777161649 11.277083333333335 9.2020833333333361 464.00000000000006 0.68301270189221941 23.040000000000003 28.950000000000003 4.481250000000002 10.577083333333336 6.5062500000000014 39.050000000000004 19.408333333333335 48.050000000000004
decision_type=10 8 10 8 10 10 10 10 2 1 2 2 10 2 10 2 8 2 8 2 10 10 2 10 10 2 10 8 10 2 10 1 10 1 2 10 2 2 2 2 10 10 1 2 10 1 2 8 8 10 10 10 2 2 10 10 10 10 10 10 8 8
left_child=1 5 4 12 6 22 17 8 11 46 19 34 13 52 20 50 -14 18 28 33 23 -18 49 24 43 26 -21 35 -2 30 32 -32 -6 -8 -4 -9 37 -31 -39 -36 -30 42 -24 -7 -27 -26 47 -5 56 -1 -12 -37 53 54 55 -3 60 -44 -10 -42 -11 -17
right_child=2 3 7 9 29 14 10 27 58 48 15 -13 16 -15 -16 61 21 -19 -20 25 -22 -23 41 -25 45 44 -28 -29 40 36 31 -33 -34 -35 39 51 -38 38 -40 -41 59 -43 57 -45 -46 -47 -48 -49 -50 -51 -52 -53 -54 -55 -56 -57 -58 -59 -60 -61 -62 -63
leaf_value=-0.10190076580261562 0.41706168432280699 0.03104480954744521 0.12889408293454085 0.035685543953689496 0.18067240798174225 -0.091276381329119763 0.047762275222663624 0.2042927106735743 0.55050956636042025 -0.027650249141268429 0.26632305229283038 0.021124564868211747 0.0015167615391463245 0.33207508698644411 -0.089030014489737422 0.11884473111767035 0.04826274686316976 0.46578112773711866 0.48619383065700533 0.017577624201892173 0.17281797970917712 0.17191095135986698 0.11550638429533976 -0.074102455450022836 -0.0058822033169899516 0.033901355541328011 0.16778160757468183 0.40735864975873159 0.14942589994102792 0.25983629873653563 0.058163058527255139 -0.060700397499181595 0.024006048452478192 0.18174508050804433 0.55228974456489088 0.14443132423361141 -0.037788148367404933 0.27828584215470725 -0.0034095724691408425 0.30820309046306649 0.32441420360615375 -0.12369016347940151 -0.026214734680375072 0.069244236959898328 -0.12608731720148397 -0.051058668670973376 0.19409567163540767 -0.019982139567439515 -0.10216922158682477 -0.013032801089596228 0.1460876311933825 -0.08921558246947825 -0.0062009704205369153 0.16814154941538126 0.11446419833012922 0.18488985986072332 -0.04635991560272424 -0.15254513955932664 0.32907510209083557 0.16272297771139579 0.20677606317968594 -0.12046081726367658
leaf_weight=7323 53 901 68 1434 269 107 221 365 143 80 437 75 2172 83 1853 78 1012 65 50 301 82 281 104 1572 1802 277 303 51 792 197 570 405 217 512 50 90 75 56 159 224 171 325 966 551 133 2829 65 1577 696 281 211 64 242 295 814 94 1879 141 55 132 63 52
leaf_count=7323 53 901 68 1434 269 107 221 365 143 80 437 75 2172 83 1853 78 1012 65 50 301 82 281 104 1572 1802 277 303 51 792 197 570 405 217 512 50 90 75 56 159 224 171 325 966 551 133 2829 65 1577 696 281 211 64 242 295 814 94 1879 141 55 132 63 52
internal_value=-0.000343525 -0.0344094 0.145469 0.0170691 0.122095 -0.0679554 0.151679 0.258611 0.33142 -0.0198702 0.119831 0.256597 0.0533817 0.0881796 -0.0447872 0.193077 0.028988 0.215352 0.201764 0.0872116 -0.0329794 0.0751345 -0.0902517 -0.035439 -0.0239474 0.0480767 0.0929283 0.180055 0.189376 0.0645662 0.0426964 0.00878901 0.110721 0.141349 0.308236 0.157718 0.130176 0.160752 0.0699623 0.352744 0.178356 -0.0488405 -0.0287528 0.0431413 -0.0179974 -0.0334797 0.0104933 0.0065298 -0.054233 -0.0986167 0.227172 0.0473313 0.0795507 0.0894138 0.0765754 0.0455789 -0.0377326 -0.0423056 0.489 0.253974 0.0756285 0.0231225
internal_weight=36545 29624 6921 11688 5736 17936 3788 1185 615 5794 2525 417 5894 2429 8796 778 3465 1263 1198 1747 6943 1293 9140 6861 5289 1014 604 570 1148 1948 1461 975 486 733 342 519 487 412 215 274 1095 1536 1211 658 410 4631 3076 3011 2718 7604 648 154 2346 2104 1809 995 2022 1107 198 303 143 130
internal_count=36545 29624 6921 11688 5736 17936 3788 1185 615 5794 2525 417 5894 2429 8796 778 3465 1263 1198 1747 6943 1293 9140 6861 5289 1014 604 570 1148 1948 1461 975 486 733 342 519 487 412 215 274 1095 1536 1211 658 410 4631 3076 3011 2718 7604 648 154 2346 2104 1809 995 2022 1107 198 303 143 130
cat_boundaries=0 1 2 3 4 5
cat_threshold=1 1 2 1 1
is_linear=0
shrinkage=0.03


Tree=43
num_leaves=63
num_cat=3
split_feature=0 0 0 24 24 8 23 22 12 26 16 21 17 0 23 26 26 22 23 24 7 5 26 16 26 22 23 24 26 0 12 7 7 7 13 25 7 24 7 5 23 26 16 7 13 23 25 5 26 25 26 14 23 26 14 25 12 26 23 7 23 14
split_gain=180919 49409.2 20916.8 13571 12316.3 9128.78 7716.91 6557.83 6301.99 6012.46 5424.54 5293.41 6053.41 5361.51 4727.72 5100.77 5029.01 4763.68 4595.6 4757.52 4529.81 3701.42 3497.43 3458.72 3398.52 4026.72 3766.21 3957.97 3312.97 3226.71 3183.54 3061.24 2960.19 2838.27 3366.24 2737.01 2684.36 2629.76 2621.96 2620.14 2551.2 3132.47 2366.18 2319.54 2318.18 2312.6 2312.13 2410.46 2964.14 3818.44 2305 2217.82 2178.78 2149.62 2070.21 3620.48 2047.37 2438.06 2001.96 1998.45 2274.4 2275.57
threshold=28.950000000000003 18.027027027027028 48.050000000000004 2.4000000000000039 0.20000000000000187 12.008333333333335 6.8958333333333348 0.300694349548842 2.5000000000000004 1049.0000000000002 0 0.86159635224327558 26.450000000000003 67.500000000000014 14.05625 510.00000000000006 1468.5000000000002 0.71322329076259938 7.3187500000000023 8.0500000000000096 11.925000000000002 54.20000000000001 376.50000000000006 1 376.50000000000006 -0.0087262032186417905 6.2812500000000009 5.7000000000000073 154.50000000000003 53.100000000000009 2.5000000000000004 38.95000000000001 26.016666666666669 27.550000000000004 -0.6830127018922193 18.519532002218497 39.050000000000004 0.10000000000000007 36.875000000000007 19.530000000000005 7.8687500000000021 269.50000000000006 2 32.925000000000004 0.68301270189221941 5.6937500000000014 22.45199825916027 28.525000000000002 173.50000000000003 244.66755830174179 669.50000000000011 -0.68301270189221952 5.6145833333333357 944.50000000000011 1.0000000180025095e-35 165.47078043417073 3.5000000000000004 657.50000000000011 10.414583333333335 19.041666666666668 5.5708333333333355 0.6830127018922193
decision_type=10 8 10 8 10 10 10 2 2 2 1 2 2 10 10 2 2 2 10 10 10 10 2 1 2 2 10 10 2 10 2 8 10 10 2 10 10 10 10 8 10 2 1 10 2 10 10 8 2 10 2 2 10 2 2 10 2 2 10 8 8 2
left_child=1 5 4 7 6 35 9 38 22 23 59 13 -13 21 15 17 56 28 19 -7 -15 29 33 52 26 54 27 42 -8 37 -19 -12 -29 34 -9 -1 -20 -4 -3 -33 41 -22 -6 -31 -36 -40 -25 48 -48 -50 -10 -28 -2 -23 55 -26 57 -17 -37 -5 61 -61
right_child=2 3 11 10 24 18 14 8 50 -11 31 12 -14 20 -16 16 -18 30 36 -21 40 53 -24 46 25 -27 51 32 -30 43 -32 39 -34 -35 44 58 -38 -39 45 -41 -42 -43 -44 -45 -46 -47 47 -49 49 -51 -52 -53 -54 -55 -56 -57 -58 -59 -60 60 -62 -63
leaf_value=-0.095595314064049863 0.35030896072707524 0.0046727066117977448 0.25681291792134525 -0.020896033334978428 -0.031710809420794246 0.014321610064528175 0.11586370075437187 0.17959665254132742 0.026219422727915175 0.49223934581405238 -0.075555479565534892 -0.1284256810605526 0.2174168126516301 0.13779631601439579 -0.17311427204352284 0.036360756799578661 -0.025139895603060722 0.18462912768981446 -0.0643645926339107 -0.059616708633796173 0.34620607933908137 0.17755675114045932 0.22283243387081156 0.30296731455264331 0.30644221881522404 0.3394692717678845 0.073976993346546324 -0.15185998569827439 -0.0038012223095356371 0.27345956274975775 0.084120225586366268 0.16942537914198563 0.061348470847043909 0.19113160961066131 0.019566880649182352 -0.01808437890903308 0.054559642317366194 0.090532565676102433 0.26939744271732002 -0.024539940916238265 0.27921227251670577 0.64668547149943678 0.17258735651439847 0.44218935238005957 0.19117750893312471 0.057474144489215812 0.022895851197838782 0.097320415320023154 0.48614836551384488 0.16304887467222967 0.17580683100206609 -0.031231793629150548 0.20475711433983901 -0.011269214213218378 0.0062482352237616268 0.049671701145443045 0.27290507600574415 0.20799165143698375 -0.097321890843293679 0.057189679421426262 0.01560055653700629 0.28109506844356658
leaf_weight=7195 123 2887 247 1269 60 1883 312 209 1459 57 1748 75 116 54 54 100 96 494 5806 1341 53 254 261 73 79 64 230 86 626 233 666 83 184 243 565 780 176 131 52 256 55 76 341 107 81 426 50 603 55 82 99 835 374 69 175 132 259 292 454 128 1082 60
leaf_count=7195 123 2887 247 1269 60 1883 312 209 1459 57 1748 75 116 54 54 100 96 494 5806 1341 53 254 261 73 79 64 230 86 626 233 666 83 184 243 565 780 176 131 52 256 55 76 341 107 81 426 50 603 55 82 99 835 374 69 175 132 259 292 454 128 1082 60
internal_value=0.000375241 -0.0349156 0.126731 0.0152714 0.103625 -0.0659583 0.13301 0.0439864 0.0769077 0.190387 -0.0237229 0.228931 0.0816148 0.25093 0.104964 0.110242 0.177562 0.086273 -0.0453049 -0.0164325 0.379389 0.221561 0.124121 0.177736 0.045608 0.119078 0.0265633 0.0822322 0.036002 0.259503 0.126923 -0.0595548 -0.00656237 0.100657 0.0749431 -0.0885156 -0.0608657 0.199187 0.0154481 0.0229501 0.450292 0.523233 0.142019 0.32656 0.0410846 0.0805286 0.14143 0.126503 0.220604 0.29276 0.0357247 -0.00851065 0.240779 0.137219 0.0825364 0.145809 0.207453 0.164208 -0.0472366 0.0057301 0.0323353 0.128649
internal_weight=36515 28543 7972 10908 6502 17635 4316 6282 2917 1417 4626 1470 191 1279 2899 2845 747 2098 9206 3224 238 1041 1359 1360 2186 450 1736 671 938 718 1160 2087 270 1098 855 8429 5982 378 3365 339 184 129 401 340 646 478 863 790 187 137 1558 1065 497 323 386 211 651 392 1234 2539 1270 188
internal_count=36515 28543 7972 10908 6502 17635 4316 6282 2917 1417 4626 1470 191 1279 2899 2845 747 2098 9206 3224 238 1041 1359 1360 2186 450 1736 671 938 718 1160 2087 270 1098 855 8429 5982 378 3365 339 184 129 401 340 646 478 863 790 187 137 1558 1065 497 323 386 211 651 392 1234 2539 1270 188
cat_boundaries=0 1 2 3
cat_threshold=1 1 2
is_linear=0
shrinkage=0.03


Tree=44
num_leaves=63
num_cat=0
split_feature=0 0 0 25 24 0 24 23 23 23 24 26 23 23 26 6 14 12 7 7 0 0 22 26 5 24 23 7 25 26 23 14 7 22 26 12 26 26 24 23 9 1 26 23 12 25 26 5 26 18 6 24 23 6 25 26 21 14 23 0 26 7
split_gain=175357 35699.8 29347.9 12869.1 11339.8 10362.8 6257.53 6119.12 5536.71 5087.27 4965.2 4815.35 5742.26 4736.04 4674.2 4499.66 4175.42 4055.9 3886.69 3699.55 3657.65 3478.59 3300.72 3461.59 3252.77 3230.19 4981.73 3205.03 3062.06 2997.27 5737.09 5157.4 3794.91 2794.6 2675.39 2665.77 2627.96 4939.48 2851.49 4261.92 2605.67 2561.18 2547.41 2431.44 2414.19 2242.33 2240.55 2237.03 2178.18 2141.07 2150.56 2131.09 2288.32 2111.47 2107.89 2087.54 2077.74 3293.15 3868.2 2072.85 2048.53 2338.2
threshold=24.050000000000004 37.95000000000001 14.366666666666669 102.18812934611229 0.90000000000000424 53.100000000000009 0.10000000000000196 5.6937500000000014 7.3416666666666677 11.389583333333336 2.7000000000000011 116.50000000000001 6.1187500000000012 4.6187500000000012 1424.5000000000002 37.95000000000001 0.25000000000000017 2.5000000000000004 15.920000000000002 51.20000000000001 14.925000000000002 9.1750000000000025 0.42261826174069955 603.50000000000011 54.20000000000001 10.950000000000008 10.489583333333337 45.029411764705891 99.899842482413405 440.50000000000006 9.0187500000000025 0.6830127018922193 21.987500000000004 0.56638466991089664 510.00000000000006 3.5000000000000004 976.50000000000011 663.50000000000011 7.4500000000000073 6.3958333333333348 27.53541666666667 72.40000000000002 647.00000000000011 10.26041666666667 2.5000000000000004 7.535355435814858 168.50000000000003 46.100000000000009 2508.0000000000005 85.500000000000014 18.152509652509654 17.550000000000011 5.731250000000002 38.95000000000001 21.778953839023966 1.0000000180025095e-35 0.28400453026986799 0.6830127018922193 7.8958333333333348 20.980000000000004 308.50000000000006 19.225000000000005
decision_type=10 10 8 10 10 10 10 10 10 8 10 2 10 10 2 10 2 2 10 10 10 10 2 2 10 10 10 10 10 2 10 2 10 2 2 2 2 2 10 10 10 10 2 10 2 10 2 8 2 2 10 10 10 10 10 2 2 2 10 8 2 10
left_child=2 4 16 9 7 6 13 49 53 10 40 -7 18 -3 24 48 21 22 -13 29 -17 -1 23 43 33 26 -18 -24 -23 30 47 32 -31 42 -20 -32 37 38 39 45 55 -26 -14 -9 -35 -8 -30 -15 -10 50 -2 52 -12 -5 -19 -4 -56 -58 -59 -57 -41 -62
right_child=1 5 3 8 -6 11 36 17 15 -11 51 12 14 19 -16 20 25 54 34 -21 -22 28 27 -25 41 -27 -28 -29 46 31 35 -33 -34 44 -36 -37 -38 -39 -40 60 -42 -43 -44 -45 -46 -47 -48 -49 -50 -51 -52 -53 -54 -55 56 59 57 58 -60 -61 61 -63
leaf_value=-0.10729946758881036 -0.024932958349585532 0.40190968587635506 -0.11750726282040574 0.081083267769449005 0.0025945633571384037 0.083109796229472829 0.34595587727447896 0.058481089748187449 0.0023063594866915 -0.099061439122488895 0.017898989063067621 0.22751072979066519 0.12693361024124711 0.18369220543488859 -0.026920966468751431 0.21525062294086303 0.0053115605606165305 -0.042713470241231212 0.39444724062388692 0.36406135901808739 0.0068779786240230215 -0.076309794972438283 0.13124586985273767 0.15467207157311319 0.14778064162624924 -0.097174201757547318 -0.14053159091452136 0.36493596753870539 0.15810275183847319 0.19186902134050249 0.11703015892779173 0.088247360572998368 0.38703915807622424 0.57815175164294874 0.65511245636712934 -0.1176620486502846 -0.068268671727111166 0.27027333271969112 -0.053545594362630726 0.012080329903777593 0.11163278748454122 0.38534719172492626 0.39428714858161074 -0.086848961298487015 0.3316728319879621 0.1453112378529331 -0.025553052905961521 0.060446350328300306 -0.14518094154748509 0.27255635181907562 0.16823005290323864 -0.077034755799040913 -0.040934571787462931 0.26851815956203562 0.079080993833341537 -0.014806759291653458 0.11182646911662114 0.062460910431580918 -0.082426415741907955 0.037066172363460895 -0.010126422888612093 0.19781767954003729
leaf_weight=4014 60 83 134 1060 2146 121 73 351 2184 892 706 64 79 750 54 164 1344 206 81 84 141 5314 930 238 223 644 250 56 78 191 73 184 169 57 63 108 86 140 126 359 194 50 54 147 96 160 256 161 94 152 383 1177 3784 57 1499 1966 263 316 349 1071 73 146
leaf_count=4014 60 83 134 1060 2146 121 73 351 2184 892 706 64 79 750 54 164 1344 206 81 84 141 5314 930 238 223 644 250 56 78 191 73 184 169 57 63 108 86 140 126 359 194 50 54 147 96 160 256 161 94 152 383 1177 3784 57 1499 1966 263 316 349 1071 73 146
internal_value=0.000184735 0.100293 -0.0429742 -0.0129095 0.0601923 0.173106 0.145575 0.0851629 0.0348418 -0.0307128 -0.0239627 0.25979 0.28583 0.180572 0.239614 0.0107089 -0.0773945 0.0728339 0.422034 0.169891 0.118921 -0.085947 0.108634 0.0605598 0.265361 -0.0404711 -0.0175622 0.144518 -0.0707719 0.159921 0.131261 0.217452 0.283491 0.336065 0.508488 -0.0230072 0.091319 0.104062 0.0792282 0.0998564 0.00490299 0.191291 0.235483 0.0155825 0.423498 0.208174 0.0173366 0.161911 -0.0037796 0.175403 0.142068 -0.0411028 -0.0316837 0.090648 0.0494207 -0.00162668 0.0572409 0.0219625 -0.0135777 0.00348626 0.056192 0.128503
internal_weight=36528 11004 25524 13624 7096 3908 2966 4950 3700 9924 9032 942 821 1803 613 2583 11900 4355 208 1720 305 9662 1722 736 559 2238 1594 986 5648 1636 1092 544 360 286 144 181 1163 1077 937 811 3365 273 133 498 153 233 334 911 2278 595 443 5667 4490 1117 2633 3171 2427 928 665 3037 578 219
internal_count=36528 11004 25524 13624 7096 3908 2966 4950 3700 9924 9032 942 821 1803 613 2583 11900 4355 208 1720 305 9662 1722 736 559 2238 1594 986 5648 1636 1092 544 360 286 144 181 1163 1077 937 811 3365 273 133 498 153 233 334 911 2278 595 443 5667 4490 1117 2633 3171 2427 928 665 3037 578 219
is_linear=0
shrinkage=0.03


Tree=45
num_leaves=63
num_cat=0
split_feature=0 0 1 24 24 0 24 23 12 2 14 6 25 25 7 26 7 14 26 23 7 0 6 5 26 23 24 14 23 21 25 26 26 13 25 23 7 6 7 26 26 7 23 23 22 7 12 25 26 12 23 24 12 12 26 7 3 6 26 23 5 26
split_gain=162687 44024.1 19934 11996 8809.02 8028.98 7571.33 9122.88 7132.75 6643.92 5679.21 5124.96 5777.88 5055.84 4906.49 4624.28 4539.34 5224.86 4402.4 4756.3 3738.22 3733.83 5737.49 3731.04 3801.96 3704.28 3887.89 3695.99 3491.32 2995.2 2967.53 3551 2939.86 2950.44 2921.68 2849.23 2836.25 3535.64 2711.99 2697.99 3428.85 2751.28 2512.58 2480.05 2444.49 2437.83 2431.94 2425.51 2407.07 2382.65 3042.11 2298.41 2240.54 4624.89 2524.9 2240.02 2224.31 2221.76 2183.76 2146.35 2104.24 2095.45
threshold=28.950000000000003 18.027027027027028 42.050000000000004 2.7000000000000011 0.90000000000000424 9.7071428571428573 1.0000000180025095e-35 9.235416666666671 2.5000000000000004 58.050000000000004 1.0000000180025095e-35 50.058823529411775 819.21611965807267 93.988153265846975 11.925000000000002 116.50000000000001 39.050000000000004 0.25000000000000017 936.50000000000011 6.689583333333335 27.952777777777786 18.775000000000002 27.952777777777786 45.94852941176471 818.50000000000011 10.489583333333337 15.700000000000005 0.25000000000000017 5.293750000000002 -0.49240481012316845 19.793559471571758 315.00000000000006 944.50000000000011 0.93301270189221952 165.47078043417073 5.4937500000000012 29.750000000000004 37.050000000000004 14.425000000000002 427.50000000000006 1351.0000000000002 16.925000000000001 5.939583333333335 7.293750000000002 0.58068084432175959 54.20000000000001 3.5000000000000004 114.1711555490914 139.50000000000003 4.5000000000000009 5.5333333333333341 5.3000000000000096 1.5000000000000002 3.5000000000000004 326.50000000000006 16.050000000000004 32.81666666666667 42.050000000000004 54.500000000000007 4.481250000000002 11.040000000000001 6.5000000000000009
decision_type=10 8 10 8 10 10 10 10 2 10 2 10 10 10 10 2 10 2 2 8 10 10 10 10 2 10 10 2 10 2 10 2 2 2 10 10 10 8 8 2 2 10 10 10 2 8 2 10 2 2 10 10 2 2 2 8 10 10 2 10 8 2
left_child=1 5 4 16 8 -1 7 9 11 10 -4 12 44 25 -11 51 17 30 19 38 -14 22 -19 24 -12 26 27 -7 56 -21 -3 -32 33 55 47 -23 60 -38 -5 -30 41 -41 -16 -25 -2 -31 61 -9 -6 50 -29 57 -40 59 -55 -17 -10 -8 -52 -54 -15 -37
right_child=2 3 6 18 48 13 15 34 28 14 23 -13 20 36 42 32 -18 21 -20 29 -22 35 -24 43 -26 -27 -28 49 39 45 31 -33 -34 -35 -36 46 37 -39 52 40 -42 -43 -44 -45 -46 -47 -48 -49 -50 -51 58 -53 53 54 -56 -57 -58 -59 -60 -61 -62 -63
leaf_value=-0.095605978778926473 0.089885469382743319 -0.049472983472508815 0.44438615362433825 -0.056500654000808899 -0.0087120442461853607 -0.052127396750395592 0.1720229649535836 0.10350190137666238 0.10685403182274765 0.17184154444561908 0.22764644053836153 0.43704598625855784 0.20360028416522449 0.057673237365730462 0.62711836523529307 0.096533860315253836 0.11568568798168787 0.053116079217448889 0.25350974373957691 -0.011408333380936088 0.53551129116461826 0.13964186952263116 0.28596864237468089 0.18170980739237907 0.48482930636001842 -0.092255272145142786 -0.088383131189119835 0.10894048608203738 0.045694702028952157 -0.085507102938492091 0.084288830571532219 -0.0066049425024888838 0.0014706265628337859 -0.030714624886805153 0.0343208559231611 0.25111169513534098 0.0323976072128895 0.30108973615765572 -0.032044907599058071 0.038536640777933916 -0.069624679589271543 0.19121539519284222 0.40211495504631145 -0.001704769367450162 0.16556706398125556 0.036966454879328703 0.0033134455545918181 0.36159814098051613 0.087944698856355474 -0.054226949948314805 0.024418155930839323 -0.12919696048018522 0.30586551691951419 -0.028328091691023318 0.14871307474785836 0.23335991934596492 0.31133792894524198 -0.039629528697799232 -0.071360611746179275 0.10824298560353261 -0.041150867087914766 0.055120320434621874
leaf_weight=4855 738 766 102 373 903 5203 94 79 108 62 420 56 74 233 67 139 643 247 51 1112 52 260 155 220 59 2256 1814 271 1697 1599 554 1282 90 53 227 51 372 50 324 149 75 370 134 95 801 161 1156 56 312 566 720 72 58 435 87 478 86 85 305 336 1156 1315
leaf_count=4855 738 766 102 373 903 5203 94 79 108 62 420 56 74 233 67 139 643 247 51 1112 52 260 155 220 59 2256 1814 271 1697 1599 554 1282 90 53 227 51 372 50 324 149 75 370 134 95 801 161 1156 56 312 566 720 72 58 435 87 478 86 85 305 336 1156 1315
internal_value=-0.000374549 -0.0335776 0.119721 0.0137097 0.0872612 -0.0627055 0.189217 0.231512 0.107815 0.272573 0.233659 0.15476 0.145266 -0.0503672 0.40515 0.125587 0.0400669 0.0316633 -0.0236471 -0.0267988 0.340579 0.0574347 0.142898 0.206588 0.259324 -0.0579279 -0.0492059 -0.0391468 0.0753034 -0.0499514 0.00012766 0.0208216 0.162459 0.184084 0.100047 0.0450852 -0.0038797 0.0642332 0.0144252 0.0649558 0.119983 0.147383 0.477116 0.126394 0.129275 -0.0743036 0.0353371 0.210564 0.0161085 -0.00287513 0.0195517 0.0139421 0.0357602 0.0597436 0.00117877 0.202535 0.197502 0.0715176 -0.00408187 0.137335 -0.0245735 0.0624377
internal_weight=36719 28766 7953 10965 5421 17801 2532 1521 4206 1159 896 1721 1665 12946 263 1011 6429 5786 4536 4485 126 3184 402 794 479 11135 8879 7065 2485 2872 2602 1836 760 670 362 2782 1811 422 1613 2291 594 519 201 315 1539 1760 2522 135 1215 1862 1296 251 1240 916 522 617 194 179 1025 394 1389 1366
internal_count=36719 28766 7953 10965 5421 17801 2532 1521 4206 1159 896 1721 1665 12946 263 1011 6429 5786 4536 4485 126 3184 402 794 479 11135 8879 7065 2485 2872 2602 1836 760 670 362 2782 1811 422 1613 2291 594 519 201 315 1539 1760 2522 135 1215 1862 1296 251 1240 916 522 617 194 179 1025 394 1389 1366
is_linear=0
shrinkage=0.03


Tree=46
num_leaves=63
num_cat=5
split_feature=8 2 25 24 16 16 14 8 21 24 7 5 14 24 7 22 13 3 12 12 14 5 26 16 6 7 26 26 24 7 2 25 25 18 26 26 12 12 24 26 25 6 24 12 16 14 9 12 12 12 17 10 16 12 12 26 25 26 7 14 9 6
split_gain=154608 29697.5 26276.6 18432.4 14744 7983.17 7690.19 7488.72 6005.63 5461.98 4519.24 4109.9 3969.2 3967.58 3825.98 3656.81 3595.81 3481.09 3274.98 2994.91 2970.19 2945.11 2885.89 2876.49 4839.44 4559.64 3364.09 3014.43 2857.44 2750.02 2514.67 2276.41 2224.01 2140.03 2122.82 3256.83 4811.89 2913.95 2513.55 2385.69 2941.71 2112.66 2002.91 1983.23 1976.07 2708.65 3679.16 2408.55 2497.08 2195.17 2055.81 1956.68 1947.03 1927.83 1898.02 1877.84 2675.42 1865.12 1845.45 1799.07 2574.42 1797.05
threshold=23.508333333333336 47.100000000000009 91.747104074190801 0.20000000000000187 0 1 0.25000000000000017 33.016666666666673 0.043617726472722461 1.4000000000000077 29.050000000000004 17.550000000000004 0.6830127018922193 7.4500000000000073 12.633333333333335 0.38266886095259273 -0.24999999999999994 67.500000000000014 3.5000000000000004 1.0000000180025095e-35 -0.5 27.550000000000004 663.50000000000011 2 56.050000000000004 44.100000000000009 35.500000000000007 510.00000000000006 0.10000000000000196 29.050000000000004 19.820000000000004 533.52045197331279 989.62893964877537 79.500000000000014 1351.0000000000002 301.50000000000006 3.5000000000000004 1.5000000000000002 1.0000000180025095e-35 195.50000000000003 118.20596845055762 30.050000000000004 0.35000000000000181 4.5000000000000009 3 0.6830127018922193 41.76794871794872 1.5000000000000002 1.0000000180025095e-35 1.0000000180025095e-35 26.350000000000005 1.0000000180025095e-35 4 1.5000000000000002 3.5000000000000004 294.50000000000006 244.66755830174179 1937.0000000000002 17.972972972972979 1.0000000180025095e-35 34.858333333333341 27.952777777777786
decision_type=10 8 10 10 1 1 2 10 2 8 8 8 2 10 10 2 2 10 2 2 2 8 2 1 10 10 2 2 10 8 10 10 10 2 2 2 2 2 10 2 10 8 10 2 1 2 8 2 2 2 2 2 1 2 2 2 10 2 10 2 8 10
left_child=2 3 4 7 12 31 30 11 17 16 -7 -2 19 14 -5 -12 29 42 20 -1 -13 -22 -15 28 25 26 -25 53 -9 -8 -6 57 -29 55 35 38 37 -37 39 40 -10 -27 61 -21 47 49 50 48 -16 -46 51 -47 -38 -28 -11 56 -17 -4 -44 60 -49 -3
right_child=1 8 5 13 6 10 9 23 34 54 15 18 -14 22 44 33 -18 -19 -20 43 21 -23 -24 24 -26 41 27 32 -30 -31 -32 -33 -34 -35 -36 36 52 -39 -40 -41 -42 -43 58 -45 45 46 -48 59 -50 -51 -52 -53 -54 -55 -56 -57 -58 -59 -60 -61 -62 -63
leaf_value=-0.079033503285959025 0.26337137264460325 0.43350270904992755 -0.023195034306713731 -0.035573763945234205 -0.088955683763164553 0.017325885965264472 0.073107100322451823 0.18952211233209534 0.14148164424725942 -0.040931730775164099 0.062085324161050365 -0.048356745510462144 0.063529741136649845 -0.034916882729278731 -0.031710262934592635 0.27069426360726356 -0.045820201258855955 0.41148784701691732 0.033687113493895283 -0.0017929081325875399 0.14695408181935674 0.066779626271223427 0.16914061604914341 0.29347956012715309 0.3759115464838802 0.41896774748606341 0.12810739014243994 0.18792453739154885 0.00043009206168837357 -0.080998720249741293 -0.028012336207786936 0.066061603734529462 -0.0041638775948268257 0.082549248690958366 0.020878191387442787 0.24084466648737449 0.48689164695640397 0.025115620080501801 0.039254351118718514 0.070189155667777295 0.43319981629295007 0.15067458424866201 0.0094418039824813605 -0.044468686629709132 -0.054722699623893603 0.34936687899918495 -0.021813725317135834 -0.029304314046643951 0.23675711907135943 0.061661852290587127 0.095023879986746523 0.16571920239378687 0.25947592522948981 0.024070081341883782 -0.098426839644829109 0.31549660545748631 0.034548458464174384 -0.15893916362896562 0.22456943185112188 -0.079188069308920958 0.22278477691687071 0.25220996961059666
leaf_weight=772 100 57 1784 494 10473 1102 715 1091 70 1219 789 121 506 1136 55 90 595 135 1397 3134 800 851 66 68 61 56 208 285 77 122 647 251 67 162 92 143 72 93 201 92 56 50 54 1426 165 79 117 122 72 1257 190 154 64 699 897 111 83 96 107 254 52 360
leaf_count=772 100 57 1784 494 10473 1102 715 1091 70 1219 789 121 506 1136 55 90 595 135 1397 3134 800 851 66 68 61 56 208 285 77 122 647 251 67 162 92 143 72 93 201 92 56 50 54 1426 165 79 117 122 72 1257 190 154 64 699 897 111 83 96 107 254 52 360
internal_value=-0.000517595 0.0892731 -0.0427272 0.0703471 -0.0570913 0.0231972 -0.0731398 0.10443 0.209565 -0.0346837 0.0614898 0.0740103 -0.0167693 0.0223654 0.0407598 0.100898 0.0105633 0.274327 0.0680349 -0.0243896 0.0951137 0.105629 -0.0237124 0.141787 0.114213 0.103073 0.0879483 0.0768474 0.177056 0.0506448 -0.0854098 -0.0187971 0.151362 0.169559 0.157271 0.173135 0.23774 0.155833 0.115777 0.186332 0.271134 0.292414 0.242291 -0.0151384 0.0557414 0.0698791 0.12708 0.00576281 0.120492 0.0481573 0.168263 0.227986 0.379872 0.0479287 -0.0653047 0.219191 0.157399 -0.0301266 0.152415 -0.0282806 0.0460327 0.276991
internal_weight=36714 11740 24974 10144 20506 4468 14668 5931 1596 3548 2337 3269 5838 4213 3011 1235 1432 713 3169 5332 1772 1651 1202 2662 1494 1433 1327 1259 1168 837 11120 2131 352 446 883 791 372 236 419 218 126 106 578 4560 2517 1962 540 555 127 1422 423 233 136 907 2116 284 173 1880 161 428 174 417
internal_count=36714 11740 24974 10144 20506 4468 14668 5931 1596 3548 2337 3269 5838 4213 3011 1235 1432 713 3169 5332 1772 1651 1202 2662 1494 1433 1327 1259 1168 837 11120 2131 352 446 883 791 372 236 419 218 126 106 578 4560 2517 1962 540 555 127 1422 423 233 136 907 2116 284 173 1880 161 428 174 417
cat_boundaries=0 1 2 3 4 5
cat_threshold=1 2 1 2 1
is_linear=0
shrinkage=0.03


Tree=47
num_leaves=63
num_cat=4
split_feature=0 0 24 0 8 24 16 26 7 12 22 23 26 23 16 1 26 26 23 24 16 6 26 11 25 24 14 26 6 7 26 23 8 23 24 14 23 26 22 7 5 14 7 26 23 23 7 7 4 16 24 26 26 23 26 26 25 18 25 25 25 23
split_gain=144642 43179.6 16687.7 14245.4 12178.9 8570.06 6370.65 5680.07 5588.5 5571.54 6076.37 5378.87 7115.25 4321.15 4368.93 3860.8 3595.12 3529.64 4742.46 4110.15 3502.76 3427.74 4848.34 4452.99 3859.66 3308.76 4437.71 3264.29 3147.82 3098.96 4032.11 3322.35 3078 2858.35 2772.79 2767.84 2654.92 3428.13 2628.96 2452.01 3178.13 2918.1 2430.59 2374.81 2201.5 2155.21 2143.56 2118.55 2103.46 2086.98 2164.43 2045.78 2067.76 2036.49 1974.16 1965.19 1950.63 1923.79 1923.48 2046.79 1903.21 1872.65
threshold=21.987500000000004 33.850000000000009 0.90000000000000424 13.633333333333335 48.175000000000004 0.10000000000000196 0 1864.0000000000002 54.20000000000001 1.5000000000000002 0.46173103126271869 7.5791666666666684 103.50000000000001 11.55625 1 77.250000000000014 537.50000000000011 376.50000000000006 6.3958333333333348 0.59999999999999887 2 44.100000000000009 1135.5000000000002 0.78656609248549303 819.21611965807267 0.40000000000000191 1.0000000180025095e-35 176.50000000000003 47.100000000000009 44.100000000000009 431.50000000000006 12.097916666666668 68.075000000000003 6.5062500000000014 12.100000000000007 0.93301270189221952 5.3333333333333348 276.00000000000006 -0.83385407025023273 19.041666666666668 25.316666666666666 0.25000000000000017 18.013513513513519 360.50000000000006 14.647916666666669 5.5333333333333341 35.016666666666673 44.100000000000009 17.016666666666669 3 5.5000000000000071 440.50000000000006 356.50000000000006 5.939583333333335 976.50000000000011 203.50000000000003 24.007001470280013 54.500000000000007 98.215487781376439 239.35584923535632 126.52027679958933 4.9437500000000023
decision_type=8 10 8 10 10 10 1 2 10 2 2 10 2 10 1 10 2 2 10 10 1 10 2 2 10 10 2 2 10 10 2 10 10 10 10 2 10 2 2 8 8 2 8 2 10 10 10 10 10 1 10 2 2 10 2 2 10 2 10 10 10 10
left_child=3 2 9 20 5 8 39 15 13 10 57 12 34 14 33 21 28 18 19 -7 56 22 23 -6 25 32 -27 46 36 31 -31 53 47 43 -5 -12 37 -16 58 -4 41 -41 -19 -3 -40 -22 -14 55 -8 50 -21 52 -35 -11 -44 -23 -1 -2 -13 -60 -47 -29
right_child=1 4 6 11 7 17 48 -9 -10 29 35 38 27 -15 16 -17 -18 42 -20 49 45 24 -24 -25 -26 26 -28 61 -30 30 -32 -33 -34 51 -36 -37 -38 -39 44 40 -42 -43 54 -45 -46 60 -48 -49 -50 -51 -52 -53 -54 -55 -56 -57 -58 -59 59 -61 -62 -63
leaf_value=-0.040226003179597597 0.1535543228412789 0.34356077463192453 -0.018720989148872932 -0.0022551419878677642 0.16783767428938987 0.27133626809457739 -0.099275721713768153 -0.094088567231288722 0.37833650440960137 0.10443568510575253 0.19467113338048214 -0.083544107357809469 0.1147127502911577 -0.017640741629238496 0.38380694736849585 0.41177586652338505 0.21471450271959205 0.004459011471640747 -0.028874995429537587 0.25585635836065657 -0.031031366475486755 0.39678962014970326 0.44216559371043895 0.38875153135576029 -0.045297203510999681 0.21582255457825958 -0.037761647954302008 0.20761072923920371 0.31616370886564255 0.065631261010496114 0.27965943489454487 -0.040557354550853554 0.46321511638614365 0.15504802401159862 -0.059968224422561098 0.081539032121731359 0.052351393584982718 0.085366390334442252 -0.023552712588376518 0.048071179829628725 0.001019733511107609 0.1825255177795887 0.19691968187096259 0.15286973647095939 -0.20532605456524208 -0.087150516784400472 0.31911409321256345 0.043116012777922284 -0.031617004060071341 -0.014495969618461569 0.042611651428871682 0.24474198217477117 -0.033303984388456505 0.039447822957666627 0.014279721926038082 0.20279328887814002 0.073144303757838799 0.021127571871661359 0.011686494783303508 -0.087000422923101894 -0.021343351886977991 0.025666419876698592
leaf_weight=1008 120 177 805 2416 324 98 619 51 91 513 678 1789 190 149 53 96 245 113 596 71 748 63 116 110 68 150 106 55 51 265 113 415 53 473 1086 273 800 100 3536 410 641 225 295 88 61 8432 61 53 1246 196 108 210 59 2817 65 185 158 557 478 313 415 685
leaf_count=1008 120 177 805 2416 324 98 619 51 91 513 678 1789 190 149 53 96 245 113 596 71 748 63 116 110 68 150 106 55 51 265 113 415 53 473 1086 273 800 100 3536 410 641 225 295 88 61 8432 61 53 1246 196 108 210 59 2817 65 185 158 557 478 313 415 685
internal_value=0.000510055 0.0715934 0.0337031 -0.0496075 0.139471 0.113212 -0.0138079 0.216586 0.147564 0.0663023 0.113293 -0.0250445 -6.95404e-05 0.138832 0.149167 0.228553 0.11168 0.057608 0.0274164 0.0983459 -0.0739627 0.214229 0.269879 0.22383 0.169086 0.192985 0.110823 0.0708996 0.0865377 0.0477474 0.129613 0.0394843 0.252401 0.195662 -0.0201525 0.162195 0.0742492 0.188748 -0.0432107 0.0222781 0.0481435 0.0957125 0.125842 0.280237 -0.0266353 -0.0799293 0.164388 0.215281 -0.0540732 0.0531377 0.127195 0.165456 0.134159 0.0494595 0.163943 0.252075 -0.0248636 0.0446006 -0.0663199 -0.0273641 -0.0840636 0.0391893
internal_weight=36541 15110 9697 21431 5413 4038 3946 1375 2496 5751 1628 10670 4493 2405 2256 1324 1249 1542 1069 473 10761 1228 550 434 678 610 256 991 1004 4123 378 3745 354 1007 3502 951 953 153 6177 2081 1276 635 473 265 3597 9595 251 301 1865 375 179 742 532 3330 360 248 1166 677 2580 791 8847 740
internal_count=36541 15110 9697 21431 5413 4038 3946 1375 2496 5751 1628 10670 4493 2405 2256 1324 1249 1542 1069 473 10761 1228 550 434 678 610 256 991 1004 4123 378 3745 354 1007 3502 951 953 153 6177 2081 1276 635 473 265 3597 9595 251 301 1865 375 179 742 532 3330 360 248 1166 677 2580 791 8847 740
cat_boundaries=0 1 2 3 4
cat_threshold=1 1 1 1
is_linear=0
shrinkage=0.03


Tree=48
num_leaves=63
num_cat=4
split_feature=2 2 2 24 23 24 16 26 21 23 25 6 25 2 26 26 14 26 23 22 7 26 16 23 23 24 26 23 25 24 6 6 7 24 26 26 26 23 23 23 24 13 7 4 14 26 26 26 16 24 23 17 22 13 12 3 7 26 6 16 6 14
split_gain=131066 29815.4 20676.7 15419.8 9164.69 8297.84 7660.1 6250.38 5361.84 5283.14 5259.38 4879.97 4460.04 3591.7 3396.42 4660.59 6349.41 5062.23 4334.49 3907.93 3802.77 3361.28 3147.93 3137.5 3104.8 3047.64 4152.83 4239.3 3221.1 3002.7 3127.67 2796.89 2696.93 2676.7 2584.51 4827.63 3286.46 3418.97 2571.03 2395.42 2509.57 2342.54 2274.42 2263.08 2260.02 2211.62 2571.14 2281.81 2153.65 2043.68 2509.63 1991.41 2132.36 1969.89 2367.38 1962.97 2214.69 2308.81 1875.65 1874.15 1870.21 1885.82
threshold=26.525000000000002 17.341666666666672 48.050000000000004 0.60000000000000486 6.9479166666666679 1.0000000180025095e-35 0 880.00000000000011 0.061046214993534555 6.2812500000000009 18.519532002218497 65.100000000000009 573.8723554527138 26.020000000000007 1864.0000000000002 537.50000000000011 1.0000000180025095e-35 623.50000000000011 10.706250000000002 0.9426055981926128 44.100000000000009 800.50000000000011 1 10.222916666666668 7.4937500000000021 0.35000000000000181 154.50000000000003 6.147916666666668 257.1675852675026 14.600000000000003 17.016666666666669 12.216666666666669 11.033333333333335 7.150000000000003 130.50000000000003 162.50000000000003 281.50000000000006 10.489583333333337 5.877083333333335 7.5791666666666684 10.750000000000004 -0.24999999999999994 42.95000000000001 52.100000000000009 -0.24999999999999994 261.00000000000006 173.50000000000003 35.500000000000007 2 0.20000000000000187 5.2458333333333353 27.650000000000002 0.97233289553061597 0.25000000000000006 2.5000000000000004 33.850000000000009 26.950000000000003 247.50000000000003 28.950000000000003 3 61.050000000000004 1.0000000180025095e-35
decision_type=10 8 10 10 10 8 1 2 2 8 10 8 10 8 2 2 2 2 10 2 8 2 1 10 10 10 2 10 10 10 10 8 10 10 2 2 2 10 10 10 10 2 10 10 2 2 2 2 1 10 10 2 2 2 2 10 10 2 10 1 8 2
left_child=1 6 3 4 7 12 -1 11 25 29 39 22 24 -14 15 18 17 -17 19 41 -18 32 55 49 -3 26 -4 28 -28 30 -7 -11 -5 38 43 -36 -37 42 48 40 44 -6 -38 -10 -8 46 47 -24 -34 -12 -51 52 -20 54 58 -2 57 -57 -21 -27 61 -29
right_child=2 5 8 21 14 9 10 -9 34 31 23 -13 13 -15 -16 16 20 -19 51 53 -22 -23 45 -25 -26 59 27 60 -30 -31 -32 -33 33 -35 35 36 37 -39 -40 -41 -42 -43 -44 -45 -46 -47 -48 -49 -50 50 -52 -53 -54 -55 -56 56 -58 -59 -60 -61 -62 -63
leaf_value=-0.017258103078465328 0.12493108858478565 0.082088890407646664 0.51117120454440246 -0.08860902420142476 0.1153990106281738 -0.00039183343671815135 -0.069874470659558874 0.40905123062694776 0.12798045861958102 -0.086390564297137679 0.026427985711320118 0.3953790256687823 0.085045730577493039 0.29361816248839551 -0.13645397281104868 0.46836577986107497 -0.039824362566676173 0.17624663681592617 -0.15923137260292716 0.16335298910737037 0.15151975102465728 0.21492136429732953 0.20990895206616683 -0.077873220416637301 0.011058150170038989 0.23998386393157908 0.23815887886083734 0.25865680563005994 0.53445045022964477 -0.036504115876339699 0.08974985490879514 -0.016562923480050375 0.22843001336694876 -0.031816508918215178 0.45726383223253136 0.027781768698323439 0.20629589915150981 0.040912628497168854 0.019760999449653961 -0.089991149515925864 -0.088757624287425813 0.03030898137830897 0.42489508031532164 -0.098663242815002314 -0.0047343541248729823 0.055309394591564122 0.23826366414410174 0.062640429885564508 0.057577114848579677 0.093042396147336281 -0.046794464805950065 0.036198542331811044 0.039250302143488076 0.055699204453267155 0.1166618781689546 0.38757263455411484 0.16485340649466196 0.16841957968214283 0.34823338714929725 0.040872208780298631 0.36019657324342164 0.079215130291879168
leaf_weight=3274 270 863 74 245 388 566 932 85 110 569 714 68 229 110 66 61 202 428 139 108 174 71 132 1072 1546 104 59 94 75 417 893 5569 107 664 51 143 299 103 993 6555 1441 1167 50 62 987 463 178 335 175 126 1387 240 75 200 327 116 219 69 91 72 51 120
leaf_count=3274 270 863 74 245 388 566 932 85 110 569 714 68 229 110 66 61 202 428 139 108 174 71 132 1072 1546 104 59 94 75 417 893 5569 107 664 51 143 299 103 993 6555 1441 1167 50 62 987 463 178 335 175 126 1387 240 75 200 327 116 219 69 91 72 51 120
internal_value=0.00023274 -0.0329858 0.0973264 0.0780202 0.104689 0.00585575 -0.0583383 0.157509 0.200714 -0.00956982 -0.0685166 0.145952 0.0508414 0.152724 0.0768088 0.0807186 0.141415 0.212687 0.0615222 0.0783713 0.0487232 0.0117804 0.136434 -0.0357051 0.0365042 0.265104 0.30476 0.266478 0.403994 0.0344897 0.0547806 -0.023036 0.00517642 0.0170266 0.149627 0.177143 0.153133 0.19279 0.0424633 -0.0794339 -0.058838 0.0515404 0.237614 0.0462833 -0.0363709 0.105335 0.141246 0.104267 0.122404 -0.0154068 -0.0351491 -0.0231316 -0.08967 0.13584 0.166311 0.187557 0.229412 0.305834 0.247896 0.158529 0.196942 0.158035
internal_weight=36573 27250 9323 7856 5601 10762 16488 1935 1467 8014 13214 1850 2748 339 3666 3600 865 489 2735 2281 376 2255 1782 3299 2409 649 473 399 134 1876 1459 6138 2184 1939 818 646 595 452 1275 9915 3360 1555 349 172 1919 1108 645 467 282 2227 1513 454 214 726 526 674 404 185 199 176 265 214
internal_count=36573 27250 9323 7856 5601 10762 16488 1935 1467 8014 13214 1850 2748 339 3666 3600 865 489 2735 2281 376 2255 1782 3299 2409 649 473 399 134 1876 1459 6138 2184 1939 818 646 595 452 1275 9915 3360 1555 349 172 1919 1108 645 467 282 2227 1513 454 214 726 526 674 404 185 199 176 265 214
cat_boundaries=0 1 2 3 4
cat_threshold=1 1 1 1
is_linear=0
shrinkage=0.03


Tree=49
num_leaves=63
num_cat=6
split_feature=0 0 24 1 24 16 23 23 26 25 12 12 14 23 26 5 7 23 12 24 23 23 1 26 6 25 9 26 14 23 26 22 7 16 7 16 7 5 26 7 16 12 26 26 25 23 22 26 14 5 16 23 7 23 16 25 9 25 14 14 14 25
split_gain=127886 37089.2 17864.2 13150.9 9677.03 6822.16 6019.16 5677.68 6432.94 5529.35 4882.06 4965.91 4760.08 4636.21 4580.04 4208.38 4022.95 3971.83 3971.49 3930.89 3894.01 3820.82 3824.85 3772.4 3386.4 4166.48 4794.04 3319.71 3287.89 3264.21 3179.31 3108.38 2980.62 2966.72 2936.12 2881.79 2859.66 3764.22 2850.04 2828.37 2807.16 2742.78 2760.11 4673.6 2651.78 2883.27 2618.83 2583.57 2574.98 2407.15 2385.01 2375.12 2368.69 2368.19 2325.7 2242.31 2214.95 2204.01 2126.77 2050.56 3215.95 2003.61
threshold=21.987500000000004 37.95000000000001 0.90000000000000424 12.15 0.099999999999999964 0 5.4541666666666684 10.706250000000002 995.00000000000011 98.215487781376439 1.5000000000000002 1.0000000180025095e-35 1.0000000180025095e-35 7.5791666666666684 995.00000000000011 32.050000000000004 29.050000000000004 11.172916666666671 5.5000000000000009 11.950000000000008 5.3333333333333348 10.26041666666667 53.100000000000009 537.50000000000011 45.029411764705891 380.64335933828039 57.812500000000007 498.50000000000006 -0.24999999999999994 5.9729166666666673 44.500000000000007 0.66259481767468265 50.058823529411775 1 17.972972972972979 2 19.041666666666668 25.316666666666666 423.00000000000006 40.050000000000004 3 2.5000000000000004 187.50000000000003 173.50000000000003 137.03101054551749 5.5333333333333341 0.10452846326765317 1342.5000000000002 0.25000000000000017 49.050000000000004 4 8.4520833333333361 19.041666666666668 8.7479166666666703 5 29.765304031839566 45.181249999999999 19.146545580327011 0.25000000000000017 0.6830127018922193 0.25000000000000017 11.009244812149612
decision_type=8 10 8 10 10 1 10 10 2 10 2 2 2 10 2 8 10 10 2 10 10 10 10 2 10 10 10 2 2 10 2 2 10 1 10 1 8 8 2 10 1 2 2 2 10 10 2 2 2 8 1 10 8 10 1 10 8 10 2 2 2 10
left_child=3 2 7 44 6 36 14 8 20 17 11 16 18 -11 15 -3 -6 19 -12 29 -2 22 23 32 27 26 -26 -24 38 -5 35 54 40 -30 -13 -14 -4 48 -9 58 56 42 43 -33 45 -1 -23 51 -38 -17 -31 -10 -35 -42 -22 -32 -8 -7 -25 60 -56 -43
right_child=1 4 5 9 10 57 21 28 47 13 12 34 30 -15 -16 49 -18 -19 -20 -21 31 46 24 39 25 -27 -28 -29 33 50 55 41 -34 52 -36 -37 37 -39 -40 -41 53 61 -44 -45 -46 -47 -48 -49 -50 -51 -52 -53 -54 -55 59 -57 -58 -59 -60 -61 -62 -63
leaf_value=-0.021335019587735791 0.15282293140408829 0.49284469178262746 -0.015823453774400909 0.030231330854866043 0.16676134878346188 -0.084232822645054162 0.20379649432930555 0.011514574714434031 0.35791670006609727 0.071482115657487147 0.093009529169588212 0.086454145837638344 0.19284843578088012 -0.015652080961722742 0.5671778082847595 0.12379567602471285 -0.10722663107462913 -0.088832211324693072 0.33784567942490445 -0.065539627685576113 0.08029189076928267 0.14453506562662752 0.23799817855825128 0.29104528614810404 0.10463784212982931 -0.01534750195389444 0.41872261196040034 0.49323010337763812 -0.11380346987715789 -0.0059503541886214784 -0.17923968724630499 0.14328907070972119 0.35778818112462757 -0.16853918332802623 0.33189582238071841 -0.011641518009396699 0.06103981962104868 0.0065279493764533424 0.14398367047024468 0.45202749864040115 0.090070083386073002 -0.098241255957194989 0.077382163290631564 0.43090722018166594 0.011782218958510296 -0.082709412120939504 -0.03450180886096732 0.11058150110500199 0.18322226620471674 0.36377866294521549 -0.045610144502645965 0.1490409290983721 0.03686527962978469 -0.12676064789295194 0.021161062294225739 -0.00615088724931702 0.065554508218725382 -0.021724757480005703 0.11122741578353776 -0.01274223919684748 0.17609678622747804 0.069245249637146011
leaf_weight=753 509 53 854 1037 132 870 393 356 124 817 307 59 132 1679 52 136 76 1177 74 2127 872 171 97 131 86 66 89 87 245 2479 81 471 50 57 171 117 433 729 248 53 408 68 529 57 310 8092 129 147 242 52 3036 81 445 51 509 400 142 1219 108 832 158 1176
leaf_count=753 509 53 854 1037 132 870 393 356 124 817 307 59 132 1679 52 136 76 1177 74 2127 872 171 97 131 86 66 89 87 245 2479 81 471 50 57 171 117 433 729 248 53 408 68 529 57 310 8092 129 147 242 52 3036 81 445 51 509 400 142 1219 108 832 158 1176
internal_value=-0.000197941 0.0666153 0.0389294 -0.0472129 0.146282 -0.008684 0.184601 0.0689955 0.0824583 -0.0270167 0.088049 0.172873 0.0546082 0.012869 0.311832 0.256736 0.0666504 -0.0371177 0.140563 -0.0301044 0.0740267 0.166514 0.183373 0.158436 0.261763 0.187769 0.264372 0.358678 0.0138591 -0.018601 0.0097468 0.0654421 0.131776 -0.0282243 0.268935 0.0967628 0.0274649 0.0537955 0.0659059 0.253757 0.120407 0.0902816 0.125815 0.174339 -0.0744618 -0.0774844 0.0675492 0.206561 0.104844 0.190174 -0.027783 0.275385 0.0135425 0.0659778 0.0413358 -0.0352989 0.167104 -0.0477573 0.209789 0.0186743 0.0578625 0.06009
internal_weight=36641 15134 11231 21507 3903 4347 2354 6884 5533 12352 1549 438 1111 2496 293 241 208 9856 381 8679 5181 2061 1761 1336 425 241 175 184 1351 6552 730 4672 1044 747 230 249 2258 1404 604 292 994 2301 1057 528 9155 8845 300 352 675 188 5515 205 502 459 2371 481 535 2089 239 1499 667 1244
internal_count=36641 15134 11231 21507 3903 4347 2354 6884 5533 12352 1549 438 1111 2496 293 241 208 9856 381 8679 5181 2061 1761 1336 425 241 175 184 1351 6552 730 4672 1044 747 230 249 2258 1404 604 292 994 2301 1057 528 9155 8845 300 352 675 188 5515 205 502 459 2371 481 535 2089 239 1499 667 1244
cat_boundaries=0 1 2 3 4 5 6
cat_threshold=1 2 1 1 1 1
is_linear=0
shrinkage=0.03


Tree=50
num_leaves=63
num_cat=6
split_feature=1 8 1 24 24 24 23 7 6 23 4 23 6 23 24 16 23 26 16 23 16 6 18 7 5 7 7 7 16 26 23 7 23 6 7 23 16 26 17 14 6 7 24 5 17 24 23 24 7 26 23 6 5 6 10 6 16 26 23 5 5 14
split_gain=119131 21121.4 20334.1 10640 8620.48 6264.04 5980.59 5755.66 5656.81 5088.99 4326.62 4255.55 4213.57 5014.68 3690.67 3651.5 3535.07 3850.59 3105.53 3060.66 2884.37 2863.27 3493.22 2857.68 2850.26 2840.3 2728.84 2664.92 2638.28 2554.76 2553.24 2492.67 2439.47 2769.81 2422.81 2356.74 2354.38 2325.6 2310.94 2310.79 3102.93 2579.37 2600.5 4806.19 2237.74 2215.86 3142.98 2213.08 2174.71 1938.81 2284.86 1900.2 1888.85 1847.8 2276.92 1847.52 1814.77 1933.28 1805.75 1801.18 2437.84 1790.62
threshold=24.950000000000003 14.004166666666668 42.95000000000001 0.20000000000000187 1.0000000180025095e-35 0.10000000000000007 6.2312500000000002 40.050000000000004 65.100000000000009 5.4937500000000012 50.058823529411775 7.1458333333333348 34.033333333333339 9.7208333333333368 15.700000000000005 0 12.245833333333335 585.50000000000011 1 10.222916666666668 2 34.966666666666676 86.500000000000014 52.150000000000006 37.050000000000004 51.20000000000001 13.110000000000001 50.058823529411775 3 28.500000000000004 6.479166666666667 33.850000000000009 6.4229166666666684 19.983333333333338 50.058823529411775 12.406250000000002 4 103.50000000000001 27.250000000000004 -0.24999999999999994 73.15000000000002 26.525000000000002 3.9000000000000008 46.100000000000009 32.350000000000001 2.8999999999999981 5.6937500000000014 15.950000000000008 28.050000000000004 84.500000000000014 5.5708333333333355 17.910000000000004 45.94852941176471 36.900000000000006 0.12940952255126043 46.100000000000009 5 438.50000000000006 4.7458333333333353 25.316666666666666 35.016666666666673 0.93301270189221952
decision_type=10 8 10 10 8 10 10 10 10 10 10 8 10 10 10 1 10 2 1 10 1 10 2 8 10 10 8 10 1 2 10 10 10 10 8 10 1 2 2 2 8 10 10 10 2 10 10 10 10 2 10 10 10 10 2 10 1 2 10 8 10 2
left_child=1 15 3 8 12 6 10 11 9 21 24 14 35 34 26 -1 17 18 -11 44 30 22 -2 39 -4 55 -6 29 -12 -20 48 -21 33 47 -14 58 -13 -34 -18 56 41 -41 43 -43 51 46 -9 -17 -5 50 -22 -8 53 54 -53 -19 -7 -58 -3 -50 -61 -54
right_child=2 4 5 20 7 23 19 45 -10 16 28 36 13 -15 -16 32 38 25 27 31 49 -23 -24 -25 -26 -27 -28 -29 -30 -31 -32 -33 37 -35 -36 -37 -38 -39 -40 40 -42 42 -44 -45 -46 -47 -48 -49 59 -51 -52 52 61 -55 -56 -57 57 -59 -60 60 -62 -63
leaf_value=-0.016474428460224396 0.17298724593752521 0.19941957724721809 0.37643550690766925 0.037828658949061088 -0.034744030165480326 0.075243193969217831 0.33769059472962426 0.332803626702382 0.38562941903346459 0.10566659767477735 0.56623661433496775 -0.023750713885694427 0.1612489518521012 -0.029806700464676726 -0.057535315812575351 -0.023586626781493134 -0.17599102593174104 0.15754697843826021 0.23278743716978256 -0.030531740645170207 0.025595727657336132 0.042667895047408012 0.40737488131707822 -0.057964459778741005 0.15894545868112536 0.36477326892180895 0.029326067279937366 0.25823521814818651 0.31568407341684263 0.037432055030008592 0.020512783026093464 0.17213822167558768 -0.084338639734061541 0.13136528225115884 0.39048337924344972 -0.061649658084962131 -0.058934289952121584 -0.035999838372441792 0.028239604581661262 -0.026447322345544807 0.28267149144952947 0.35477866707891226 -0.057821442873941524 0.015148497512936591 0.36772427850690753 0.010455256841131643 0.078022793932198145 -0.10087255092545973 0.25502786235774266 0.020622607708200506 -0.085515603145782618 0.23848588599823414 0.067240271126655371 0.26253602297158529 0.03186473074834794 0.0060756431314451936 0.096334802811515741 0.26841730506874578 0.028308004235859337 0.026953353832165398 0.24831125919053804 0.20566195089642594
leaf_weight=1189 295 57 74 294 815 128 57 52 57 1345 62 3240 169 110 876 1077 76 434 62 125 258 108 71 96 203 52 2250 53 97 2132 1238 97 7459 82 55 267 3629 1018 145 226 55 75 54 75 55 354 269 483 102 847 470 96 266 220 96 87 87 181 2118 135 67 123
leaf_count=1189 295 57 74 294 815 128 57 52 57 1345 62 3240 169 110 876 1077 76 434 62 125 258 108 71 96 203 52 2250 53 97 2132 1238 97 7459 82 55 267 3629 1018 145 226 55 75 54 75 55 354 269 483 102 847 470 96 266 220 96 87 87 181 2118 135 67 123
internal_value=-0.000212247 -0.0355869 0.082952 0.0602624 -0.0113072 0.157112 0.194206 -0.0227744 0.0885055 0.0850207 0.288647 -0.0280813 0.0361354 0.136075 -0.00323108 -0.0662071 0.0749288 0.0811328 0.0696119 0.157928 0.0195496 0.178403 0.218456 0.0974649 0.217047 0.153355 0.0122895 0.0480305 0.413384 0.0429526 0.0451007 0.0580223 -0.0720508 -0.0385824 0.217534 0.0224663 -0.0423387 -0.0785336 -0.0419936 0.114402 0.070499 0.0433607 0.120697 0.184964 0.18222 0.0622149 0.119296 -0.0475155 0.0960034 -0.0102357 -0.0461382 0.170329 0.158419 0.203183 0.135175 0.132253 0.168171 0.212555 0.0327923 0.152264 0.100374 0.111009
internal_weight=36445 25569 10876 8328 14261 2548 1571 11485 4917 4860 436 10810 2776 334 3941 11308 4386 4165 3592 1135 3411 474 366 977 277 573 3065 2247 159 2194 1836 222 10119 1642 224 2442 6869 8477 221 881 485 430 204 150 913 675 321 1560 598 1575 728 858 801 412 192 521 396 268 2175 304 202 389
internal_count=36445 25569 10876 8328 14261 2548 1571 11485 4917 4860 436 10810 2776 334 3941 11308 4386 4165 3592 1135 3411 474 366 977 277 573 3065 2247 159 2194 1836 222 10119 1642 224 2442 6869 8477 221 881 485 430 204 150 913 675 321 1560 598 1575 728 858 801 412 192 521 396 268 2175 304 202 389
cat_boundaries=0 1 2 3 4 5 6
cat_threshold=1 1 1 1 1 4
is_linear=0
shrinkage=0.03


Tree=51
num_leaves=63
num_cat=5
split_feature=0 0 24 1 0 16 23 26 24 12 23 14 21 23 7 26 26 23 16 13 9 23 26 26 25 12 26 16 23 16 7 24 24 23 26 24 23 21 7 26 20 13 24 26 16 7 9 1 24 25 25 26 25 7 23 1 9 26 26 12 13 0
split_gain=112202 30792.8 15460.9 13216.3 7870.63 6410.79 5496.69 7535.54 4939.24 4931.08 5079.25 4923.46 4671.11 3816.15 4155.93 3621.66 3615.99 3566.01 3370.02 3034.75 3029.46 3009.14 2853.53 3554.63 2805.95 2687.89 2647.75 2625.05 2694.46 2603.32 2585.11 2594.15 2586.43 2580.52 2566.37 2555.78 2532.78 2485.04 3772.27 2522.17 2462.44 2525.33 3451.21 2257 2238.71 2189.11 3828.79 2170.36 2041.7 2012.58 2087.44 2010.61 2000.7 1983.02 1978.79 1975.68 1956.5 1945.81 1884.32 1944.57 2065.51 1867.56
threshold=22.633333333333336 37.050000000000004 0.90000000000000424 12.341666666666669 53.100000000000009 0 7.522916666666668 103.50000000000001 0.10000000000000196 2.5000000000000004 10.970833333333337 -0.5 0.82409480842201688 7.637500000000002 7.9250000000000016 1049.0000000000002 176.50000000000003 4.4062500000000018 1 -0.24999999999999994 33.688541666666673 7.4708333333333341 122.50000000000001 176.50000000000003 305.88914860994294 2.5000000000000004 1324.0000000000002 2 5.3333333333333348 3 15.016666666666667 0.10000000000000488 0.19999999999999998 7.387500000000002 308.50000000000006 15.700000000000005 5.5333333333333341 0.33379414889141273 42.95000000000001 498.50000000000006 1.0000000180025095e-35 -0.5 0.50000000000000633 81.500000000000014 4 23.683333333333337 26.268750000000001 28.950000000000003 0.80000000000000815 93.988153265846975 8.7498345899686729 647.00000000000011 11.844197773151071 40.050000000000004 5.7666666666666684 64.100000000000009 19.52928921568628 266.50000000000006 26.500000000000004 4.5000000000000009 -0.93301270189221919 61.050000000000004
decision_type=8 10 8 8 10 1 10 2 10 2 10 2 2 10 10 2 2 10 1 2 10 10 2 2 10 2 2 1 10 1 8 10 10 8 2 10 10 2 10 2 2 2 10 2 1 8 10 10 10 10 10 2 10 10 10 10 10 2 2 2 2 10
left_child=3 2 9 22 8 33 7 35 17 10 11 47 13 14 -6 19 53 -3 -19 29 -11 -17 36 -24 25 55 51 -21 -29 -13 -10 -32 -33 45 44 54 52 38 -20 57 41 42 -8 -31 -34 -4 -47 -2 -36 50 -43 -22 -1 -9 -5 -16 -7 -39 59 60 -56 -14
right_child=1 4 5 6 12 56 40 16 30 20 -12 15 61 -15 24 21 -18 18 37 27 26 -23 23 -25 -26 -27 -28 28 -30 43 31 32 34 -35 48 -37 -38 39 -40 -41 -42 49 -44 -45 -46 46 -48 -49 -50 -51 -52 -53 -54 -55 58 -57 -58 -59 -60 -61 -62 -63
leaf_value=-0.040560401049035834 -0.10493825554126693 0.36649845814066273 0.012473146028139374 0.029682487652750007 0.049866232030531935 -0.092669060442474166 0.092986509011356064 0.12079046681897276 -0.064377744321643213 0.029869952133762794 0.00271414912402116 0.084930179231441943 0.13849444673017219 0.16981312441023166 0.26507659571655723 0.43551387894484733 0.035240878003959301 0.17872578937789962 0.1137856063051127 0.14914059976387284 0.086860710729545251 0.18033781964517101 0.065570754258114775 -0.066053342123229331 0.4510629943976035 0.1846833329942337 -0.082151896411579259 0.1835278001576662 0.038069514609213449 0.18606186801749203 -0.08194079202082423 0.2538687728345394 0.092359898326491052 -0.0063216800481042407 0.052711596810504004 -0.060853606877941252 -0.079439341172727787 0.054793704299686045 0.38469512423142216 0.16637404484408241 -0.069564897263168973 -0.030927960789207828 -0.018380192461869279 0.38259391603292897 -0.027385291590912568 0.18130333972021775 0.021186233903672403 0.094730939333223629 0.21514365744324368 -0.015428185086256856 -0.083793582528509034 0.21095793542849434 0.10596038777614011 0.32429529302260451 -0.090426566464337124 0.51620471623208786 -0.027518302196341479 -0.10121774564818903 -0.056085851411040014 -0.052587089417479568 0.044385843782547452 -0.094672513470053662
leaf_weight=664 124 63 429 1006 51 631 305 278 123 2969 435 195 81 349 59 54 852 876 419 446 659 181 305 468 130 129 71 135 759 295 81 84 341 965 114 964 7756 208 52 112 1777 1335 1400 64 239 276 262 81 179 1646 1354 143 96 51 118 54 1211 110 848 410 768 50
leaf_count=664 124 63 429 1006 51 631 305 278 123 2969 435 195 81 349 59 54 852 876 419 446 659 181 305 468 130 129 71 135 759 295 81 84 341 965 114 964 7756 208 52 112 1777 1335 1400 64 239 276 262 81 179 1646 1354 143 96 51 118 54 1211 110 848 410 768 50
internal_value=-3.08394e-05 0.0656564 0.0386543 -0.041931 0.137484 -0.00979273 -0.0225359 0.00106482 0.114118 0.0663112 0.0968305 0.114372 0.215138 0.243245 0.30383 0.127892 0.0678612 0.144691 0.136827 0.114109 0.0443153 0.238974 -0.0693084 -0.0141189 0.338648 0.278259 0.0934426 0.0896923 0.0600347 0.173169 0.0656665 0.0810763 0.094874 0.0283856 0.0795756 -0.0181103 -0.0743179 0.0960903 0.143695 0.0439466 -0.0385222 -0.0293893 0.00154171 0.221098 0.0430166 0.0630212 0.103328 -0.0260446 0.151945 -0.0415548 -0.0575475 0.108988 -0.0220525 0.152337 -0.0050295 0.385085 -0.0498365 0.000827479 -0.0213169 0.00143309 0.0264311 0.0494994
internal_weight=36690 14289 10385 22401 3904 3774 13112 5295 3001 6611 2769 2334 903 772 423 2129 1181 1840 1777 1894 3842 235 9289 773 372 242 873 1340 894 554 1161 1038 957 1932 873 4114 8516 901 471 430 7817 6040 1705 359 580 967 538 205 293 4335 2689 802 760 329 3150 113 1842 318 2144 1296 886 131
internal_count=36690 14289 10385 22401 3904 3774 13112 5295 3001 6611 2769 2334 903 772 423 2129 1181 1840 1777 1894 3842 235 9289 773 372 242 873 1340 894 554 1161 1038 957 1932 873 4114 8516 901 471 430 7817 6040 1705 359 580 967 538 205 293 4335 2689 802 760 329 3150 113 1842 318 2144 1296 886 131
cat_boundaries=0 1 2 3 4 5
cat_threshold=1 1 1 2 1
is_linear=0
shrinkage=0.03


Tree=52
num_leaves=63
num_cat=6
split_feature=0 0 25 16 24 24 16 23 4 22 6 7 24 23 7 6 23 16 23 16 24 26 24 23 26 26 22 26 23 24 25 25 23 8 6 21 13 2 26 1 26 25 7 5 6 7 13 16 5 13 7 16 22 7 23 25 0 24 21 24 6 23
split_gain=109625 23757.4 16776.4 10575.4 7654.59 7538.09 6764.16 6263.24 5531.51 4437.6 4182.17 3941.5 3733.76 3595.92 3513.27 3421.34 3227.2 3227.01 3159.96 2879.16 2859.95 2787.92 2652.34 2582.15 2554.36 3985.15 3691 3769.67 3183.15 5764.53 2938.65 4452.92 2539.24 2531.04 2487.84 2433.79 2571.51 2390.63 2384.2 2360.16 3133.5 3155.83 3001.19 3131.85 2359.22 2323.49 2251.01 2204.2 2158.72 2135.72 2091.14 2010.86 1988.33 1979.8 3213.46 1936.13 1876.76 1768.57 1759.26 1747.93 1740.86 1714.96
threshold=23.960000000000004 37.050000000000004 93.988153265846975 0 0.29999999999999649 0.10000000000000196 1 6.0020833333333359 50.058823529411775 0.15643446504023076 36.050000000000004 40.050000000000004 15.950000000000008 10.62291666666667 33.050000000000004 37.95000000000001 7.9979166666666694 2 5.6937500000000014 3 1.0000000180025095e-35 74.500000000000014 4.5500000000000087 11.389583333333336 308.50000000000006 976.50000000000011 0.53727914962411594 663.50000000000011 6.4229166666666684 4.7500000000000098 1.8823941670946736 10.600561190908637 5.6145833333333357 16.508333333333336 27.952777777777786 0.28400453026986799 -0.6830127018922193 13.425000000000002 18.500000000000004 67.500000000000014 563.50000000000011 1070.2551817265273 51.20000000000001 22.971428571428575 22.450000000000003 44.100000000000009 0.93301270189221952 4 25.530952380952385 0.68301270189221941 40.050000000000004 5 0.087155742747657958 28.050000000000004 5.9729166666666673 573.8723554527138 1.0000000180025095e-35 16.750000000000011 -0.043617726472722197 1.9000000000000026 50.058823529411775 5.2458333333333353
decision_type=10 10 10 1 10 10 1 10 10 2 8 8 8 10 8 10 10 1 10 1 10 2 10 10 2 2 2 2 10 10 10 10 10 10 10 2 2 10 2 10 2 10 10 10 10 10 2 1 8 2 10 1 2 10 10 10 10 8 2 10 10 10
left_child=2 4 3 23 16 7 55 8 10 33 -3 20 18 39 58 52 19 -10 48 61 37 51 32 34 28 26 27 60 29 30 -7 -32 -23 -5 50 46 -37 -8 -21 40 42 -42 43 -9 47 49 -18 -24 -11 -40 57 53 -13 -6 -55 -4 -36 -1 -15 -35 -26 -2
right_child=1 5 6 9 21 24 11 13 17 12 -12 15 -14 14 -16 -17 35 -19 -20 38 -22 22 44 -25 25 -27 -28 -29 -30 -31 31 -33 -34 59 56 36 -38 -39 45 -41 41 -43 -44 -45 -46 -47 -48 -49 -50 -51 -52 -53 -54 54 -56 -57 -58 -59 -60 -61 -62 -63
leaf_value=-0.0080509187435686431 0.30950954169175537 0.29195166395041522 -0.032901332664962958 -0.076796046985176447 -0.017781858447116449 -0.00966331328228116 0.19894258685604385 -0.070284546596499589 0.59892330267599647 0.026663358467834269 0.097809736160410415 0.030169571051234505 -0.096240710734740526 0.096306010273715048 0.20292522137229507 0.24300677966078124 0.080768946957238241 0.30043147121484459 -0.033214836576822018 0.23785572603344915 -0.0084592464021274582 0.20427649697495831 -0.074143661856651305 -0.087730966863023868 0.010655251674700616 -0.032916343678736082 0.40489644484519954 0.25221312887338271 -0.0074733086304547003 -0.04750273612679707 0.48014671623706817 0.16100059280486712 0.050934192883263195 0.004176070498948645 0.22114627974598031 0.17587553887682802 -0.017731888373861235 0.045536387423596301 0.044833532438617762 0.30280098092399144 0.26695910582118682 0.059440105113067798 0.32748997764241311 0.12683845566105614 -0.056966109317168223 0.25418284954503179 -0.03516246248657505 0.13986766465258463 0.22752170599856467 0.1636697536613792 0.12677821248889931 -0.057594642481908272 0.13256949053886768 0.19930862994472445 0.0021183068458443489 0.059999597218597413 0.036448069109781503 -0.053619270798435197 -0.11608338999251523 -0.060034471070780471 0.14563056214994122 0.13214820349650985
leaf_weight=3987 53 217 1826 9337 746 50 115 78 56 527 185 367 669 52 74 135 1272 78 2337 75 949 108 64 394 172 118 50 166 446 135 54 145 971 604 57 68 671 446 1302 95 307 84 62 1036 381 56 171 134 53 152 93 651 319 114 214 227 377 949 108 1036 172 661
leaf_count=3987 53 217 1826 9337 746 50 115 78 56 527 185 367 669 52 74 135 1272 78 2337 75 949 108 64 394 172 118 50 166 446 135 54 145 971 604 57 68 671 446 1302 95 307 84 62 1036 381 56 171 134 53 152 93 651 319 114 214 227 377 949 108 1036 172 661
internal_value=-0.000356822 0.0748981 -0.0361699 -0.0476018 0.0447727 0.135027 0.0170779 0.167702 0.258249 -0.0612934 0.202608 0.0520496 -0.0323195 0.142104 0.0319973 0.104955 0.0704899 0.425174 -0.0176595 0.0952929 0.0232846 0.0107086 0.0384873 -0.0135587 0.0823296 0.12553 0.158917 0.134801 0.0470408 0.110357 0.195943 0.247603 0.0662826 -0.0707587 -0.00820924 0.0443569 8.31388e-05 0.0769833 0.0727599 0.157607 0.148804 0.222377 0.124343 0.113036 -0.0133109 0.0645598 0.0670307 0.0706923 0.0450177 0.0572566 -0.0141566 -0.0159912 0.077787 0.00922648 0.070654 -0.0226293 0.0607057 -0.0168119 -0.0470568 -0.0363862 0.0781429 0.145314
internal_weight=36608 11804 24804 20420 7864 3940 4384 2432 536 14563 402 2331 3586 1896 234 821 4481 134 2917 2299 1510 3383 1658 5857 1508 678 560 510 830 384 249 199 1079 10977 5463 2182 739 561 1585 1662 1567 391 1176 1114 579 1510 1443 198 580 1454 5029 1725 686 1074 328 2053 434 4936 160 1640 344 714
internal_count=36608 11804 24804 20420 7864 3940 4384 2432 536 14563 402 2331 3586 1896 234 821 4481 134 2917 2299 1510 3383 1658 5857 1508 678 560 510 830 384 249 199 1079 10977 5463 2182 739 561 1585 1662 1567 391 1176 1114 579 1510 1443 198 580 1454 5029 1725 686 1074 328 2053 434 4936 160 1640 344 714
cat_boundaries=0 1 2 3 4 5 6
cat_threshold=1 2 1 1 2 1
is_linear=0
shrinkage=0.03


Tree=53
num_leaves=63
num_cat=4
split_feature=0 0 0 24 24 16 23 16 23 16 7 22 12 23 7 24 0 23 17 24 9 17 12 12 26 25 26 9 26 26 6 12 13 26 26 14 12 26 23 26 26 23 22 12 12 16 14 5 26 7 21 9 26 26 22 14 14 14 13 9 23 23
split_gain=101700 26227 13875.6 8297.04 7291.86 6403.27 6170.29 4715.21 4408.03 4476.3 4382.27 4171.99 5967.63 4152.15 4167.81 4466.97 4123.4 3887.48 3781.55 3427.43 3406.07 3373.19 3314.72 3886.26 3152.39 3138.05 2831.63 2833.83 2786.54 2674.01 2662.76 2655.87 2501.71 3178.89 2443.14 2437.26 3477.13 2410.04 2903.54 3100.44 2379.5 2273.59 2240.78 2230.2 2694.9 2228.26 2169.41 2141.14 2131.55 2090.32 2048.89 2038.92 2053.35 2013.36 1976.53 2468.73 1944.43 3861.29 1938.16 1874.71 2432.54 1842.66
threshold=28.950000000000003 18.027027027027028 47.100000000000009 1.9000000000000026 0.60000000000000486 0 10.664583333333335 1 4.2354166666666684 2 32.050000000000004 0.39873388578253677 2.5000000000000004 7.6104166666666684 74.500000000000014 1.2000000000000026 64.100000000000009 7.6854166666666686 26.650000000000002 14.250000000000004 40.838541666666679 27.350000000000005 2.5000000000000004 1.0000000180025095e-35 126.50000000000001 533.52045197331279 176.50000000000003 59.775000000000013 397.50000000000006 136.50000000000003 55.250000000000007 1.5000000000000002 -0.6830127018922193 70.500000000000014 154.50000000000003 0.25000000000000017 4.5000000000000009 657.50000000000011 10.62291666666667 995.00000000000011 936.50000000000011 6.0562500000000012 0.80382625221112025 4.5000000000000009 5.5000000000000009 3 0.6830127018922193 26.950000000000003 72.500000000000014 25.81666666666667 0.60873824923885345 20.543750000000003 1113.5000000000002 427.50000000000006 0.42261826174069955 0.93301270189221952 0.93301270189221952 1.0000000180025095e-35 -0.24999999999999994 31.502083333333335 5.6937500000000014 11.610416666666671
decision_type=10 8 10 8 10 1 10 1 10 1 10 2 2 10 8 10 10 10 2 10 10 2 2 2 2 10 2 10 2 2 10 2 2 2 2 2 2 2 10 2 2 10 2 2 2 1 2 8 2 10 2 8 2 2 2 2 2 2 2 10 10 10
left_child=1 5 4 11 6 46 8 40 -2 22 17 20 28 14 15 16 43 19 -18 35 41 61 23 -10 -15 47 -26 37 32 -6 51 -29 -13 58 -12 -7 48 56 -39 -40 -5 -3 -31 50 -45 -35 -1 -25 -37 -23 -4 -11 54 -14 55 -53 57 -28 -34 -24 -61 -8
right_child=2 3 13 7 29 10 21 -9 9 30 34 12 53 24 -16 -17 18 -19 -20 -21 -22 49 59 25 26 -27 27 31 -30 42 -32 -33 33 45 -36 36 -38 38 39 -41 -42 -43 -44 44 -46 -47 -48 -49 -50 -51 -52 52 -54 -55 -56 -57 -58 -59 -60 60 -62 -63
leaf_value=-0.02111262630286628 0.35002777817811981 0.073744860912424659 0.22799468494753244 0.0037116148327147446 -0.0074435543560055113 -0.04299337568768731 0.0084097961589046141 -0.051127233984214017 0.075338472299856338 0.24810679266495364 -0.044494134405189581 0.1752777507831737 0.0040120519089845994 -0.030574036713908702 0.0036667279650767644 0.068297882471732518 0.50618484541807973 -0.073723513620949588 0.22483294860348366 -0.080573226397510758 0.21130335117578505 0.0098828241694718603 0.034018412720619805 0.39319595704078675 0.35457068948312237 0.45475390616585226 0.15387391738388514 0.14724376516209706 0.20924988637907782 0.054763154371073874 0.26454542163243655 -0.14276038260012863 0.031684979254930794 0.029757742857852112 0.085609669936885985 0.071230958842232336 -0.067727918893244518 0.29750299978300054 0.27229405742759505 -0.035282289862632751 0.1963590543350931 -0.0025131607053588689 0.26536096921563146 0.47548568853589351 0.19111029049855169 0.13692205010297931 0.066743839477147793 0.18585366290598229 -0.038204253414106146 0.13689051549685627 0.054659072071222996 0.039906382774756777 0.18388926191163843 0.10641061112648889 0.08109778133010466 -0.12195410978429172 0.23772083802521227 -0.12806079075250723 -0.20319949650450755 0.31020623501939854 0.11280029831085754 -0.15798702468752859
leaf_weight=3612 67 401 244 2626 1071 2050 115 2223 198 56 238 236 1196 102 72 112 109 8683 71 1307 75 302 251 50 55 51 109 54 207 502 65 60 71 313 286 637 358 170 54 65 59 2872 50 61 59 395 272 433 214 190 82 630 122 202 1168 98 60 73 57 61 711 125
leaf_count=3612 67 401 244 2626 1071 2050 115 2223 198 56 238 236 1196 102 72 112 109 8683 71 1307 75 302 251 50 55 51 109 54 207 502 65 60 71 313 286 637 358 170 54 65 59 2872 50 61 59 395 272 433 214 190 82 630 122 202 1168 98 60 73 57 61 711 125
internal_value=-6.83287e-06 -0.0263703 0.0950654 0.0101452 0.0750148 -0.0489803 0.0939711 -0.0188109 0.108759 0.104608 -0.058574 0.0337329 0.0616508 0.173626 0.221535 0.242791 0.27401 -0.0619394 0.395207 -0.03953 0.0114103 0.0139516 0.140117 0.188858 0.125239 0.230949 0.147943 0.130323 0.10848 0.0202015 0.0754725 -0.00539 0.0890216 0.0646718 0.0265167 -0.0230698 0.0107128 0.15946 0.217945 0.10429 0.00794484 0.00682979 0.073839 0.225096 0.335668 0.0895457 -0.01496 0.207318 0.0437114 0.0589305 0.184395 0.0695469 0.0645918 0.0188078 0.0569155 0.0181175 0.089616 0.0407902 -0.072912 0.105242 0.128398 -0.0782552
internal_weight=36518 28590 7928 10933 6316 17657 4693 4908 3961 3894 13773 6025 2677 1612 810 738 626 13249 180 4566 3348 732 1755 732 802 534 700 645 1279 1623 2139 114 1072 836 524 3259 1209 531 289 119 2685 3273 552 446 120 708 3884 483 851 492 326 2074 2018 1398 1896 728 242 182 128 1023 772 240
internal_count=36518 28590 7928 10933 6316 17657 4693 4908 3961 3894 13773 6025 2677 1612 810 738 626 13249 180 4566 3348 732 1755 732 802 534 700 645 1279 1623 2139 114 1072 836 524 3259 1209 531 289 119 2685 3273 552 446 120 708 3884 483 851 492 326 2074 2018 1398 1896 728 242 182 128 1023 772 240
cat_boundaries=0 1 2 3 4
cat_threshold=1 1 1 2
is_linear=0
shrinkage=0.03


Tree=54
num_leaves=63
num_cat=0
split_feature=1 0 0 24 24 2 7 23 25 13 7 23 1 23 7 1 23 18 23 6 17 12 13 24 5 24 23 5 7 25 6 25 22 12 13 18 7 13 5 10 20 23 13 21 9 9 7 12 12 23 17 11 12 22 24 7 7 25 24 12 12 22
split_gain=96743.8 20443 17338 7206.4 7106.08 5204.03 4650.03 4302.19 3569.1 3650.35 4743.37 5474.99 3304.57 3268.32 3870.42 3833.96 3221.45 3147.15 3075.08 3040.78 2824.83 2797.22 3366.4 2719.7 2695.1 2650.28 2813.94 2563.16 2548.2 2449.23 2348.55 2317.46 2281.15 2256.08 2795.65 2239.35 2188.45 2776.11 2160.82 2544.01 2135.14 2119.57 3060.86 2122.37 2099.01 2074.94 2385.93 2537.33 2360.3 1982.65 1947.46 1892.29 1805.04 1791.28 1744.79 1700.64 1687.42 1670.81 1645.11 1568.17 3408.08 1902.71
threshold=24.050000000000004 37.95000000000001 14.225000000000001 1.0000000180025095e-35 0.90000000000000424 48.050000000000004 40.050000000000004 5.7666666666666684 573.8723554527138 1.0000000180025095e-35 35.016666666666673 6.9958333333333353 16.925000000000001 10.222916666666668 76.500000000000014 58.050000000000004 6.4458333333333355 86.500000000000014 6.4458333333333355 19.041666666666668 23.650000000000002 2.5000000000000004 0.93301270189221952 15.700000000000005 62.95000000000001 0.10000000000000196 5.2458333333333353 45.029411764705891 20.025000000000002 129.95491587391496 19.983333333333338 133.50009374996574 -0.84335933205092484 1.5000000000000002 0.68301270189221941 64.500000000000014 45.029411764705891 0.68301270189221941 45.029411764705891 0.37940952255126054 1.0000000180025095e-35 9.2895833333333346 0.68301270189221941 0.35019404643548463 55.756250000000009 29.504166666666674 34.033333333333339 1.5000000000000002 3.5000000000000004 5.3333333333333348 30.950000000000003 0.60355339059327384 1.0000000180025095e-35 0.47714059151611404 3.9000000000000008 19.911904761904765 14.050000000000002 31.793731644190437 5.2000000000000091 1.5000000000000002 1.0000000180025095e-35 0.10452846326765317
decision_type=10 8 8 8 10 10 10 10 10 2 10 10 10 10 8 10 8 2 10 10 2 2 2 10 10 10 10 8 8 10 10 10 2 2 2 2 10 2 10 2 2 10 2 2 10 10 10 2 2 10 2 2 2 2 10 10 8 10 10 2 2 2
left_child=2 4 18 8 7 25 16 17 9 10 -4 -12 -10 14 15 38 23 -2 19 -1 -17 22 36 30 29 26 -3 41 -24 -22 -5 52 -18 -8 -35 50 37 53 39 -7 -34 42 -28 -43 -15 46 -6 -48 -49 -11 -29 -19 -20 -9 -47 -44 -27 -23 -54 60 -58 -62
right_child=1 5 3 6 45 13 33 21 12 49 11 -13 -14 44 -16 20 32 51 31 -21 24 57 28 -25 -26 56 27 35 -30 -31 -32 -33 40 34 -36 -37 -38 -39 -40 -41 -42 43 55 -45 -46 54 47 48 -50 -51 -52 -53 58 -55 -56 -57 59 -59 -60 -61 61 -63
leaf_value=-0.037494852398311546 0.10224219762436722 0.26601757383584973 0.041007979761310848 -0.0027899492344387513 -0.00047978908903704786 0.33157144380112491 -0.023855686012290454 0.015775398168307933 0.25754930194404163 0.16596536048148808 0.48089502446651455 0.090882811699690216 0.050152643783363746 0.12970816026519361 0.0031049605713171116 0.44827864456534772 -0.053910361637488129 0.16786286880020743 -0.101196784456866 0.078977383015413585 0.16764231824316084 -0.031266260719395533 -0.18537927111295555 -0.049832776499930398 0.12402465609098792 -0.070624434083700172 0.13752026229790459 -0.13097806468605994 0.04380695810051341 0.37375328557289411 0.065518414874742748 -0.0010259335971984666 -0.0090947972658165562 -0.0088037289949516716 0.15234796160725333 0.12228081269519438 0.23162702516845937 0.1985892261971679 0.12432149342705855 0.13856491843797267 -0.055809780009368384 0.12475492883724777 0.15851787986377108 -0.056744138426039106 -0.081488348729908455 0.024477566109516288 -0.024742726927623152 0.2336979662378629 0.0453016368277665 -0.014657997588910156 0.078609727970133089 0.3890970452178697 -0.047863357334575037 0.096911217225494825 -0.075181491770277345 0.3768185405220304 -0.003907810232043266 0.043764704637202556 -0.075205712877707748 0.056590667270565394 0.14796628609987406 0.39275699278887577
leaf_weight=1879 483 125 857 1213 1164 126 199 345 118 57 50 92 167 144 85 77 3030 81 1292 226 78 302 65 612 109 75 684 88 133 155 723 485 3578 146 288 161 106 184 398 120 1168 178 52 86 60 238 120 126 114 1352 73 61 3581 844 471 84 75 2312 4431 692 65 51
leaf_count=1879 483 125 857 1213 1164 126 199 345 118 57 50 92 167 144 85 77 3030 81 1292 226 78 302 65 612 109 75 684 88 133 155 723 485 3578 146 288 161 106 184 398 120 1168 178 52 86 60 238 120 126 114 1352 73 61 3581 844 471 84 75 2312 4431 692 65 51
internal_value=0.000613962 0.0750408 -0.0314073 -0.00833592 0.0450496 0.130862 -0.0191425 0.0652078 0.0356326 0.0237509 0.0676174 0.228211 0.136022 0.178241 0.197904 0.21348 -0.0239817 0.138744 -0.0578849 -0.02499 0.284115 0.054497 0.0847377 0.00529354 0.247154 0.105125 0.129613 0.117486 -0.0314309 0.304755 0.0227198 -0.0649585 -0.0335745 0.0597845 0.0981356 0.0431666 0.10029 0.09015 0.167524 0.237422 -0.0205914 0.139563 0.163365 0.0656302 0.0675915 0.000670805 0.0203955 0.0878922 0.14421 -0.00735102 -0.0359476 0.2629 -0.0682912 0.0733689 -0.0417275 0.293351 0.0659909 0.0350962 -0.0629849 0.0775946 0.153693 0.25559
internal_weight=36534 10990 25544 13650 7149 3841 10957 4916 2693 2408 999 142 285 1352 1148 1063 10324 625 11894 2105 419 4291 1677 2548 342 2489 1531 1406 198 233 1936 9789 7776 633 434 322 1479 1373 644 246 4746 1084 820 264 204 2233 1524 360 240 1409 161 142 9304 1189 709 136 958 2614 8012 883 191 116
internal_count=36534 10990 25544 13650 7149 3841 10957 4916 2693 2408 999 142 285 1352 1148 1063 10324 625 11894 2105 419 4291 1677 2548 342 2489 1531 1406 198 233 1936 9789 7776 633 434 322 1479 1373 644 246 4746 1084 820 264 204 2233 1524 360 240 1409 161 142 9304 1189 709 136 958 2614 8012 883 191 116
is_linear=0
shrinkage=0.03


Tree=55
num_leaves=63
num_cat=3
split_feature=0 1 24 0 0 23 12 16 21 23 26 6 7 24 25 23 14 16 23 14 9 7 7 23 24 26 6 16 23 13 24 25 17 7 12 22 24 26 7 26 26 6 13 25 17 13 23 25 7 23 26 5 26 24 13 17 23 6 17 23 18 23
split_gain=91463.9 27466.7 12232.1 8538.29 6246.89 5443.24 5693.28 5068.82 4111.18 4139.48 4302.63 3977.65 3976.22 3857.32 3542.64 5050.98 3526.08 3428.86 2951.61 4199.95 3451.18 2871.92 2696.19 3096.41 2645.54 2623.38 2614.72 2608.53 2599.35 2516.44 3023.4 2579.49 2494.84 2306.22 2281.66 2161.57 2265.37 2668.55 2548.19 2112.84 2838.28 2166.69 2028.75 3749.9 2197.15 3410.56 2025.78 1985.43 2143.76 1973.26 1954.91 1952.68 1883.37 1841.21 1938.61 1896.67 1773.2 1703.91 1691.93 1662.33 1662.26 3233.8
threshold=21.987500000000004 39.975000000000009 0.90000000000000424 13.633333333333335 53.100000000000009 11.331250000000002 1.5000000000000002 0 0.86159635224327558 7.8437500000000009 269.50000000000006 45.94852941176471 50.058823529411775 0.10000000000000007 73.197324022214261 6.6354166666666679 -0.24999999999999994 1 9.3187500000000032 1.0000000180025095e-35 43.892708333333339 32.925000000000004 19.041666666666668 6.0291666666666677 0.4000000000000003 154.50000000000003 16.925000000000001 2 7.5791666666666684 -0.5 2.4000000000000039 4.8168275860622263 26.350000000000005 22.850000000000005 1.5000000000000002 0.45399049973954675 0.60000000000000042 26.500000000000004 26.525000000000002 976.50000000000011 663.50000000000011 72.15000000000002 0.68301270189221941 305.88914860994294 27.250000000000004 1.0000000180025095e-35 6.3687500000000012 14.133071593877988 19.041666666666668 4.481250000000002 139.50000000000003 15.016666666666667 86.500000000000014 5.3000000000000096 -0.5 24.250000000000004 8.1270833333333368 10.633333333333335 26.650000000000002 11.172916666666671 88.500000000000014 6.0895833333333345
decision_type=8 10 8 10 8 10 2 1 2 10 2 10 10 10 10 10 2 1 10 2 8 10 8 8 10 2 10 1 10 2 10 10 2 10 2 2 10 2 8 2 2 8 2 10 2 2 10 10 8 10 2 8 2 10 2 2 10 10 2 10 2 10
left_child=3 2 5 27 13 6 12 22 9 10 24 -11 35 18 29 21 26 46 19 -3 49 -16 -4 34 25 -6 -7 -1 -22 30 -5 -31 -20 -12 -24 -2 37 -37 -39 40 41 -15 44 -44 45 60 52 -48 -49 -21 -9 -17 -8 54 55 -29 -47 -32 -10 -33 -19 -62
right_child=1 4 7 14 8 16 17 50 58 11 33 -13 -14 39 15 51 -18 42 32 20 28 -23 23 -25 -26 -27 -28 53 -30 31 57 59 -34 -35 -36 36 -38 38 -40 -41 -42 -43 43 -45 -46 56 47 48 -50 -51 -52 -53 -54 -55 -56 -57 -58 -59 -60 -61 61 -63
leaf_value=-0.015309953691503292 0.063252144966475091 0.35965954258044558 -0.015999607539681587 0.030063461230934729 0.40429506038710222 -0.10808947102278471 0.057568035049137663 -0.058517257817070956 -0.095967476688898531 0.28825592314247533 0.27451501738147011 0.070582626820909544 0.35491145960241555 0.03721065076134001 0.041560689125048074 0.042064165964045309 -0.053232657759648118 0.064834763216411739 -0.063531773874163616 0.36667520910948515 0.12016537127093058 0.18938343060901389 -0.024336053834688898 0.024614829434029931 0.001453864752418465 0.15749199966677521 0.08400598092968771 0.14350678064173361 -0.066138455911686544 -0.020929748086918144 -0.088668692077074798 -0.058769511250339003 0.11386888959186982 0.45638817074775695 0.15879976687686784 0.27152842160086244 0.32373128987708177 0.051589179503540673 0.15139950694423529 -0.10186759226190954 0.20720734480890582 0.2327021773403341 0.023729871835352644 0.17841644758076097 -0.014015257439660329 0.014113750325104988 -0.035158543285537275 0.19024847727893981 0.068052563822989992 0.17046494371259613 0.0034078531412105964 -0.026073682470880898 0.21507964727956622 -0.075696589943325412 -0.062992626561405016 -0.027577861454542239 -0.11961317117302871 -0.020860890159099817 0.13607465157105075 -0.13171300697123564 0.36268203411032168 0.024844828659449428
leaf_weight=1117 650 90 860 1029 59 75 107 1402 52 113 126 228 60 706 345 484 584 765 100 50 232 180 76 1075 54 113 426 61 95 1744 383 1837 249 125 315 98 53 415 517 67 122 55 378 225 995 340 141 149 973 596 682 1737 189 5259 2976 1327 121 2582 62 332 51 51
leaf_count=1117 650 90 860 1029 59 75 107 1402 52 113 126 228 60 706 345 484 584 765 100 50 232 180 76 1075 54 113 426 61 95 1744 383 1837 249 125 315 98 53 415 517 67 122 55 378 225 995 340 141 149 973 596 682 1737 189 5259 2976 1327 121 2582 62 332 51 51
internal_value=4.65567e-05 0.0566653 0.0352399 -0.0398298 0.133241 0.0589056 0.0696289 -0.00427287 0.199011 0.222533 0.279593 0.142715 0.114813 0.10729 -0.0207999 0.00855664 -0.00314105 0.0515654 0.138736 0.163589 0.145453 0.0922428 0.026171 0.0509095 0.184639 0.242151 0.0552492 -0.0587055 0.0660404 -0.030995 -0.0142433 -0.0480935 0.0630378 0.365089 0.123203 0.1065 0.132457 0.122614 0.106956 0.0605511 0.072875 0.0513395 0.0324184 0.0814487 0.0196912 0.0449457 0.0875014 0.070946 0.08428 0.185651 -0.0382519 -0.0112251 0.158141 -0.0637427 -0.0493373 -0.020059 -0.0209859 -0.0296199 0.0302309 -0.0699347 0.0800028 0.193763
internal_weight=36460 15067 11773 21393 3294 7363 6278 4410 932 818 477 341 1793 2362 10653 2746 1085 4485 1412 1063 973 525 2326 1466 226 172 501 10740 327 7907 3994 3913 349 251 391 1733 1083 1030 932 950 883 761 2926 603 2323 1328 1559 1263 1122 646 2084 2221 296 9623 4364 1388 461 2965 114 2169 867 102
internal_count=36460 15067 11773 21393 3294 7363 6278 4410 932 818 477 341 1793 2362 10653 2746 1085 4485 1412 1063 973 525 2326 1466 226 172 501 10740 327 7907 3994 3913 349 251 391 1733 1083 1030 932 950 883 761 2926 603 2323 1328 1559 1263 1122 646 2084 2221 296 9623 4364 1388 461 2965 114 2169 867 102
cat_boundaries=0 1 2 3
cat_threshold=1 1 1
is_linear=0
shrinkage=0.03


Tree=56
num_leaves=63
num_cat=6
split_feature=0 0 24 8 16 23 26 24 24 6 16 22 16 26 12 22 14 21 6 26 6 14 12 12 26 14 26 16 9 24 23 26 9 7 2 14 16 23 7 12 23 6 7 24 14 10 5 23 23 7 26 26 23 26 16 8 21 7 7 12 0 26
split_gain=79862.1 25803.5 9024.99 8527.42 5241.41 4437.73 4955.64 5203.66 4451.93 4312.95 4089.77 4038.76 3906.34 3730.96 3671.39 5971.38 3600.03 3596.55 3767.89 3091.31 3494.77 3338.95 6134.78 3044.89 2896.18 2948.02 2765.37 3013.45 3893.34 2677.7 3179.54 2677.47 2652.75 2578.76 3174.91 2490.95 2465.13 2431.97 2363.43 2212.44 2209.25 2188.56 2025.61 1995.45 1953.29 1926.13 4740.53 1938.08 1849.49 1818.98 1762.18 1738.74 1695.37 2584.33 1606.83 1697.39 1592.73 2071.95 1545.76 1905.91 1528.24 1582.92
threshold=31.950000000000003 18.027027027027028 2.7000000000000011 48.175000000000004 0 6.5062500000000014 376.50000000000006 0.10000000000000196 0.70000000000000473 50.058823529411775 1 0.59480013772226059 2 936.50000000000011 2.5000000000000004 0.30901699437494734 -0.68301270189221952 0.069756473744125413 48.050000000000004 1351.0000000000002 23.960000000000004 1.0000000180025095e-35 1.5000000000000002 4.5000000000000009 294.50000000000006 0.6830127018922193 326.50000000000006 3 29.504166666666674 0.4000000000000003 10.664583333333335 595.50000000000011 44.591666666666676 7.9250000000000016 67.500000000000014 0.6830127018922193 4 6.0291666666666677 39.050000000000004 4.5000000000000009 7.7875000000000014 33.850000000000009 13.950000000000001 10.200000000000005 -0.24999999999999994 0.37940952255126054 47.100000000000009 7.8187500000000023 6.1187500000000012 26.016666666666669 379.50000000000006 1.0000000180025095e-35 5.3333333333333348 76.500000000000014 5 35.354166666666679 -0.33379414889141262 57.150000000000006 5.9500000000000011 3.5000000000000004 33.850000000000009 360.50000000000006
decision_type=10 8 8 10 1 10 2 10 10 10 1 2 1 2 2 2 2 2 10 2 10 2 2 2 2 2 2 1 8 10 10 2 10 10 10 2 1 8 10 2 10 10 10 10 2 2 10 10 10 10 2 2 10 2 1 8 2 8 10 2 10 2
left_child=1 4 14 5 35 8 7 26 9 12 -4 40 60 37 15 52 -17 33 45 20 31 23 -23 -22 25 -18 27 -7 -29 30 42 -8 51 -5 48 -1 -24 43 -27 -21 -6 58 -13 -12 -42 46 47 -19 -35 -10 -36 -16 53 -3 55 -53 -39 -58 -14 -60 -2 -62
right_child=3 2 10 17 11 6 19 -9 49 -11 13 29 41 -15 32 16 24 18 -20 39 21 22 36 -25 -26 38 -28 28 -30 -31 -32 -33 -34 34 50 -37 -38 56 -40 -41 44 -43 -44 -45 -46 -47 -48 -49 -50 -51 -52 54 -54 -55 -56 -57 57 -59 59 -61 61 -63
leaf_value=-0.020168674583275377 0.065625351580480731 -0.02096035374758335 -0.074665827656641731 0.029937925182405064 -0.041057983413045979 -0.0036584553907737885 -0.17805913470123172 -0.031906398321629746 -0.038708212160684673 0.40147745254635808 0.078428966131885658 -0.015682431174544233 -0.02381958891749382 0.24378817306374603 -0.15658140226656739 -0.13903744196029086 0.14751678880552138 0.50254584256410595 0.031288042476260533 0.10099044801636797 0.15959969419405001 0.32699206372821016 -0.14526408806443214 0.34095890005309026 0.17241758938579663 0.03292187419036207 -0.065171604688556595 0.25362546037365918 0.080884503857062681 -0.040715729279148814 -0.15305371768400072 0.074648734210841061 0.16729862234294413 0.296709988548152 0.46598176881245201 0.071660168866759966 0.065620227162159872 0.0002336386858890577 0.21629605768167451 -0.1453579014371818 -0.060201573590209216 0.012924253089190686 0.085603420758269363 -0.0099890810618090964 -0.094368597927986034 0.092387769142335111 0.10396410533246842 0.26076755145917069 0.15763935874356835 0.086737111955881116 0.25234306554107561 0.029252792428952203 0.0057461204918504115 0.27535214384396872 0.00066128966781303189 0.14431051470837961 -0.055929318911752512 0.068155127274698774 0.11910176386779567 0.28882594156265257 0.28504405997261745 0.14885034085267174
leaf_weight=3609 54 52 988 61 3715 298 53 754 161 60 444 292 50 53 55 57 398 50 279 61 436 76 60 103 411 760 131 137 822 1483 80 131 100 118 70 287 296 1342 69 71 5728 206 454 476 2043 165 141 74 318 294 69 1263 1464 54 2959 127 1355 133 289 75 220 118
leaf_count=3609 54 52 988 61 3715 298 53 754 161 60 444 292 50 53 55 57 398 50 279 61 436 76 60 103 411 760 131 137 822 1483 80 131 100 118 70 287 296 1342 69 71 5728 206 454 476 2043 165 141 74 318 294 69 1263 1464 54 2959 127 1355 133 289 75 220 118
internal_value=-0.000547139 -0.0207853 0.0120977 0.0966159 -0.0441311 0.0784348 0.0594908 0.0315353 0.120975 0.154347 -0.0202854 -0.0528091 0.139695 -0.00615767 0.0320678 0.0562899 0.0953364 0.163609 0.117146 0.106018 0.121736 0.144452 0.0823128 0.194256 0.103492 0.0804048 0.0659986 0.0796687 0.105562 -0.016605 0.0266833 0.00185788 0.014509 0.215405 0.235081 -0.0134041 0.0300779 -0.00969024 0.0481846 -0.0315151 -0.0600871 0.0928287 0.045958 0.0326822 -0.0691841 0.172854 0.222955 0.358259 0.195278 0.0423488 0.359931 0.0110396 0.0141346 0.129991 0.0131595 0.0397653 -0.023465 -0.0448384 0.132588 0.154072 0.213821 0.237497
internal_weight=36552 30251 12560 6301 17691 4956 3429 2142 1527 1072 4791 13795 1012 3803 7769 3265 1695 1345 709 1287 1155 971 432 539 1638 1227 1388 1257 959 2309 826 184 4504 636 575 3896 356 3750 829 132 11486 620 746 920 7771 430 265 124 436 455 139 4404 1570 106 4349 1390 2830 1488 414 364 392 338
internal_count=36552 30251 12560 6301 17691 4956 3429 2142 1527 1072 4791 13795 1012 3803 7769 3265 1695 1345 709 1287 1155 971 432 539 1638 1227 1388 1257 959 2309 826 184 4504 636 575 3896 356 3750 829 132 11486 620 746 920 7771 430 265 124 436 455 139 4404 1570 106 4349 1390 2830 1488 414 364 392 338
cat_boundaries=0 1 2 3 4 5 6
cat_threshold=1 2 1 2 2 1
is_linear=0
shrinkage=0.03


Tree=57
num_leaves=63
num_cat=3
split_feature=0 0 24 25 8 16 24 16 12 21 16 22 26 7 15 26 7 14 24 9 5 26 26 13 5 7 12 7 5 9 12 12 21 9 12 19 26 13 0 26 25 26 14 26 21 12 12 26 26 18 26 13 25 7 22 19 26 26 26 4 26 12
split_gain=80720.2 23222.1 7978.77 7562.45 7341.09 5645.37 5510.62 4684.34 4269.91 3662.86 3577.32 3571.94 3555.46 3484.45 3280.36 3178.83 3261.44 3109.67 3341.03 2958.4 2520.95 2635.49 3089.14 2900.95 2655.22 2750.68 2404.05 3513.07 3486.79 2391.75 2272.4 2275.53 2153.99 2145.67 2107.03 2058.23 2047.3 2799.41 2035.03 2033.33 2588.24 2215.99 3366.16 2914.5 2011.75 1946.12 3123.63 1900.24 1845.71 2695.99 1824.99 2487.36 2747.1 1788.93 2007.33 1959.25 1721.18 1680.47 3432.63 1679.11 1643.63 1614.77
threshold=21.987500000000004 32.950000000000003 2.5000000000000071 73.197324022214261 51.016666666666673 0 0.10000000000000196 1 1.5000000000000002 0.95878322595067733 2 -0.34202014332566855 99.500000000000014 32.925000000000004 1.0000000180025095e-35 154.50000000000003 32.925000000000004 0.25000000000000017 11.750000000000011 35.82500000000001 21.506756756756761 537.50000000000011 296.50000000000006 0.25000000000000006 29.950000000000003 40.050000000000004 1.5000000000000002 31.950000000000003 25.316666666666666 43.892708333333339 1.0000000180025095e-35 4.5000000000000009 0.095842103007655818 53.03541666666667 5.5000000000000009 9.9500000000000011 351.50000000000006 -0.24999999999999994 56.050000000000004 376.50000000000006 6.2812505672239718 976.50000000000011 1.0000000180025095e-35 485.00000000000006 0.31729257441605213 1.5000000000000002 1.0000000180025095e-35 11.500000000000002 1351.0000000000002 80.500000000000014 1342.5000000000002 0.68301270189221941 305.88914860994294 29.050000000000004 0.59480013772226059 6.6500000000000012 20.500000000000004 101.50000000000001 176.50000000000003 43.100000000000009 92.500000000000014 2.5000000000000004
decision_type=8 10 8 10 10 1 10 1 2 2 1 2 2 10 2 2 10 2 10 10 8 2 2 2 8 10 2 8 8 10 2 2 2 10 2 2 2 2 10 2 10 2 2 2 2 2 2 2 2 2 2 2 10 8 2 2 2 2 2 8 2 2
left_child=3 2 8 5 6 30 10 -4 11 12 14 -2 -6 57 -3 32 34 -7 53 -16 -12 22 24 -24 -22 35 -9 -28 -29 50 -1 -32 -14 38 -17 -26 37 -13 -18 40 47 42 -41 -44 -39 46 60 -8 49 -23 51 -10 -53 54 55 -19 -49 -5 -59 -43 -42 -15
right_child=1 4 7 13 9 17 39 26 29 -11 20 36 15 61 19 16 33 18 -20 -21 21 48 23 -25 25 -27 27 28 -30 -31 31 -33 -34 -35 -36 -37 -38 44 -40 41 45 59 43 -45 -46 -47 -48 56 -50 -51 -52 52 -54 -55 -56 -57 -58 58 -60 -61 -62 -63
leaf_value=-0.066417242805386426 0.022246919021022733 -0.040201308631065601 -0.089552814843633102 -0.073244898555988133 -0.0010763831555574055 -0.064611263412607839 -0.015542060426052877 -0.044707426646819183 0.013939311673555825 -0.074542995840311044 0.33249844596649586 0.15283571350093034 0.46951868974027178 0.11195551253286722 0.19891904650150605 0.11546096998889159 0.24904165742652756 0.016193314851330156 -0.085271397454287995 0.027904585839157371 0.24381457837401357 0.24858188569505379 0.18088987384930899 0.012131700384280174 0.15732634309642951 0.0086647848215054817 -0.0057980568941289248 0.18308640728442416 0.020106479857480052 0.1573380703021024 0.0055491704963356375 -0.042331029443900173 0.20580815012454987 0.18117705928603398 0.26730347764669077 0.03613573155530235 0.17346032918374174 0.092875415988313531 0.50839270611135468 0.18897472879510713 0.10542663525275298 0.096084576170399505 0.21823249909807654 -0.046409925651994158 -0.030920954865905868 -0.020094014441249548 0.20294171748792422 0.26431809169229342 0.038076848099413127 0.075438363467627723 -0.064494301822642319 0.040483711878403265 0.15782240828842523 -0.066685740571784655 0.034570711360352557 -0.071836085332942792 0.058336750945891254 0.062348889418543593 -0.022459296986984373 -0.13388816092493791 -0.10650993978747954 0.016001055482227133
leaf_weight=762 604 246 637 357 83 10187 68 707 3139 51 52 336 63 326 159 443 56 442 728 213 163 323 115 452 718 185 1236 206 277 122 2755 1322 50 97 101 153 345 277 53 264 57 53 51 141 206 810 102 85 69 108 206 751 236 422 871 469 64 552 1936 62 78 306
leaf_count=762 604 246 637 357 83 10187 68 707 3139 51 52 336 63 326 159 443 56 442 728 213 163 323 115 452 718 185 1236 206 277 122 2755 1322 50 97 101 153 345 277 53 264 57 53 51 141 206 810 102 85 69 108 206 751 236 422 871 469 64 552 1936 62 78 306
internal_value=-0.00131158 0.0518846 0.0224847 -0.0387189 0.0990473 -0.0465598 0.0836348 -0.0171513 0.0419969 0.173111 0.108985 0.0814426 0.186462 0.00177762 0.0447933 0.204499 0.18215 -0.0567754 -0.0295503 0.100999 0.125952 0.121254 0.10421 0.0463595 0.131119 0.113724 0.00185933 0.0210116 0.0896176 0.0263391 -0.0188641 -0.00997637 0.352833 0.283812 0.143652 0.136038 0.112159 0.0863365 0.375148 0.0427989 0.0215737 0.0897842 0.119464 0.0238857 0.0400761 0.00203003 0.0776439 0.11587 0.182133 0.205196 0.0226498 0.0270007 0.0685404 -0.0111452 0.00200753 -0.0291259 0.175843 -0.0123772 -0.00364333 -0.0279007 -0.0170256 0.0654966
internal_weight=36508 15073 9285 21435 5788 17958 4791 3063 6222 997 2956 1768 946 3477 618 863 750 13119 2932 372 2338 2286 1786 567 1219 1056 2426 1719 483 4454 4839 4077 113 206 544 871 1164 819 109 1835 1264 571 456 192 483 1047 237 217 500 431 4332 4126 987 2204 1782 911 149 2845 2488 115 135 632
internal_count=36508 15073 9285 21435 5788 17958 4791 3063 6222 997 2956 1768 946 3477 618 863 750 13119 2932 372 2338 2286 1786 567 1219 1056 2426 1719 483 4454 4839 4077 113 206 544 871 1164 819 109 1835 1264 571 456 192 483 1047 237 217 500 431 4332 4126 987 2204 1782 911 149 2845 2488 115 135 632
cat_boundaries=0 1 2 3
cat_threshold=1 2 2
is_linear=0
shrinkage=0.03


Tree=58
num_leaves=63
num_cat=2
split_feature=0 0 2 25 23 16 23 14 26 26 23 0 7 23 23 26 14 12 21 7 10 7 7 3 26 6 7 16 5 6 25 14 23 12 14 23 7 7 12 23 23 21 12 5 26 26 23 21 6 7 26 7 26 12 6 6 26 26 25 7 14 18
split_gain=76687.2 23366.2 8510.16 5739.03 5141.54 3870.91 3868.65 3474.54 3305.03 3436.14 3194.87 2821.79 2763.22 3607.62 2730.45 2746.22 2699.25 3890.97 2692.83 3002.38 2748.52 2686.54 2642.9 2609.31 2573.77 3030.48 2586.99 3514.15 3092.49 3158.86 2950.7 2834.47 2753.38 2464.22 2454.49 2421.18 2369.93 2219.31 2189.11 2183.27 2152.31 2073.88 2070.25 2286.07 2039.58 2012.45 1961.12 1957.45 1939.86 1860.91 1815.1 2177.7 1812.32 2225.67 1792.44 1711.51 3271.89 2338.02 2260.17 1646.77 1538.89 1677.01
threshold=30.050000000000004 18.027027027027028 48.050000000000004 133.50009374996574 7.293750000000002 0 10.864583333333334 -0.24999999999999994 113.50000000000001 173.50000000000003 8.1562500000000018 9.8250000000000011 75.250000000000014 7.522916666666668 7.3416666666666677 995.00000000000011 0.25000000000000017 3.5000000000000004 -0.061046214993534749 32.050000000000004 0.37940952255126054 19.225000000000005 33.050000000000004 50.058823529411775 585.50000000000011 57.150000000000006 22.850000000000005 1 34.966666666666676 52.100000000000009 239.35584923535632 0.93301270189221952 6.5312500000000009 4.5000000000000009 0.25000000000000017 8.8937500000000025 21.987500000000004 18.909459459459462 3.5000000000000004 4.4062500000000018 5.5333333333333341 0.31729257441605213 1.0000000180025095e-35 32.850000000000001 699.50000000000011 19.500000000000004 6.7666666666666684 -0.36648727148060628 32.050000000000004 31.950000000000003 376.50000000000006 15.920000000000002 37.500000000000007 1.0000000180025095e-35 32.975000000000009 48.050000000000004 944.50000000000011 1151.5000000000002 305.88914860994294 57.150000000000006 0.6830127018922193 65.500000000000014
decision_type=10 8 10 10 10 1 10 2 2 2 10 10 8 10 10 2 2 2 2 10 2 10 8 8 2 10 8 1 8 10 10 2 10 2 2 10 10 10 2 10 8 2 2 10 2 2 10 2 10 10 2 10 2 2 10 10 2 2 10 8 2 2
left_child=1 4 5 16 8 7 24 50 33 38 -9 -6 13 18 15 44 21 35 23 -20 -21 47 54 -4 26 46 30 28 -28 -30 39 37 -29 34 52 42 -37 -32 -10 -7 45 -16 -18 -44 -5 -36 -26 -3 -12 -13 -2 -52 53 -1 -8 57 -57 58 -15 -19 61 -43
right_child=2 3 12 14 11 6 22 10 9 -11 48 49 -14 55 41 -17 17 59 19 20 -22 -23 -24 -25 25 -27 27 32 29 -31 31 -33 -34 -35 40 36 -38 -39 -40 -41 -42 60 43 -45 -46 -47 -48 -49 -50 -51 51 -53 -54 -55 -56 56 -58 -59 -60 -61 -62 -63
leaf_value=-0.07520617874706903 -0.030441221209672784 -0.01174440861491231 0.1321135597117245 0.078065837232619978 -0.075177193523662644 0.28044597833942281 -0.18247377875695625 0.047863251620105338 0.086755576027740894 0.011061848015335345 -0.015414928133189678 -0.047191344510145491 -0.017211251905212156 0.16798064462355403 0.042795903028053771 0.27980162544111753 0.0032976429113154176 -0.0093917398615357625 0.10794707790388502 0.41917511981814654 0.13005004221257171 0.010239492576022221 0.080742357078046903 0.35450125549626332 0.33496286105192624 -0.059361184490396852 0.08298634465237234 0.15360719485919966 -0.051035281320222781 0.19584201862032596 0.053181585101410744 0.37358677814120278 0.069250196032114436 -0.063899562542066676 0.02248779645091609 0.037662366367351839 -0.15243975792559655 0.29477013952364878 0.34589504377841945 0.083391534526836814 -0.0089462050786511052 0.13482824637912785 0.09578953134077535 -0.027908385376167761 -0.088700580580958283 0.15219723061932994 0.15744648626612293 -0.062120268309295942 -0.15159716186341859 0.01349492622350045 0.039565773353199753 0.21828842866669904 -0.078147600000540829 0.00030091961862465158 0.0053310057905412486 0.12544504974791515 -0.094273467190839622 0.29833266754945115 -0.038920367492026972 -0.14365136196387226 -0.048905260997450316 -0.015307919707624837
leaf_weight=461 65 1451 64 1156 3685 55 90 483 71 394 250 8048 77 215 1696 58 427 1497 242 67 53 1927 157 184 65 52 443 534 453 52 88 76 1001 1171 285 142 101 56 50 633 865 104 1060 154 70 173 405 1331 151 482 102 154 579 1477 93 247 81 90 61 87 488 188
leaf_count=461 65 1451 64 1156 3685 55 90 483 71 394 250 8048 77 215 1696 58 427 1497 242 67 53 1927 157 184 65 52 443 534 453 52 88 76 1001 1171 285 142 101 56 50 633 865 104 1060 154 70 173 405 1331 151 482 102 154 579 1477 93 247 81 90 61 87 488 188
internal_value=0.000328068 -0.0205415 0.0908922 0.0119103 -0.0423767 0.0740587 0.0875067 0.0265946 -0.0183652 0.0540054 -0.00410289 -0.0532394 0.157422 0.167734 0.0425861 0.0780869 -0.00219519 0.0178897 0.220958 0.168786 0.291478 -0.016987 -0.00955972 0.297111 0.0959407 0.157953 0.0863947 0.0705491 0.0251348 -0.0256143 0.129726 0.225362 0.0985965 -0.025803 -0.0141855 0.0470269 -0.0413513 0.147133 0.193838 0.0991444 0.018897 0.0241762 0.060114 0.080098 0.0685441 0.0714828 0.181997 -0.0358459 -0.0666955 -0.0437622 0.111132 0.147079 -0.0315745 -0.0176603 -0.087032 0.120952 0.0711853 0.165551 0.122253 -0.0167658 -0.0163096 0.0381652
internal_weight=36517 29678 6839 11937 17741 5458 4253 1205 5526 515 884 12215 1381 1304 3760 1284 8177 3468 610 362 120 4709 340 248 3913 522 3391 2483 948 505 908 220 1535 5011 3840 1884 243 144 121 688 1323 2476 1641 1214 1226 458 470 2782 401 8530 321 256 2517 1938 183 694 328 366 276 1584 780 292
internal_count=36517 29678 6839 11937 17741 5458 4253 1205 5526 515 884 12215 1381 1304 3760 1284 8177 3468 610 362 120 4709 340 248 3913 522 3391 2483 948 505 908 220 1535 5011 3840 1884 243 144 121 688 1323 2476 1641 1214 1226 458 470 2782 401 8530 321 256 2517 1938 183 694 328 366 276 1584 780 292
cat_boundaries=0 1 2
cat_threshold=2 4
is_linear=0
shrinkage=0.03


Tree=59
num_leaves=63
num_cat=5
split_feature=1 0 0 24 16 23 24 23 24 23 24 8 24 23 16 23 5 0 14 25 24 23 25 23 17 9 16 26 6 23 13 14 6 26 6 16 9 17 25 22 26 23 23 5 5 16 5 9 23 17 6 6 0 22 6 24 26 22 8 9 1 14
split_gain=70174.8 14927 13020.4 5450.03 4510.67 5622.32 5423.37 4143.37 4110.19 3911.46 3908.32 3883.67 3573.8 3826.16 3347.57 3124.2 3082.39 2833.95 2829.26 2772.39 3438.09 2549.54 2328.09 2263 2882.73 2216.11 2256.75 2211.67 2977.77 2217.65 2132.59 2172.72 2040.55 2021.06 4026.58 1964.99 1952.46 1918.12 2299.22 2582.97 2554.43 2579.61 2760.89 1909.28 2171.08 1895.44 1873.11 1862.11 1708.03 1695.41 1645.97 1620.65 1617.6 1563.56 1559.73 1726.37 1545.41 1463.22 1412.51 1370.44 1404.93 1364.47
threshold=24.050000000000004 37.95000000000001 17.550000000000004 2.7000000000000011 0 6.4458333333333355 4.1000000000000094 5.4937500000000012 1.0000000180025095e-35 7.4416666666666691 10.050000000000006 54.350000000000009 0.29999999999999788 5.293750000000002 1 6.2312500000000002 14.225000000000001 66.40000000000002 1.0000000180025095e-35 69.26648036491612 0.80000000000000815 11.277083333333335 98.215487781376439 12.245833333333335 27.350000000000005 29.718750000000004 2 800.50000000000011 33.050000000000004 8.8687500000000039 -0.24999999999999994 1.0000000180025095e-35 40.050000000000004 657.50000000000011 53.100000000000009 3 15.668750000000001 32.150000000000013 989.62893964877537 0.99687937417578498 464.00000000000006 8.2395833333333375 7.3416666666666677 34.033333333333339 47.100000000000009 4 21.016666666666669 26.106250000000006 6.6645833333333337 33.750000000000007 8.9500000000000011 27.952777777777786 31.950000000000003 -0.80382625221112003 18.013513513513519 15.700000000000005 38.500000000000007 -0.7933231318270072 48.175000000000004 29.718750000000004 18.916666666666668 -0.5
decision_type=10 8 8 10 1 10 10 10 8 10 10 10 10 10 1 8 10 10 2 10 10 10 10 10 2 10 1 2 8 10 2 2 10 2 10 1 10 2 10 2 2 10 10 10 10 1 8 10 10 2 10 10 10 2 10 10 2 2 8 10 10 2
left_child=2 3 9 7 5 6 11 18 14 10 47 32 13 43 50 54 51 37 -2 -14 -21 33 45 27 -25 26 -5 46 29 -29 -24 36 -3 -7 58 59 -32 38 39 40 41 42 -15 -6 -45 -11 56 61 -28 -37 -4 -16 -48 -47 -10 -56 -9 -18 -35 -17 -61 -1
right_child=1 4 8 25 12 21 -8 23 15 22 -12 -13 19 17 16 35 57 -19 -20 20 -22 -23 30 24 -26 -27 48 28 -30 -31 31 -33 -34 34 -36 49 -38 -39 -40 -41 -42 -43 -44 44 -46 53 52 -49 -50 -51 -52 -53 -54 -55 55 -57 -58 -59 -60 60 -62 -63
leaf_value=-0.028493840294829677 -0.046394089090905775 0.27975177048357769 -0.12248768424360376 -0.075760125126157485 0.38712344475337029 0.1041705862449889 0.021927265455064019 0.019818566524807145 -0.0035365395454398118 -0.030534067260234124 -0.053713262858996122 0.45536372750997545 -0.062549831298394851 0.012630356562075729 0.10963852379433811 -0.0065815902134113433 -0.016085617036141198 0.25326321265276741 0.1534398424615141 -0.063046917092930199 0.13641777877068401 -0.044404906733808189 0.17861222082674505 -0.15469716441149994 0.028002929775021879 -0.062106725031396554 0.076364707254367239 0.35267312858592381 0.019490696281194684 0.1342836149067751 0.081661144619352602 -0.054562505460358894 0.1266327842718811 0.17231963079167553 -0.01684477366899189 -0.042923833483985027 -0.058437371737844142 0.17384854775667188 -0.084103000896132499 0.26522310629234475 0.13526916684589604 -0.076934600935940359 0.18044958805240047 0.078469112300812147 0.31849598689936098 -0.080500319708083384 0.020531317338738982 0.17439518091532419 -0.0048650858689375772 0.077779310938278459 0.0089103010530769081 0.26474557927456394 0.061656764393438319 -0.053497385692139042 0.076638032719663948 -0.039931226899523449 0.14308392953446933 0.067988719070922521 0.344821374788157 0.21690521634676876 -0.00074631155468523496 0.011201108561304985
leaf_weight=1310 73 233 95 210 51 998 95 136 747 1780 2191 84 234 289 200 2571 261 85 504 116 236 88 50 113 249 509 437 55 165 175 262 676 118 73 57 2675 136 150 92 59 275 163 127 86 56 3317 2342 53 499 109 886 87 1361 4615 667 138 280 651 103 51 56 1924
leaf_count=1310 73 233 95 210 51 998 95 136 747 1780 2191 84 234 289 200 2571 261 85 504 116 236 88 50 113 249 509 437 55 165 175 262 676 118 73 57 2675 136 150 92 59 275 163 127 86 56 3317 2342 53 499 109 886 87 1361 4615 667 138 280 651 103 51 56 1924
internal_value=4.68729e-05 0.0634742 -0.0272457 0.0376662 0.1109 0.144753 0.22728 0.0521382 0.00130543 -0.0433361 -0.0226759 0.272127 0.0798976 0.105421 0.0372849 -0.00987724 0.0709115 0.0860817 0.128158 0.0174821 0.0706851 0.111592 -0.0537806 0.0431425 -0.0290278 -0.0100171 0.0131187 0.0489301 0.116741 0.186507 -0.0129056 -0.0218217 0.228276 0.122744 0.202299 -0.02055 0.0337883 0.0737783 0.0588424 0.0732466 0.0599835 0.0242261 0.0638636 0.229676 0.173128 -0.0585112 0.0424273 -0.00198754 0.0330595 -0.038198 -0.00381427 0.156657 0.0356466 -0.0647895 0.0276838 0.0566547 0.102786 0.043928 0.273272 -0.00220347 0.102994 -0.00487817
internal_weight=36484 10976 25508 7108 3868 1849 530 5453 9194 16314 5478 435 2019 1433 2180 7014 1199 1240 577 586 352 1319 10836 4876 362 1655 1146 4514 395 230 1124 1074 351 1231 233 5462 398 1155 1005 913 854 579 416 193 142 9712 4119 3287 936 2784 981 287 3703 7932 1552 805 416 912 176 2678 107 3234
internal_count=36484 10976 25508 7108 3868 1849 530 5453 9194 16314 5478 435 2019 1433 2180 7014 1199 1240 577 586 352 1319 10836 4876 362 1655 1146 4514 395 230 1124 1074 351 1231 233 5462 398 1155 1005 913 854 579 416 193 142 9712 4119 3287 936 2784 981 287 3703 7932 1552 805 416 912 176 2678 107 3234
cat_boundaries=0 1 2 3 4 5
cat_threshold=1 2 2 1 1
is_linear=0
shrinkage=0.03


Tree=60
num_leaves=63
num_cat=6
split_feature=0 0 0 2 25 23 26 7 6 23 7 14 12 13 16 6 5 16 14 6 23 25 5 16 26 26 11 26 22 11 26 22 5 6 10 26 13 23 18 14 25 26 23 13 23 12 25 16 18 21 22 12 7 9 7 5 16 3 7 12 26 16
split_gain=68423.5 20010.2 7492.08 5667.64 5106.26 4014.65 4041.98 3250.73 3065.94 2813.32 2951.83 2798.74 4281.91 3011.72 2786.28 2823.73 2774.55 2679.61 2804.53 3170.39 2694.37 2584.74 2563.67 2423.57 2410.52 4098.62 2808.19 2794.62 2384.42 2328.2 3282.65 2249.31 2165.57 2275.49 3229.89 2139.96 4234.19 2226.1 2075.63 2057.56 3338.01 3236.21 2130.67 2056.18 2041.45 2026.3 2001.78 1992.01 1974.22 1971.83 1955.07 1923.2 1835.14 2312.27 1793.04 1682.3 1681.06 1671.19 1660.97 1648.92 1622.83 1578.19
threshold=21.987500000000004 33.850000000000009 10.91666666666667 48.050000000000004 103.83616972096677 6.5312500000000009 115.50000000000001 33.050000000000004 60.050000000000004 7.522916666666668 75.250000000000014 0.25000000000000017 3.5000000000000004 0.25000000000000006 0 11.925000000000002 23.960000000000004 1 1.0000000180025095e-35 33.850000000000009 6.5312500000000009 27.96003238290735 45.029411764705891 2 130.50000000000003 208.50000000000003 0.25881904510252057 21.500000000000004 0.95368063612909448 -0.12940952255126034 502.00000000000006 0.92384435400961384 57.150000000000006 45.029411764705891 0.60355339059327384 440.50000000000006 0.68301270189221941 9.34791666666667 61.500000000000007 -0.24999999999999994 93.988153265846975 195.50000000000003 9.1395833333333361 0.25000000000000006 5.877083333333335 4.5000000000000009 5.8533315417714968 3 56.500000000000007 0.41467745240824994 0.60873824923885345 3.5000000000000004 22.850000000000005 30.810416666666672 39.050000000000004 34.033333333333339 4 51.20000000000001 37.050000000000004 1.0000000180025095e-35 360.50000000000006 5
decision_type=8 10 10 10 10 10 2 10 8 10 8 2 2 2 1 10 10 1 2 10 10 10 8 1 2 2 2 2 2 2 2 2 10 10 2 2 2 10 2 2 10 2 10 2 10 2 10 1 2 2 2 2 8 10 10 8 1 10 10 2 2 1
left_child=2 4 -1 17 11 6 45 8 -8 10 29 13 55 23 16 56 -6 18 -3 43 24 -22 35 -2 27 26 -26 -19 44 30 -5 39 33 34 57 36 52 -38 -24 40 46 -42 58 -20 51 59 -7 -27 -33 -37 -15 -17 -23 -54 -55 -13 -16 -31 -41 -4 -49 -14
right_child=1 3 5 9 14 31 7 -9 -10 -11 -12 12 61 50 15 28 -18 20 19 -21 21 22 38 -25 25 47 -28 -29 -30 32 -32 48 -34 -35 -36 49 37 -39 -40 42 41 -43 -44 -45 -46 -47 -48 60 -50 -51 -52 -53 53 54 -56 -57 -58 -59 -60 -61 -62 -63
leaf_value=-0.061428877566256673 -0.025542464648920141 0.11239422587184567 -0.044109272935332691 0.046453933322683293 0.13774010932482131 -0.021131711472795623 0.074590566996671256 0.19086384821189456 -0.13872852217013898 0.1052984229242232 0.0049487774365622062 0.076227295614690591 -0.064869964512748804 0.021008674597211167 -0.1342696939408779 0.17050286870736342 0.049371108200528521 0.17902873802795466 -0.017789574927829819 -0.10441903612197344 -0.030001104305199575 0.1847207905808885 -0.060362197274526394 -0.11888870283101818 0.20736353529617191 0.062693465064645196 0.47941712388522784 0.028348460780406318 0.096204906060321629 0.25874735645197622 0.27183207723227415 0.1036883323307016 0.42282919028743365 0.12386543064267706 0.12717705827425507 0.13187642180570097 0.018774371960558572 -0.20089704404417122 0.071017568845594861 -0.043252917995680581 0.17304848466068506 0.0055601145963863298 -0.082740246653804306 0.12186750400013158 0.012350752117738836 -0.053671765243305795 -0.057954232996470081 0.29802474384124461 -0.007973715857552072 0.32869411937892434 -0.085565957599817485 0.020055008786823602 0.21486190584824258 0.089360298178221428 -0.034372844345931859 -0.0054238964663984191 0.0089850340203977887 0.48540410707690818 0.054154944055174521 0.017862206602655552 0.12682687995226488 0.0081233330545322276
leaf_weight=6559 879 253 490 141 519 3947 300 166 76 709 69 1184 395 1482 136 156 833 166 218 199 212 199 182 350 96 237 53 333 553 52 99 168 61 118 68 385 130 61 267 2003 126 590 1430 168 1641 694 2003 78 939 52 173 150 97 386 145 281 161 67 171 1828 138 820
leaf_count=6559 879 253 490 141 519 3947 300 166 76 709 69 1184 395 1482 136 156 833 166 218 199 212 199 182 350 96 237 53 333 553 52 99 168 61 118 68 385 130 61 267 2003 126 590 1430 168 1641 694 2003 78 939 52 173 150 97 386 145 281 161 67 171 1828 138 820
internal_value=-0.000279944 0.0485423 -0.0347031 0.0946134 0.0227438 -0.0229629 0.00486988 0.08029 0.0314729 0.147033 0.190869 0.00396038 0.0260323 -0.0165503 0.0479332 0.0308407 0.0832938 0.0767224 0.0289403 -0.00715175 0.0891692 0.0693649 0.0804287 -0.052126 0.127231 0.167645 0.304134 0.0784746 0.0412302 0.212038 0.139422 -0.0316574 0.259655 0.22702 0.292112 0.0997667 0.0759293 -0.0513825 0.0177634 -0.0360368 -0.0261633 0.0350343 -0.054299 0.0429938 0.025616 -0.00870174 -0.0335276 0.122751 0.00897229 0.155296 0.00986824 0.0967539 0.105333 0.0801761 0.0555725 0.0605659 -0.0566131 0.386361 -0.0355911 0.00476211 0.188648 -0.015607
internal_weight=36642 15152 21490 5439 9713 14931 3554 542 376 1384 675 5564 2680 2884 4149 2797 1352 4055 838 585 3217 2116 1904 1229 1101 602 149 499 2500 606 240 11377 366 305 187 1455 1018 191 449 10270 6666 716 3604 386 1947 3012 5950 453 1107 437 1655 306 827 628 531 1465 297 119 2174 2318 216 1215
internal_count=36642 15152 21490 5439 9713 14931 3554 542 376 1384 675 5564 2680 2884 4149 2797 1352 4055 838 585 3217 2116 1904 1229 1101 602 149 499 2500 606 240 11377 366 305 187 1455 1018 191 449 10270 6666 716 3604 386 1947 3012 5950 453 1107 437 1655 306 827 628 531 1465 297 119 2174 2318 216 1215
cat_boundaries=0 1 2 3 4 5 6
cat_threshold=1 2 1 4 2 2
is_linear=0
shrinkage=0.03


Tree=61
num_leaves=63
num_cat=5
split_feature=1 0 0 0 21 25 7 11 16 16 1 25 14 17 20 4 18 22 12 13 5 16 12 14 7 17 5 13 7 22 7 7 16 12 1 25 18 13 25 12 7 21 18 0 4 25 1 7 16 13 0 7 5 22 0 5 14 15 7 12 4 7
split_gain=62920.9 19906.1 7612.79 6391.47 4729.18 4058.64 3711.25 3714.67 3662.39 3369.47 3284.96 3470.52 2772.46 2581.35 2535.84 2368.32 2289.24 2240.38 2179.52 2111.33 2098.06 1989.25 1728.74 2194.04 3485.93 2894.37 2478.33 2769.74 2809.95 2072.88 2074.84 1882.74 1724.42 1788.38 2631.41 1713.17 1643.71 2012.11 3230.24 2208.72 1952.08 1622.75 1555.59 1475.23 1463.3 1972.55 1433.84 1387.49 1379.93 1582.99 1370.28 1365.55 1361.76 2192.32 1350.73 1345.23 2029.38 1523.95 1391.29 1259.21 2099.07 1468.64
threshold=21.910000000000004 32.050000000000004 53.100000000000009 13.825000000000001 0.86159635224327558 21.778953839023966 16.925000000000001 0.37940952255126043 0 1 57.150000000000006 121.5482213889499 0.25000000000000017 26.850000000000005 1.0000000180025095e-35 21.910000000000004 45.500000000000007 -0.85260769842926898 3.5000000000000004 0.93301270189221952 25.530952380952385 2 1.5000000000000002 1.0000000180025095e-35 16.925000000000001 29.150000000000002 34.033333333333339 0.25000000000000006 18.316666666666666 0.9681107762825325 38.100000000000009 40.050000000000004 3 3.5000000000000004 36.95000000000001 819.21611965807267 84.500000000000014 0.68301270189221941 324.63055040381113 1.5000000000000002 25.040540540540544 0.63605400036818838 55.500000000000007 23.960000000000004 29.050000000000004 6.7169171360790694 42.95000000000001 13.110000000000001 4 0.25000000000000006 44.150000000000006 18.909459459459462 16.050000000000004 0.67556448321067852 7.0333333333333341 24.950000000000003 -0.68301270189221952 1.0000000180025095e-35 16.050000000000004 3.5000000000000004 41.95000000000001 22.050000000000004
decision_type=8 10 10 10 2 10 10 2 1 1 10 10 2 2 2 10 2 2 2 2 8 1 2 2 10 2 8 2 8 2 10 8 1 2 10 10 2 2 10 2 8 2 2 10 10 10 8 8 1 2 10 10 8 2 10 10 2 2 8 2 10 10
left_child=3 5 9 21 6 12 -4 -8 15 16 -9 -12 48 -6 17 -7 -3 -5 20 36 -14 -1 29 24 25 -24 32 28 -28 30 51 50 -25 -34 -35 -18 37 39 42 40 -10 -26 -39 -44 -20 -46 55 -19 -2 -50 -29 -11 53 -49 -23 56 -17 58 -57 60 -30 -61
right_child=1 2 4 14 13 8 7 10 19 22 11 -13 18 -15 -16 46 35 47 44 -21 -22 54 23 26 41 -27 27 31 59 -31 -32 -33 33 34 -36 -37 -38 38 -40 -41 -42 -43 43 -45 45 -47 -48 52 49 -51 -52 -53 -54 -55 -56 57 -58 -59 -60 61 -62 -63
leaf_value=-0.011851619228991655 -0.016378608904424271 0.22274850386639694 0.090928175994069188 -0.032797256819044787 -0.1736406124949455 0.12247636412798749 0.1697881035564166 0.16627862819366984 0.017722377215871925 0.055358444685483073 0.19283899123177808 0.48977477987393214 0.1149429673256528 0.11822347319126129 -0.041762013209108786 -0.037039972546781236 0.090048254304698386 -0.023433737361777417 -0.046874186685064309 -0.045068361273149206 0.0054356145074233317 -0.077549966854094265 -0.15759673753380773 0.016269944933261359 0.11255400439618322 0.08913420913498038 0.19253800181021172 -0.16507628806327518 -0.0031947758530491382 0.23402928304187087 -0.073226000846248779 0.056918571783523803 0.053908721424154274 0.092856012582778924 0.37235944000482557 0.24199692658206912 -0.011800183219104339 0.14405239517538293 0.1923606132427392 0.0033501256789019102 0.12213121201807543 0.29156222415371585 -0.066824579327056793 0.057516819937351957 0.17458874770440161 -0.050720512685639887 0.2012433849415689 0.0078369148854681783 -0.11376694755219732 -0.0064759412411735462 -0.031837409631564062 0.16426855699973447 -0.003179288193390418 0.080316086369666764 -0.048418299307358914 0.18207177801712141 0.11586891589536295 -0.0076967155795064895 0.042513551141292197 0.076262727122882304 0.22057088979026848 -0.10218168625493267
leaf_weight=1141 1070 134 222 2320 50 490 334 81 330 254 51 116 329 60 2670 98 2076 1420 419 446 302 1754 80 306 369 92 83 171 145 86 73 76 169 77 50 69 893 103 173 1670 315 52 135 236 72 68 53 1149 345 193 117 175 2518 558 7814 74 385 606 490 58 51 146
leaf_count=1141 1070 134 222 2320 50 490 334 81 330 254 51 116 329 60 2670 98 2076 1420 419 446 302 1754 80 306 369 92 83 171 145 86 73 76 169 77 50 69 893 103 173 1670 315 52 135 236 72 68 53 1149 345 193 117 175 2518 558 7814 74 385 606 490 58 51 146
internal_value=0.000233254 0.0470595 0.0905524 -0.0329339 0.170048 0.0198127 0.195289 0.235097 0.032822 0.0757512 0.323053 0.399094 -0.0103952 -0.014442 -0.0164602 0.0643441 0.102451 -0.00797866 0.0243184 0.0167275 0.0625322 -0.0492937 0.0526146 0.0395629 0.0881725 -0.0256244 0.0196695 -0.0134073 0.0336879 0.0979406 0.0746266 -0.0758989 0.0662077 0.117833 0.202897 0.0949361 0.0238769 0.034633 0.0814041 0.0215613 0.0687127 0.134664 0.0409073 0.0122713 -0.0188173 0.0651528 0.0476473 0.00222137 -0.0360849 -0.0752778 -0.110948 0.0997856 0.0108439 0.0315296 -0.0537587 0.0427225 0.0848439 0.025334 0.0608244 0.000726462 0.05503 -0.0514475
internal_weight=36462 15118 5823 21344 914 9295 804 582 6497 4909 248 167 2798 110 10635 2196 2279 7965 1190 4301 631 10709 2630 2042 593 172 1449 847 483 588 502 364 602 296 127 2145 3855 2962 647 2315 645 421 474 371 559 140 1706 5645 1608 538 288 429 4225 1707 9568 1653 483 1170 564 400 196 204
internal_count=36462 15118 5823 21344 914 9295 804 582 6497 4909 248 167 2798 110 10635 2196 2279 7965 1190 4301 631 10709 2630 2042 593 172 1449 847 483 588 502 364 602 296 127 2145 3855 2962 647 2315 645 421 474 371 559 140 1706 5645 1608 538 288 429 4225 1707 9568 1653 483 1170 564 400 196 204
cat_boundaries=0 1 2 3 4 5
cat_threshold=1 1 1 2 1
is_linear=0
shrinkage=0.03


Tree=62
num_leaves=63
num_cat=3
split_feature=0 1 1 24 16 26 24 7 12 16 24 24 13 5 19 12 25 16 5 26 9 13 18 19 24 7 25 26 13 26 7 9 24 6 26 6 25 7 6 26 25 26 12 5 6 7 12 12 7 7 6 19 12 0 12 6 12 25 24 14 25 9
split_gain=58619.1 18482.3 7667.94 6524.55 4224.56 3559.29 3330.52 3078.37 3846.35 3064.13 2584.03 2548.47 3604.11 3080.55 2589.11 2888.95 2558.9 2524.32 2450.89 2432.45 2360.33 2352.97 2871.88 2327.46 2278.96 2143.21 2086.85 2009.26 1981.2 1966.57 1955.73 2008.66 1918.58 2128.51 2006.93 1888.4 1870.52 1840.42 1828.85 1824.88 2410.22 2372.45 3059.52 1821.76 6903.82 2063.76 1731.52 1862.92 2198.72 1630.66 2263.61 2255.08 1609.78 2113.99 1583.66 1583.6 1579.4 2521.02 1574.17 1552.12 1501.81 1945.76
threshold=30.950000000000003 17.341666666666672 47.100000000000009 2.7000000000000011 0 936.50000000000011 0.10000000000000196 39.050000000000004 1.5000000000000002 1 5.0500000000000052 1.0000000180025095e-35 0.68301270189221941 34.033333333333339 7.1500000000000012 2.5000000000000004 478.49480366696014 2 15.425000000000002 376.50000000000006 59.775000000000013 -0.6830127018922193 53.500000000000007 8.5500000000000025 0.90000000000000424 18.013513513513519 99.899842482413405 542.50000000000011 -0.5 103.50000000000001 49.050000000000004 20.168750000000003 1.0000000180025095e-35 18.013513513513519 623.50000000000011 20.025000000000002 18.519532002218497 33.850000000000009 26.832432432432437 269.50000000000006 118.20596845055762 356.50000000000006 5.5000000000000009 36.050000000000004 40.050000000000004 44.100000000000009 1.5000000000000002 3.5000000000000004 28.950000000000003 22.850000000000005 33.050000000000004 9.9500000000000011 4.5000000000000009 43.100000000000009 3.5000000000000004 33.850000000000009 1.0000000180025095e-35 761.79272449877044 0.40000000000000807 0.93301270189221952 7.9801187136889729 38.412878787878789
decision_type=10 8 10 8 1 2 10 10 2 1 10 10 2 10 2 2 10 1 8 2 10 2 2 2 10 8 10 2 2 2 8 8 10 10 2 8 10 10 10 2 10 2 2 8 10 10 2 2 10 8 8 2 2 10 2 10 2 10 8 2 10 10
left_child=1 4 6 7 -1 17 9 8 21 35 28 12 13 -4 15 -14 20 46 -9 23 -15 24 -23 60 -3 -21 58 -20 36 -12 -19 -32 -10 -34 -35 -2 -6 -30 -27 40 -13 -41 -43 44 45 -11 -5 48 -48 51 -51 -45 56 -54 -18 -28 -37 -58 -24 -25 61 -8
right_child=2 3 11 5 10 -7 19 18 32 43 29 39 14 16 -16 -17 54 30 27 25 -22 22 26 59 -26 38 55 -29 37 -31 31 -33 33 34 -36 52 -38 -39 -40 41 -42 42 -44 49 -46 -47 47 -49 -50 50 -52 -53 53 -55 -56 -57 57 -59 -60 -61 -62 -63
leaf_value=-0.0095734368267788982 0.2928014287001946 0.18686630447036945 0.24385580862686038 -0.037113344358820126 -0.021901892526391159 0.20975749707857116 0.058559232188769038 0.28085426150033105 0.024148083159840128 0.051624159417143371 -0.063996492622556675 0.075466258368994052 0.20152892611596895 0.087257995653738069 0.17053210009024902 0.46722424405850943 -0.14179244130849838 -0.051637274804641149 0.039288641528349696 -0.031719852128843651 0.28375937947524443 0.11613587606088098 -0.070939421033631864 -0.020602628240660989 0.027494739859618922 0.0087732477507625629 0.033554573594039426 0.15692234233238322 -0.049375773172284698 0.010749008272111683 0.20775254154906553 -0.0081321384557695303 -0.045441236077565755 0.023829910590549008 -0.069298038245942287 0.034413288817640476 0.056548496216296325 0.044925849296152592 0.15403883908123064 0.31816700357657213 -0.16132359591722487 0.06424983005995144 0.30734028641337696 0.12890461067909872 0.41693611100889166 0.21797649248037487 0.022003201812988628 -0.0088593436001603697 0.1416000139139226 0.10076599006345005 -0.052940032437791003 -0.054882294937091715 0.0271654260803047 0.22035519362241029 0.081073775345628915 0.15710998142682861 0.12926177647272785 0.33443694677846181 0.032532869256181832 -0.17144916447058117 0.016620148557851301 0.26877857733070848
leaf_weight=3290 51 208 150 857 1673 61 191 52 2360 990 6511 171 69 257 165 79 60 2204 544 109 70 348 308 386 132 104 783 172 4156 333 51 162 1081 1328 247 139 327 195 312 52 50 305 55 205 52 72 567 1224 183 114 354 85 339 60 55 106 762 58 232 73 790 50
leaf_count=3290 51 208 150 857 1673 61 191 52 2360 990 6511 171 69 257 165 79 60 2204 544 109 70 348 308 386 132 104 783 172 4156 333 51 162 1081 1328 247 139 327 195 312 52 50 305 55 205 52 72 567 1224 183 114 354 85 339 60 55 106 762 58 232 73 790 50
internal_value=-0.000569423 -0.0188007 0.078649 0.00763863 -0.0399875 -0.0180819 0.0615241 0.0249213 0.0187768 0.0801681 -0.0475709 0.137617 0.169914 0.126382 0.252249 0.343353 0.0865158 -0.0207302 0.0819897 0.0311664 0.129323 0.0526868 0.0388523 0.0116008 0.124993 0.0866954 0.0200316 0.067547 -0.0337893 -0.0603597 -0.0432481 0.0435586 0.00446511 -0.0130243 0.00922508 0.113585 -0.00907525 -0.0451494 0.117722 0.0914426 0.0218939 0.128749 0.101389 0.055016 0.0794281 0.0629023 -0.00150525 0.0139538 0.0511848 0.0191385 -0.0154988 0.075036 0.106855 0.0562165 -0.0352043 0.0482867 0.127923 0.143774 -0.0264847 -0.0445935 0.0366185 0.102173
internal_weight=36529 29695 6834 13210 16485 5309 5296 7901 7133 3281 13195 1538 905 592 313 148 442 5248 768 2015 327 2117 1777 1490 340 525 1429 716 6351 6844 2417 213 5016 2656 1575 1409 2000 4351 416 633 221 412 360 1872 1114 1062 2831 1974 750 758 468 290 1358 399 115 889 959 820 540 459 1031 241
internal_count=36529 29695 6834 13210 16485 5309 5296 7901 7133 3281 13195 1538 905 592 313 148 442 5248 768 2015 327 2117 1777 1490 340 525 1429 716 6351 6844 2417 213 5016 2656 1575 1409 2000 4351 416 633 221 412 360 1872 1114 1062 2831 1974 750 758 468 290 1358 399 115 889 959 820 540 459 1031 241
cat_boundaries=0 1 2 3
cat_threshold=1 1 1
is_linear=0
shrinkage=0.03


Tree=63
num_leaves=63
num_cat=2
split_feature=0 0 24 23 24 16 24 23 12 6 23 12 17 6 0 12 7 24 17 25 7 5 13 7 12 2 9 25 23 23 12 13 12 7 9 12 16 25 7 6 25 23 25 7 6 6 4 24 12 13 13 23 13 25 13 18 7 17 12 17 21 13
split_gain=54623.4 17921.8 8180.48 5650.57 4661.72 4210.05 4166.62 3668.13 3496.28 3315.76 3260.44 3646.76 3187.59 3048.74 2927.87 2591.2 3207.25 2751.5 4067.32 2482.05 2479.15 3181.56 2481.35 3494.21 3753.6 2854.11 3251.98 2928.52 2705.22 2442.67 2433.05 2334.58 2271.45 2973.11 5049.78 3028.32 2251.5 3075.38 2200.2 2439.92 2127.82 2183.38 2085.85 2394.55 2088 1987 2255.79 1910.13 1854.95 2492.39 2244.96 1861.11 1853.25 3142.64 2387.13 2534.87 1717.6 2518.92 2224.8 1679.4 1654.68 1648.63
threshold=20.980000000000004 37.95000000000001 2.5000000000000071 7.5791666666666684 10.050000000000006 0 0.099999999999999964 5.377083333333335 1.5000000000000002 36.900000000000006 11.439583333333335 1.5000000000000002 27.750000000000004 37.050000000000004 9.8250000000000011 1.5000000000000002 53.20000000000001 1.5000000000000027 26.950000000000003 819.21611965807267 51.20000000000001 22.971428571428575 0.68301270189221941 21.987500000000004 4.5000000000000009 58.050000000000004 43.892708333333339 503.65594728367927 7.9979166666666694 10.81041666666667 2.5000000000000004 -0.5 1.5000000000000002 29.050000000000004 27.001041666666669 4.5000000000000009 1 19.793559471571758 40.050000000000004 51.20000000000001 635.70296873523898 7.1937500000000014 73.197324022214261 32.925000000000004 28.525000000000002 33.850000000000009 50.058823529411775 0.30000000000000021 4.5000000000000009 -0.5 -0.93301270189221919 4.8854166666666687 0.68301270189221941 311.90361346067357 0.25000000000000006 86.500000000000014 32.050000000000004 29.050000000000004 4.5000000000000009 28.150000000000002 -0.078456108245891734 0.93301270189221952
decision_type=8 10 8 10 10 1 10 10 2 10 10 2 2 10 10 2 8 10 2 10 10 8 2 10 2 10 10 10 10 10 2 2 2 8 8 2 1 10 10 8 10 10 10 10 8 10 10 10 2 2 2 10 2 10 2 2 10 2 2 2 2 2
left_child=3 2 10 4 9 -4 7 8 -3 42 11 13 -12 19 -5 16 17 18 -8 31 21 -9 25 29 -25 26 38 28 -28 -24 -22 -2 -7 -34 35 -35 37 -13 39 -23 41 -27 48 44 -44 -10 -47 52 49 50 51 -1 54 -54 55 59 57 -17 -59 -38 -33 -14
right_child=1 6 5 14 -6 32 15 20 45 -11 12 36 61 -15 -16 56 -18 -19 -20 -21 30 22 23 24 -26 40 27 -29 -30 -31 -32 60 33 34 -36 -37 47 -39 -40 -41 -42 -43 43 -45 -46 46 -48 -49 -50 -51 -52 -53 53 -55 -56 -57 -58 58 -60 -61 -62 -63
leaf_value=0.073591525146778469 0.11935546745001197 0.079208003461360935 -0.076041690057541647 -0.067813226959948181 -0.042078952715774977 -0.038367942747400331 0.44081029190071697 -0.12027910209015796 0.45257063572960238 0.18697548769538602 -0.074495892285603313 -0.001420215245029381 0.062588412238759286 0.20287235114997362 -0.035814463550597496 -0.031992247596975755 -0.10350077898186796 0.072211765333064906 0.13905377086138226 0.19681377446651457 0.39504096868233035 0.10723156729122452 0.14192534359822792 0.17013490554425245 0.43278672930172513 0.13791448231041431 0.09959013817725712 -0.17000803295236366 -0.10609533185275589 -0.053371961513161661 0.12800693019628523 0.080371759022051931 -0.0056415966519296782 0.19839024782840614 -0.0075740773771247709 -0.0041650749285790057 0.05882582009859947 0.083851961494161256 -0.0062333635717604146 0.32109407557890962 0.036172586883253907 0.39177464869714546 0.04411284265861655 0.14031162854106652 -0.099565951077116507 0.1100787734246302 0.36922293802439154 -0.029689688928268787 -0.043777484264026743 -0.026092672350640413 0.054956835744587887 -0.055472503704229542 0.019638104186374312 0.17355964859335948 -0.020375451959665343 0.19643969737116124 0.091840552725585597 0.014914831155378902 0.1885670793014709 -0.01525667854558763 0.012203735234337439 -0.032824239381475419
leaf_weight=137 458 95 758 3547 2849 868 58 57 56 90 406 528 483 170 9377 484 51 201 131 130 52 626 249 163 70 60 193 78 82 75 75 551 1491 271 386 88 766 1364 142 52 51 62 506 189 111 62 59 595 903 1254 1082 378 294 201 877 91 325 175 107 430 766 246
leaf_count=137 458 95 758 3547 2849 868 58 57 56 90 406 528 483 170 9377 484 51 201 131 130 52 626 249 163 70 60 193 78 82 75 75 551 1491 271 386 88 766 1364 142 52 51 62 506 189 111 62 59 595 903 1254 1082 378 294 201 877 91 325 175 107 430 766 246
internal_value=3.42901e-06 0.0413081 0.0234511 -0.0325764 -0.0118605 -0.0126569 0.0973803 0.122398 0.226021 0.00665407 0.0401396 0.0475691 -0.00712766 0.081143 -0.0445965 0.0588576 0.120225 0.149481 0.231656 0.07028 0.108893 0.10057 0.107185 0.160437 0.249043 0.0851477 0.068371 -0.00776076 0.0382585 0.0967176 0.237344 0.0610128 0.00282173 0.0188113 0.0677498 0.148739 0.0340313 0.0600551 0.101145 0.123634 0.1989 0.266925 0.00309509 0.0468836 0.0182646 0.304819 0.236438 0.0189 -0.00630649 0.00556174 0.0304175 -0.021139 0.0297729 0.0821396 0.0177943 0.0438044 0.034052 0.00953332 0.0808042 0.0321908 0.0407235 0.0303916
internal_weight=36532 16109 12218 20423 7499 3862 3891 2359 272 4650 8356 7221 1135 2075 12924 1532 441 390 189 1905 2087 1960 1903 557 233 1346 1173 353 275 324 127 1775 3104 2236 745 359 5146 1892 820 678 173 122 4560 806 617 177 121 3254 3754 2851 1597 515 2659 495 2164 1287 1091 766 282 1196 1317 729
internal_count=36532 16109 12218 20423 7499 3862 3891 2359 272 4650 8356 7221 1135 2075 12924 1532 441 390 189 1905 2087 1960 1903 557 233 1346 1173 353 275 324 127 1775 3104 2236 745 359 5146 1892 820 678 173 122 4560 806 617 177 121 3254 3754 2851 1597 515 2659 495 2164 1287 1091 766 282 1196 1317 729
cat_boundaries=0 1 2
cat_threshold=2 1
is_linear=0
shrinkage=0.03


Tree=64
num_leaves=63
num_cat=0
split_feature=1 25 1 9 23 24 0 24 23 7 23 26 7 24 23 13 17 26 23 23 26 18 17 23 26 7 22 26 21 26 7 7 13 13 9 17 25 26 11 17 22 7 11 9 26 22 24 26 13 13 24 25 26 24 13 23 17 5 23 0 7 23
split_gain=54123.5 11054.6 10920 5184.83 4458.26 5027.67 4381.25 3851.69 4139.13 3694.65 3690.16 3570.31 3625.08 2973.12 2951.58 3501.46 2938.74 2700.12 2639.98 2594.69 2388.2 2358.26 2357.83 2337.67 2333.37 2432 2194.97 2441.92 2175.35 2911.9 2647.41 2087.71 2067.8 2056.94 2030.06 2039.99 2013.61 2013.02 1995.84 1935.96 1842.38 1802.11 1778.74 1734.4 1624.1 1563.12 1569.64 1532.08 1527.36 1985.02 2741.4 1591.06 1521.37 1499.12 1498.08 1533.74 1469.66 1449.57 1701.31 1418.43 1381.23 1380.51
threshold=24.950000000000003 73.197324022214261 39.975000000000009 12.251041666666667 9.2020833333333361 0.7000000000000004 64.100000000000009 0.90000000000000424 5.4937500000000012 32.925000000000004 11.172916666666671 308.50000000000006 17.016666666666669 12.300000000000004 6.6354166666666679 0.25000000000000006 29.050000000000004 43.500000000000007 6.2812500000000009 11.852083333333335 116.50000000000001 88.500000000000014 27.450000000000003 4.4062500000000018 585.50000000000011 45.94852941176471 0.87878364999916159 115.50000000000001 0.25881904510252091 485.00000000000006 32.925000000000004 46.100000000000009 -0.6830127018922193 0.93301270189221952 22.251041666666669 25.850000000000005 275.38433081270949 195.50000000000003 -0.5 26.350000000000005 -0.7603770116708749 12.950000000000001 0.37940952255126043 35.506250000000009 1618.5000000000002 0.56638466991089664 0.10000000000000361 1424.5000000000002 -0.93301270189221919 -0.5 0.40000000000000191 5.8533315417714968 77.500000000000014 0.15000000000000177 0.68301270189221941 7.3416666666666677 28.450000000000003 38.100000000000009 10.064583333333337 31.950000000000003 16.050000000000004 11.439583333333335
decision_type=10 10 10 10 10 10 8 10 10 10 10 2 8 10 10 2 2 2 10 10 2 2 2 10 2 10 2 2 2 2 10 10 2 2 8 2 10 2 2 2 2 10 2 8 2 2 10 2 2 2 10 10 2 10 2 10 2 8 10 8 8 10
left_child=1 3 7 40 5 6 23 8 21 19 13 17 -13 18 15 -11 38 32 -5 26 -19 -2 -21 -4 34 44 54 -28 33 31 -31 -30 39 -25 35 -10 -27 -24 -6 -7 -1 -8 -23 -29 -26 -40 -47 -18 -20 50 52 -51 53 -50 55 -3 -17 59 -59 -36 -39 -61
right_child=2 9 4 10 16 11 41 -9 24 14 -12 12 -14 -15 -16 56 47 20 48 22 -22 42 37 28 25 36 27 43 29 30 -32 -33 -34 -35 57 -37 -38 60 45 -41 -42 -43 -44 -45 -46 46 -48 -49 49 51 -52 -53 -54 -55 -56 -57 -58 58 -60 61 -62 -63
leaf_value=-0.069119198825395162 0.09793102015358196 0.022494276748225094 0.29296800528615713 0.02743216757623345 -0.15960916323696864 0.036578687642301835 0.1178726112180286 0.0032443688334634199 0.20999135520043116 0.36643999794826787 -0.069356426422813297 -0.015892317255062086 0.23868449627680885 -0.043143476339980898 0.03105698820093146 0.029001090506033098 0.12410011984105419 -0.21091617568096091 -0.068601401954664271 -0.10970458304114232 0.010824285820126534 0.13075466971271313 0.12130961891673095 0.1684795070509704 0.086309456832770429 0.10708591840160427 -0.037050663207487108 0.063028156078703587 0.072827785668855019 0.096053759943355202 0.34247590330013861 -0.098603844658748524 -0.072066578378989582 -0.0099493216403893064 0.01797803028693036 0.039791248407061788 0.35725150445366605 0.090992461180037537 -0.037137739408603855 0.27823502396161737 -0.040687241524218057 0.31598979021972889 0.37658265057537288 0.21705199491487789 -0.053581287979051984 0.025558068464368078 0.22612080549001692 -0.051868773087420883 0.061474724692216112 -0.0024489929326233736 -0.0051896431413044992 -0.04393426353299705 -0.061235026523470876 0.19266251859444697 0.024057567787118133 -0.047555918107108686 0.1670133139838775 0.0039668049604731533 -0.14319970450487479 0.068103401144771314 -0.047566564039041338 -0.041620457698220169
leaf_weight=3420 428 425 75 1661 68 70 54 2249 112 51 1281 81 133 2604 793 143 351 85 447 311 90 52 91 755 528 67 213 667 470 99 65 74 63 63 1907 146 51 74 213 52 5125 176 54 73 87 118 50 51 256 1487 1877 1889 60 113 1101 832 135 477 83 1190 518 113
leaf_count=3420 428 425 75 1661 68 70 54 2249 112 51 1281 81 133 2604 793 143 351 85 447 311 90 52 91 755 528 67 213 667 470 99 65 74 63 63 1907 146 51 74 213 52 5125 176 54 73 87 118 50 51 256 1487 1877 1889 60 113 1101 832 135 477 83 1190 518 113
internal_value=-0.000382421 -0.0241058 0.055954 -0.0343096 0.101872 0.122754 0.14704 0.0361359 0.0501063 0.0139118 -0.0213132 0.0452833 0.142326 -0.0153921 0.062398 0.13794 0.0428578 -0.0124032 -0.00611555 0.00127496 -0.0968782 0.129306 -0.0412324 0.129451 0.0412232 0.0904562 0.0140362 0.0524583 0.121414 0.0829133 0.193721 0.049508 0.0675056 0.154737 0.0322639 0.113677 0.215208 -0.010054 -0.0098928 0.13958 -0.0520667 0.269475 0.255988 0.0782224 0.06652 0.0168282 0.0852494 0.101776 -0.0152072 -0.0110067 0.0104481 -0.0256616 0.0788678 0.101649 -0.0014924 -0.0238715 0.0960214 0.0266925 -0.0178454 0.0344623 -0.0302467 0.0585878
internal_weight=36447 25647 10800 20220 3256 2405 1831 7544 5295 5427 11675 574 214 10394 1122 329 851 360 7790 4305 175 534 994 1601 4761 733 3311 953 1526 708 164 544 185 818 4028 258 118 683 449 122 8545 230 106 740 615 381 168 402 6129 5682 2306 3376 429 369 2358 1257 278 3770 560 3210 592 1303
internal_count=36447 25647 10800 20220 3256 2405 1831 7544 5295 5427 11675 574 214 10394 1122 329 851 360 7790 4305 175 534 994 1601 4761 733 3311 953 1526 708 164 544 185 818 4028 258 118 683 449 122 8545 230 106 740 615 381 168 402 6129 5682 2306 3376 429 369 2358 1257 278 3770 560 3210 592 1303
is_linear=0
shrinkage=0.03


Tree=65
num_leaves=63
num_cat=3
split_feature=0 0 16 24 1 26 23 26 26 24 24 23 12 23 23 16 26 26 21 26 26 7 9 26 0 5 24 7 12 12 26 15 14 26 26 7 23 9 0 5 3 16 9 14 7 5 26 22 17 22 24 14 17 7 26 26 26 26 23 3 17 0
split_gain=50642.7 15984.5 6100.88 5596.15 5287.21 4182.62 3935.06 3696.68 3792.29 3416.11 3275.89 3779.22 3308.95 5187.74 3268.5 3265.64 3414.04 3260.8 3065.86 3023.65 2822.25 2576.97 2365.35 2306.75 3080.08 3049.28 2175.03 2088.82 2069.02 1957.03 3944.96 2702.01 2540.22 2135.92 1863.56 2045.35 2153.2 1852.11 1849.42 1761.24 1758.67 2077.04 1600.45 2607.23 1650.45 1576.61 1874.89 1531.09 1519.82 1508.17 1706.2 1485.69 1434.64 1358.38 1658.75 1723.65 1345.32 1448.76 1335.01 1283.43 1233.35 1222.36
threshold=30.050000000000004 18.027027027027028 0 0.90000000000000424 46.100000000000009 407.00000000000006 7.3187500000000023 116.50000000000001 154.50000000000003 10.050000000000006 0.999999999999997 10.758333333333336 2.5000000000000004 4.4062500000000018 7.3416666666666677 1 936.50000000000011 995.00000000000011 0.25037047035109422 20.500000000000004 1774.0000000000002 20.025000000000002 21.695833333333336 269.50000000000006 75.15000000000002 36.95000000000001 0.50000000000000033 31.950000000000003 1.5000000000000002 3.5000000000000004 1179.0000000000002 1.0000000180025095e-35 0.6830127018922193 944.50000000000011 145.50000000000003 25.530952380952385 6.689583333333335 29.919791666666672 6.0500000000000007 42.95000000000001 43.100000000000009 2 40.838541666666679 1.0000000180025095e-35 14.925000000000002 25.81666666666667 1049.0000000000002 -0.83385407025023273 25.150000000000002 -0.87878364999916114 14.600000000000003 1.0000000180025095e-35 28.450000000000003 41.050000000000004 537.50000000000011 157.50000000000003 510.00000000000006 699.50000000000011 7.8437500000000009 44.100000000000009 23.450000000000003 26.525000000000002
decision_type=10 8 1 8 10 2 10 2 2 10 10 10 2 10 10 1 2 2 2 2 2 8 10 2 10 10 10 10 2 2 2 2 2 2 2 10 10 10 10 10 8 1 10 2 10 8 2 2 2 2 8 2 2 8 2 2 2 2 10 10 2 8
left_child=1 6 5 14 10 59 9 19 18 22 11 12 45 -14 17 61 49 28 -9 -6 23 -13 -1 25 29 -10 39 38 37 30 31 -25 -33 56 35 -12 -37 -3 -8 -21 -16 -42 -7 44 -44 48 -47 -40 -4 58 -51 -36 -23 -15 55 -55 -31 -58 -17 -2 -29 -5
right_child=2 3 4 15 7 42 27 8 20 -11 34 21 13 53 40 16 -18 -19 -20 26 -22 52 -24 24 -26 -27 -28 60 -30 33 -32 32 -34 -35 51 36 -38 -39 47 -41 41 -43 43 -45 -46 46 -48 -49 -50 50 -52 -53 -54 54 -56 -57 57 -59 -60 -61 -62 -63
leaf_value=-0.0014517886324276468 -0.014381660910889934 0.082211431532953225 0.3536083430714077 -0.034153930052341054 0.23271426373178308 0.13858583644246222 -0.093290945856513013 0.45591564282087177 0.24736782634662366 -0.042677799471141156 -0.075484687436799536 -0.15376745123153221 0.33312824750230424 0.075897504133856708 0.006119294825550908 0.0039151676898785352 0.16162999875748005 0.27163291919510812 0.15722231548468946 0.19540221422910689 -0.081303900267183773 -0.039605747424066064 0.10438702054616839 0.28203160760619422 0.38445457839652114 -0.0045348568978133023 -0.11801888020063686 0.14403416318408513 0.035592348029373222 0.18866255728403727 0.29654680150685847 0.098703384197782726 -0.085412706090458507 0.083852209057914073 0.16195965027596801 0.082455669636538789 -0.058095605499697042 0.24493384201506466 -0.057591843904328574 -0.039627575100399555 -0.012845874348864517 0.11329722811621201 -0.023380073561732259 -0.092170431260019531 0.18040698082158058 0.10776872545686865 0.23224879165775461 -0.034589846405016784 0.12746995575339445 0.019199502518588613 -0.032434190801043608 -0.0017685376224388558 0.10175368515934262 0.13711026276572275 0.11136097474243696 -0.038248585545947643 0.45729185648965381 0.23547377503705474 -0.059984689682722095 -0.1416499473333736 -0.0018629466096470278 -0.098994188365216063
leaf_weight=3210 733 501 54 958 55 244 730 65 59 2270 244 85 63 1007 3249 531 117 64 59 55 50 120 202 55 57 162 101 59 1492 90 97 300 87 73 125 280 151 72 4392 60 187 316 56 96 99 1014 122 6399 53 2611 739 83 140 59 127 348 53 53 660 79 449 360
leaf_count=3210 733 501 54 958 55 244 730 65 59 2270 244 85 63 1007 3249 531 117 64 59 55 50 120 202 55 57 162 101 59 1492 90 97 300 87 73 125 280 151 72 4392 60 187 316 56 96 99 1014 122 6399 53 2611 739 83 140 59 127 348 53 53 660 79 449 360
internal_value=0.000404729 -0.0166863 0.0735059 0.0102721 0.0871139 0.0151381 -0.0347342 0.134646 0.156265 -0.0141592 0.0692559 0.0834032 0.0947665 0.0662953 0.0310479 -0.0101735 0.00162319 0.0607381 0.313795 0.0341286 0.13907 -0.0103693 0.00481417 0.149216 0.171316 0.0627152 -0.0164372 -0.044453 0.0542019 0.15628 0.123297 0.0852757 0.0573129 0.22237 0.0181144 -0.00607869 0.0332138 0.102658 -0.047078 0.072778 0.0142008 0.0664011 0.0838739 0.0306878 0.106781 0.131507 0.121137 -0.0439518 0.241596 -0.00249943 0.00780926 0.0966258 0.0365109 0.0553865 0.0167076 -0.012828 0.27396 0.346383 -0.0314953 -0.0267637 0.0150818 -0.0518645
internal_weight=36481 29568 6913 11857 5606 1307 17711 1531 1260 5682 4075 3192 2847 1604 5881 5976 4658 2129 124 271 1136 345 3412 1086 865 221 216 12029 2065 808 539 442 387 269 883 675 431 573 11521 115 3752 503 495 251 155 1243 1136 10791 107 4541 3350 208 260 1541 534 407 196 106 1191 812 508 1318
internal_count=36481 29568 6913 11857 5606 1307 17711 1531 1260 5682 4075 3192 2847 1604 5881 5976 4658 2129 124 271 1136 345 3412 1086 865 221 216 12029 2065 808 539 442 387 269 883 675 431 573 11521 115 3752 503 495 251 155 1243 1136 10791 107 4541 3350 208 260 1541 534 407 196 106 1191 812 508 1318
cat_boundaries=0 1 2 3
cat_threshold=2 2 2
is_linear=0
shrinkage=0.03


Tree=66
num_leaves=63
num_cat=4
split_feature=8 25 8 24 23 16 16 16 23 24 14 24 23 14 21 7 23 25 7 17 26 16 14 14 26 23 23 6 24 23 18 5 6 26 23 24 23 23 25 14 24 7 26 26 24 4 23 7 8 25 5 7 7 15 23 4 11 9 7 14 3 23
split_gain=44520.4 9882.89 8743.56 6629.01 7527.76 6436.31 5876.31 4221.22 3352.13 3397.71 3248.18 3824.47 3164.07 3130.64 2873.91 2747.92 3058.92 2711.82 2679.09 3276.88 2634.59 4074.03 2558.18 2432.7 2419.51 2373.63 2264.93 2236.52 2156.25 2118.01 2832.44 2061.15 2050.66 2004.94 2000.97 1952.01 1805.94 1796.48 1796.11 1732.48 2304.28 2480.87 2205.45 1732.34 1650.24 1699.36 3156.69 1641.42 1585.82 1579.25 1550.06 1533.97 1984.84 1509.63 1503.48 1494.75 1490.35 1482.76 1398.96 2374.18 1607.5 1580.51
threshold=24.008333333333336 71.306031483875344 48.175000000000004 7.4500000000000073 5.4937500000000012 0 1 2 11.55625 0.10000000000000196 0.25000000000000017 1.4000000000000077 7.6104166666666684 0.25000000000000017 0.33379414889141273 45.029411764705891 6.5833333333333348 110.72393377685457 44.100000000000009 26.050000000000004 498.50000000000006 3 0.25000000000000017 0.6830127018922193 663.50000000000011 8.34791666666667 5.9729166666666673 52.100000000000009 1.0000000180025095e-35 6.9479166666666679 77.500000000000014 12.950000000000001 53.100000000000009 37.500000000000007 6.5312500000000009 15.350000000000003 4.6187500000000012 6.479166666666667 6.7169171360790694 -0.24999999999999994 1.1000000000000065 42.050000000000004 168.50000000000003 936.50000000000011 0.10000000000000196 35.016666666666673 9.235416666666671 4.025925925925927 10.991666666666669 478.49480366696014 24.050000000000004 26.525000000000002 23.910000000000004 1.0000000180025095e-35 11.610416666666671 6.0500000000000007 0.78656609248549303 29.293750000000003 32.925000000000004 1.0000000180025095e-35 54.20000000000001 10.106250000000003
decision_type=10 10 10 10 10 1 1 1 10 10 2 8 10 2 2 10 10 10 10 2 2 1 2 2 2 10 10 8 10 10 2 10 10 2 8 8 10 10 8 2 10 8 2 2 10 8 10 10 10 10 8 10 8 2 10 10 2 10 10 2 10 10
left_child=1 5 3 4 13 22 -3 8 9 37 36 38 20 -2 17 28 -17 47 -19 -20 29 -22 33 44 -5 -25 -23 -15 31 30 -4 -8 58 -1 55 48 -7 49 56 40 42 43 -30 -42 45 57 -47 -9 -24 -6 -39 52 -32 -50 -41 -13 -12 -16 59 61 -60 -14
right_child=2 6 12 24 7 10 15 14 -10 -11 11 34 32 27 23 16 -18 18 19 -21 21 26 35 25 -26 -27 -28 -29 39 -31 51 -33 -34 -35 -36 -37 -38 50 -40 54 41 -43 -44 -45 -46 46 -48 -49 53 -51 -52 -53 -54 -55 -56 -57 -58 -59 60 -61 -62 -63
leaf_value=-0.002557428594871024 -0.0035909190345300383 -0.019173743882084569 -0.018295191227398973 -0.041711621221565805 0.1372822777281959 0.019949128074606633 0.14882976900882922 -0.15242961728259136 -0.035790406209619145 0.03766068412025235 0.055493081533412134 0.13677545298790109 0.21065512409324155 0.134665003721715 0.066799901205341558 0.31018527968896226 0.075053684236031135 0.052387278230741102 0.38143561407047155 0.082769200564064879 0.38467986392525005 0.23806921660155056 0.19303714414102 -0.0007903926981420058 0.139408977029609 -0.085274506103823561 -0.01201661982861432 0.34129100425243381 0.13819935698450231 0.23051733165679206 0.21478692621709061 0.045519890225548136 0.0047327644701619619 -0.046271411556345766 -0.070101650466859233 -0.030729230584049791 -0.052619026032634686 0.19392518515690513 0.0052748015639515894 0.0061759552690875893 0.034236165847614464 0.29580425982089603 -0.050151674866498228 0.20593903944563507 -0.031437617355217051 0.11294180989779275 -0.18431510475190244 0.012618537631307689 0.065920907437899398 0.32160501136229586 0.079023452007647904 0.27583912880583239 -0.020572656230069698 -0.053486970743922661 -0.089512706711929235 -0.020169119802766287 0.22376844623684883 0.23116725790701556 0.096839028960641699 -0.051537526874753992 0.27524055307231293 0.02554310371194567
leaf_weight=3451 146 2504 141 1020 214 318 231 57 276 1333 225 58 102 826 111 68 186 1408 51 94 106 80 74 818 71 472 55 50 72 121 65 702 244 1300 1072 285 10488 115 972 786 251 51 251 67 166 87 51 1116 608 52 1302 66 64 113 182 936 60 89 102 95 82 70
leaf_count=3451 146 2504 141 1020 214 318 231 57 276 1333 225 58 102 826 111 68 186 1408 51 94 106 80 74 818 71 472 55 50 72 121 65 702 244 1300 1072 285 10488 115 972 786 251 51 251 67 166 87 51 1116 608 52 1302 66 64 113 182 936 60 89 102 95 82 70
internal_value=0.000259827 -0.0218568 0.0497203 0.0398418 0.0484579 -0.0315629 0.0143485 0.0384413 0.0642817 0.0734395 -0.0425069 -0.0165679 0.120104 0.125023 0.0196213 0.043832 0.138002 0.0390274 0.0650321 0.187817 0.16522 0.24548 -0.00504471 -0.00986634 -0.0299247 -0.0317024 0.136182 0.146459 0.0346075 0.122895 0.0841377 0.0710982 0.0747926 -0.0145187 -0.041672 0.0366322 -0.0504835 0.101778 0.024693 0.0140979 0.0503461 0.101564 -0.00816631 0.0704126 0.0460236 0.0840667 0.00308599 0.00459829 0.0607807 0.173315 0.0883486 0.158205 0.0980194 0.0472065 -0.0118151 -0.0110114 0.0909195 0.139943 0.112696 0.0688344 0.176344 0.135319
internal_weight=36629 25311 11318 9925 8834 19960 5351 7812 3292 3016 14129 3323 1393 1022 4520 2847 254 2726 1553 145 698 241 5831 1794 1091 1290 135 876 2593 457 336 933 695 4751 2066 1080 10806 1683 1257 1660 692 369 323 318 504 338 138 1173 795 266 1417 195 129 721 968 994 285 200 451 267 184 172
internal_count=36629 25311 11318 9925 8834 19960 5351 7812 3292 3016 14129 3323 1393 1022 4520 2847 254 2726 1553 145 698 241 5831 1794 1091 1290 135 876 2593 457 336 933 695 4751 2066 1080 10806 1683 1257 1660 692 369 323 318 504 338 138 1173 795 266 1417 195 129 721 968 994 285 200 451 267 184 172
cat_boundaries=0 1 2 3 4
cat_threshold=1 2 1 1
is_linear=0
shrinkage=0.03


Tree=67
num_leaves=63
num_cat=0
split_feature=0 24 1 6 26 12 26 22 22 0 7 21 26 6 26 24 13 26 26 7 7 26 0 9 7 26 13 6 22 12 26 13 26 26 13 26 12 14 21 18 26 26 26 6 15 6 24 7 26 13 13 12 26 12 7 24 7 2 13 7 24 5
split_gain=46155 12433.1 6865.51 5988.55 5312.74 4251.03 4211.18 3819.32 3482.53 3183.72 3109.83 2939.35 4236.52 2928.44 2920.41 2602.67 3032.63 2464.75 2462.18 3424.5 2672.7 2400.49 2384.9 2301.42 2296.6 2245.14 2149.68 2070.06 2027.04 2014.71 1993.42 1970 2260.73 2003.12 2761.9 1967.15 2490.51 2448.4 1863.81 1821.32 1785.73 3590.21 1703.95 2334.34 1639.52 1632.49 1621.2 1558.68 1554.37 2696.71 1519.15 1502.27 1494.58 2978.09 1459.44 1465.51 1440.91 1426.52 1419.41 2480.26 1399.21 1496.16
threshold=22.633333333333336 0.3000000000000036 45.029411764705891 66.40000000000002 103.50000000000001 2.5000000000000004 136.50000000000003 0.42261826174069955 -0.91702515554752051 10.025000000000002 51.20000000000001 0.1822285865217376 154.50000000000003 44.100000000000009 176.50000000000003 16.950000000000014 -0.5 126.50000000000001 164.50000000000003 33.850000000000009 23.910000000000004 25.500000000000004 52.100000000000009 53.03541666666667 13.050000000000002 1049.0000000000002 0.25000000000000006 12.15 -0.49240481012316833 1.5000000000000002 1660.0000000000002 0.68301270189221941 26.500000000000004 376.50000000000006 0.25000000000000006 336.00000000000006 2.5000000000000004 1.0000000180025095e-35 -0.28400453026986777 75.500000000000014 1324.0000000000002 657.50000000000011 269.50000000000006 35.016666666666673 1.0000000180025095e-35 19.041666666666668 9.2500000000000036 34.033333333333339 8.5000000000000018 0.25000000000000006 0.93301270189221952 3.5000000000000004 995.00000000000011 4.5000000000000009 16.050000000000004 2.000000000000004 7.2828571428571438 41.95000000000001 -0.93301270189221919 2.1000000000000005 2.7000000000000068 33.050000000000004
decision_type=8 8 10 10 2 2 2 2 2 10 10 2 2 10 2 10 2 2 2 10 10 2 10 10 10 2 2 10 2 2 2 2 2 2 2 2 2 2 2 2 2 2 2 8 2 10 10 8 2 2 2 2 2 2 8 10 8 10 2 10 10 10
left_child=4 2 3 5 9 7 24 25 46 45 31 12 17 52 18 16 27 -4 20 44 -10 48 28 -24 26 -2 -3 -11 42 -23 -27 32 -9 57 -35 36 -16 -38 -26 -37 41 -7 -8 -44 -20 -1 -6 -36 -18 -50 -43 -31 53 -14 -45 -56 -51 -34 -29 -60 -40 -62
right_child=1 6 11 -5 8 40 22 10 14 15 -12 -13 13 -15 35 -17 21 -19 19 -21 -22 29 23 -25 38 30 -28 58 -30 51 -32 -33 33 34 47 39 37 -39 60 -41 -42 50 43 54 -46 -47 -48 -49 49 56 -52 -53 -54 -55 55 -57 -58 -59 59 -61 61 -63
leaf_value=-0.055055971090899512 0.021372839968354589 -0.077441571934123613 0.21348831315214437 0.37509845088594235 -0.035659280782360532 0.026617048795987804 0.073944371507203163 0.21961901855017793 0.07458147159843212 -0.031093025162496738 0.32244303917733286 0.076910422837630762 0.090145894565402035 0.074986674332864239 0.019592939782887696 -0.058086188112574863 -0.048964170022510099 0.48607747028855719 0.16640736560534003 0.32571908635752539 -0.041001194033901706 -0.1152828109030196 0.30258568032791738 0.077369876686328401 0.033648961443607822 0.18640393035923875 0.045907361679443509 -0.023724608086740248 0.074911587340262528 -0.0013244229587508014 -0.032507564413547518 0.21329271731681601 0.048699896663900337 0.33914594588496466 -0.0062691145880690103 0.066518890693650717 -0.21243823740522838 -0.044710907975399714 0.02453024483549426 -0.012133295284288231 -0.053296282463375984 0.15095899691615419 -0.04891566287196851 -0.055421783704968058 -0.042968870728022919 0.036503936609469399 0.08832768630981444 0.15123150314480513 -0.019574084120514337 0.22184955439567566 -0.014955809227490829 -0.067342872221337169 0.29826241540232878 0.32565704683718433 0.021333282362812987 0.14908934511568234 0.047425519493262479 0.16188226563090991 -0.15380285043531741 0.025937183018577569 -0.014585568334229968 -0.090657985431308347
leaf_weight=5526 1035 669 72 52 1866 3364 295 114 596 1575 59 604 167 352 393 1797 1055 51 71 70 258 484 57 144 1090 149 157 836 673 480 50 129 953 55 79 525 103 327 530 535 211 314 556 102 64 181 100 199 1687 50 59 877 97 68 195 138 289 112 71 2576 924 311
leaf_count=5526 1035 669 72 52 1866 3364 295 114 596 1575 59 604 167 352 393 1797 1055 51 71 70 258 484 57 144 1090 149 157 836 673 480 50 129 953 55 79 525 103 327 530 535 211 314 556 102 64 181 100 199 1687 50 59 877 97 68 195 138 289 112 71 2576 924 311
internal_value=0.000802924 0.0431416 0.0666386 0.0543637 -0.0260199 0.0519402 0.00957159 0.079291 0.00156063 -0.0337621 0.108453 0.12696 0.16442 0.135272 0.0222186 -0.0248505 -0.0188661 0.326513 0.0620751 0.15544 0.0396631 -0.0356303 0.042825 0.141237 -0.00994139 0.0391164 -0.0539963 -0.00255261 0.0327276 -0.0627335 0.131401 0.100759 0.0911582 0.0806829 0.144903 -0.000196747 -0.0349958 -0.0848875 0.00280445 0.0268218 0.0316142 0.0364085 0.0106515 -0.00818952 0.0671475 -0.0521521 -0.0293527 0.106474 -0.0194353 -0.00405875 0.124715 -0.0439907 0.199188 0.158294 0.0438651 0.0742772 0.0731518 0.0606026 0.0103533 0.021116 -0.016244 -0.0337423
internal_weight=36578 14186 8345 6934 22392 6882 5841 2934 4908 17484 1700 1411 807 684 2942 11777 9980 123 1059 205 854 4922 2160 201 3681 1234 826 5058 1959 1841 199 1641 1512 1398 333 1883 823 430 2855 1060 3948 3737 1286 991 135 5707 1966 278 3081 2026 373 1357 332 235 435 333 339 1065 3483 2647 1765 1235
internal_count=36578 14186 8345 6934 22392 6882 5841 2934 4908 17484 1700 1411 807 684 2942 11777 9980 123 1059 205 854 4922 2160 201 3681 1234 826 5058 1959 1841 199 1641 1512 1398 333 1883 823 430 2855 1060 3948 3737 1286 991 135 5707 1966 278 3081 2026 373 1357 332 235 435 333 339 1065 3483 2647 1765 1235
is_linear=0
shrinkage=0.03


Tree=68
num_leaves=63
num_cat=3
split_feature=0 1 25 21 16 16 13 7 14 26 6 26 25 16 7 0 6 6 6 19 5 6 20 26 13 6 7 26 14 6 25 4 26 13 14 26 26 13 6 26 21 9 13 25 26 26 7 21 26 9 26 26 9 7 5 9 7 9 18 18 0 0
split_gain=42808.8 13571.8 4938.62 4652.24 4015.72 3590.1 2773.63 2756.62 2718.89 2686.56 2463.14 2461.87 2792.31 2408.19 2204.68 2155.3 2102.45 1998.11 1977.71 1914.55 1911.05 2905.82 1894.67 1862.73 2430.63 1849.8 2461.44 1840.87 1821.69 1755.4 1754.84 1870.56 1807.52 1717.44 2211.28 1682.94 3229.83 2025.25 1648.08 1562.08 1558.38 1558.89 1538.01 2778.67 2296.72 1835.21 1647.48 1528.11 2108.19 1483.65 1469.6 1466.21 1439.82 1414.42 1643.99 1337.87 1334.66 1597.77 1488 1661.85 1633.28 1328.75
threshold=20.980000000000004 39.975000000000009 52.016650317897792 0.15643446504023087 0 1 0.93301270189221952 32.925000000000004 0.25000000000000017 657.50000000000011 48.050000000000004 1541.5000000000002 108.4678936264857 2 44.100000000000009 66.40000000000002 19.983333333333338 12.15 26.016666666666669 5.3500000000000005 44.100000000000009 48.050000000000004 1.0000000180025095e-35 119.50000000000001 0.25000000000000006 24.050000000000004 57.150000000000006 20.500000000000004 1.0000000180025095e-35 30.050000000000004 604.9298509983513 33.050000000000004 266.50000000000006 -0.5 0.25000000000000017 19.500000000000004 31.500000000000004 -0.6830127018922193 24.683333333333337 288.50000000000006 0.22495105434386511 37.547916666666673 0.68301270189221941 268.57705242014049 464.00000000000006 431.50000000000006 32.925000000000004 0.9426055981926128 818.50000000000011 35.506250000000009 525.00000000000011 130.50000000000003 29.044791666666672 17.972972972972979 27.050000000000004 61.645833333333336 34.033333333333339 43.892708333333339 82.500000000000014 62.500000000000007 45.029411764705891 28.950000000000003
decision_type=8 10 10 2 1 1 2 10 2 2 8 2 10 1 10 8 10 8 8 2 8 10 2 2 2 8 10 2 2 10 10 8 2 2 2 2 2 2 10 2 2 10 2 10 2 2 10 2 2 10 2 2 10 10 8 10 8 10 2 2 10 10
left_child=4 2 8 11 14 16 9 22 17 20 40 12 19 -10 -1 53 -4 -2 -15 51 21 42 33 -9 -25 39 27 -27 -29 47 32 -32 -18 34 -6 38 -37 -38 -36 -5 41 -11 44 -44 45 52 -45 48 -30 -33 -26 -3 61 -14 -55 -17 57 -31 59 -58 -61 -7
right_child=1 3 5 25 7 6 -8 23 13 10 -12 -13 15 18 -16 55 30 -19 -20 -21 -22 -23 -24 24 50 26 -28 28 29 56 31 49 -34 -35 35 36 37 -39 -40 -41 -42 -43 43 46 -46 -47 -48 -49 -50 -51 -52 -53 -54 54 -56 -57 58 -59 -60 60 -62 -63
leaf_value=-0.0088101469682573402 -0.0890502402081043 0.093948185720409333 0.12241376781603321 0.031114139368659571 -0.033912280006217536 0.018273547702641522 -0.045467820797391506 -0.040394731862368159 0.05459301386171303 0.11716407505904232 -0.021900688630919304 -0.052095948593923823 0.078828904804795291 0.026845432237234547 0.12406891364895779 0.3668826042310051 0.074532242389331288 -0.011400343406935689 -0.041409510577639544 0.049219289307865045 -0.061840013473070533 0.23608356266443073 -0.055944330473242133 0.22723801618272607 -0.011635394190990947 0.24825323594590792 -0.087084714142686634 0.13228201720004867 0.090647258266006545 0.072122114816186383 0.031516738753856681 0.34151145658493043 0.017830572551994602 -0.042025209947998389 -0.026181877430808877 0.16825589385951401 0.1731631684240143 -0.015789235774673383 0.13700544142723084 -0.1822736714522426 0.023185147273972743 0.27801825726404783 0.017539318230736314 0.18551181490606969 -0.066238327326779992 0.15657301802573534 0.014239990199389665 -0.019762886533513664 0.29882209797540016 0.12024107971321792 0.11600278686452656 0.27006200551986692 -0.017598392516724293 0.3327560025930405 0.15390977842037032 0.17721247563683071 0.023936025825087918 -0.048673505157506389 -0.069903173572138738 0.034458618198449795 0.24439704541477467 0.086148320491034588
leaf_weight=4926 343 104 482 76 2472 1203 486 273 1135 355 155 68 215 877 115 69 974 2286 677 448 241 58 4386 66 251 52 92 295 149 147 82 50 1053 6334 777 157 59 379 60 52 131 64 478 189 304 87 69 60 62 60 120 72 759 50 618 65 139 299 57 52 93 331
leaf_count=4926 343 104 482 76 2472 1203 486 273 1135 355 155 68 215 877 115 69 974 2286 677 448 241 58 4386 66 251 52 92 295 149 147 82 50 1053 6334 777 157 59 379 60 52 131 64 478 189 304 87 69 60 62 60 120 72 759 50 618 65 139 299 57 52 93 331
internal_value=-3.57653e-05 0.0362612 0.0223444 0.0902296 -0.0290074 0.037843 0.0225612 -0.0366437 0.000163005 0.0300346 0.0837292 0.124786 0.132115 0.0213731 -0.00577879 0.162769 0.065623 -0.0215312 -0.00288983 0.082156 0.0198558 0.0255168 -0.0394465 0.0210842 0.059491 0.0538872 0.0632466 0.0730904 0.0663583 0.0479769 0.0532872 0.139971 0.0450765 -0.0323787 -0.0167278 0.0129369 0.0515104 0.00966326 -0.0144839 -0.0555747 0.113498 0.141734 0.0219458 0.0603642 0.0114107 0.0213289 0.139707 0.113829 0.151817 0.220819 0.0296492 0.165995 0.0161976 0.145756 0.167296 0.274878 0.0253011 -0.0088597 0.0699806 0.0980559 0.169109 0.0329193
internal_weight=36638 16263 12929 3334 20375 7611 4910 15334 5318 4424 705 1709 1641 2689 5041 1017 2701 2629 1554 624 3719 3478 14624 710 437 1625 1497 1405 1353 1058 2219 192 2027 10238 3904 1432 595 438 837 128 550 419 3420 736 2684 2380 258 271 211 110 371 176 2293 883 668 134 787 446 341 284 145 1534
internal_count=36638 16263 12929 3334 20375 7611 4910 15334 5318 4424 705 1709 1641 2689 5041 1017 2701 2629 1554 624 3719 3478 14624 710 437 1625 1497 1405 1353 1058 2219 192 2027 10238 3904 1432 595 438 837 128 550 419 3420 736 2684 2380 258 271 211 110 371 176 2293 883 668 134 787 446 341 284 145 1534
cat_boundaries=0 1 2 3
cat_threshold=1 1 1
is_linear=0
shrinkage=0.03


Tree=69
num_leaves=63
num_cat=0
split_feature=0 1 0 24 23 24 7 26 14 23 23 26 12 23 26 23 26 7 2 21 5 23 14 7 7 21 7 22 26 23 24 7 7 13 14 24 14 26 26 26 13 5 9 13 22 7 4 9 18 24 13 26 26 6 26 26 6 12 26 26 25 12
split_gain=39197 12747.8 4942.2 4566.04 3598.58 3547.19 3261.61 2906.47 2765.29 2677.12 2655.51 2547.92 2547.33 2414.17 2320.34 2461.46 2143.62 1949.63 2489.83 2224.47 1940.62 1931.03 2204.11 2412.06 2071.11 1908.03 1903.11 1882.76 1860.85 2216.37 2773.45 2272.4 1842.76 1992.43 1810.53 1765.07 2505.94 2342.64 1687.78 1663.64 1825.3 2293.79 1640.45 1624.52 1622.18 1605.54 1594.96 1580.48 1846.48 1545.74 1569.73 2558.67 1501.23 2100.9 2242.55 1668.26 1561.91 1504.17 1554.5 2161.08 1514.5 1509.7
threshold=31.950000000000003 18.235135135135138 48.050000000000004 0.20000000000000365 7.6854166666666686 0.10000000000000196 55.250000000000007 103.50000000000001 1.0000000180025095e-35 7.3187500000000023 4.4062500000000018 173.50000000000003 4.5000000000000009 11.610416666666671 88.500000000000014 7.6104166666666684 995.00000000000011 74.500000000000014 56.050000000000004 0.087155742747658152 45.94852941176471 5.939583333333335 0.25000000000000017 34.033333333333339 4.025925925925927 -0.49240481012316845 16.925000000000001 0.83385407025023306 376.50000000000006 6.2812500000000009 3.8000000000000047 37.050000000000004 14.925000000000002 0.68301270189221941 -0.5 8.0500000000000096 0.25000000000000017 77.500000000000014 976.50000000000011 722.00000000000011 1.0000000180025095e-35 29.657657657657662 22.627083333333335 0.25000000000000006 -0.16504132135358063 21.987500000000004 39.050000000000004 28.168750000000003 83.500000000000014 5.4000000000000083 -0.6830127018922193 19.500000000000004 537.50000000000011 6.9500000000000011 35.500000000000007 588.50000000000011 55.250000000000007 1.5000000000000002 326.50000000000006 440.50000000000006 153.84045844482785 2.5000000000000004
decision_type=10 8 10 8 10 10 10 2 2 10 10 2 2 10 2 10 2 8 10 2 8 8 2 8 10 2 10 2 2 10 10 8 8 2 2 10 2 2 2 2 2 10 10 2 2 10 8 10 2 10 2 2 2 10 2 2 10 2 2 2 10 2
left_child=1 4 5 9 7 6 10 12 11 16 -2 -9 35 52 46 17 32 18 20 -20 45 22 23 -5 -24 43 -6 34 29 30 31 47 -3 -34 -28 36 -1 49 44 40 41 -11 -10 -23 -30 -16 -4 -7 -49 50 51 -38 53 -12 -55 -54 57 -56 60 -60 -59 -62
right_child=2 3 14 21 26 28 -8 8 42 39 13 -13 -14 -15 15 -17 -18 -19 19 -21 -22 25 24 -25 -26 -27 27 -29 38 -31 -32 -33 33 -35 -36 -37 37 -39 -40 -41 -42 -43 -44 -45 -46 -47 -48 48 -50 -51 -52 -53 55 54 56 -57 -58 58 59 -61 61 -63
leaf_value=-0.014003619420691784 0.25165210365439239 0.14854219551343534 0.13564414758980273 -0.04637859998054282 -0.049829437945146327 0.021053800995647909 0.24287797959352081 0.26703389283407614 -0.01343414388140541 0.058411044847390119 -0.11086805338660875 0.052989600999778459 -0.055208705521439055 -0.046318565249004781 0.079167959487663114 0.08982501740008593 0.2415811885874076 -0.0035334061200802142 0.33726194122045389 0.1588921668004673 0.063598052686766576 -0.0067389522623184936 -0.12711612309347839 0.08223509395325726 0.072406118111192089 -0.024627435588679265 -0.0099890436828112186 0.034312639850516163 0.068637668998353746 -0.028300620853680777 -0.013845783462261178 -0.058528171133995055 0.030196165301553335 0.1283739827083398 -0.054106590442132632 -0.028372673019408604 0.042647646200238608 -0.11763266575687072 -0.036329451110213989 0.057650504319312817 -0.019961426926008798 -0.033390990559679992 0.15221959832750381 0.051322260106270362 0.22207253639243152 0.28487630341202019 -0.056953352354765958 0.12389386313945748 0.33485090800984335 0.15280232622219411 0.0064618745062410103 0.2590745529394759 0.22980696023605071 0.19876394387299767 0.09948614679643028 0.090111330110042714 0.20608455348880061 0.025841397065045443 -0.059100477572858003 0.097892352692984241 0.18836841913140262 0.065485440216417237
leaf_weight=1489 69 173 60 516 7338 50 99 81 456 833 63 131 1406 170 53 675 58 52 142 113 171 1438 50 176 737 4097 1728 445 337 825 287 50 1236 219 1624 2171 171 68 108 667 1317 347 61 621 76 96 109 86 66 149 372 69 97 107 477 372 62 627 273 111 121 351
leaf_count=1489 69 173 60 516 7338 50 99 81 456 833 63 131 1406 170 53 675 58 52 142 113 171 1438 50 176 737 4097 1728 445 337 825 287 50 1236 219 1624 2171 171 68 108 667 1317 347 61 621 76 96 109 86 66 149 372 69 97 107 477 372 62 627 273 111 121 351
internal_value=7.00771e-05 -0.0141614 0.0677991 0.00906774 -0.0304921 0.0532799 0.0735494 -0.0129831 0.0435265 0.0318308 0.0677689 0.134771 -0.0199713 0.0632871 0.116006 0.12958 0.0623641 0.172379 0.188287 0.25822 0.13256 -0.00539209 0.0253885 -0.0136676 0.05973 -0.0127872 -0.0409079 -0.0236663 0.0210315 0.00260965 0.0499213 0.122545 0.0559792 0.0449734 -0.0313634 -0.00893456 0.00927086 0.0510751 0.0692607 0.0155605 0.00431739 0.031415 0.00611108 0.0107725 0.0968727 0.211705 0.0114245 0.167365 0.215494 0.0661501 0.0450534 0.10487 0.0702894 0.0598665 0.0649188 0.119004 0.0578359 0.0531464 0.0382415 -0.0137197 0.0563972 0.0969872
internal_weight=36599 30244 6355 12485 17759 4884 2999 6624 729 4850 2900 212 5895 2831 1471 1302 1686 627 575 255 320 7635 1479 692 787 6156 11135 3797 1885 1364 539 252 1628 1455 3352 4489 2318 829 521 3164 2497 1180 517 2059 413 149 169 202 152 761 612 240 2661 2192 2129 469 2022 1960 1483 384 1099 472
internal_count=36599 30244 6355 12485 17759 4884 2999 6624 729 4850 2900 212 5895 2831 1471 1302 1686 627 575 255 320 7635 1479 692 787 6156 11135 3797 1885 1364 539 252 1628 1455 3352 4489 2318 829 521 3164 2497 1180 517 2059 413 149 169 202 152 761 612 240 2661 2192 2129 469 2022 1960 1483 384 1099 472
is_linear=0
shrinkage=0.03


Tree=70
num_leaves=63
num_cat=2
split_feature=0 24 16 0 26 1 16 9 12 22 9 14 7 25 26 24 14 25 18 15 9 17 7 22 26 18 1 9 0 7 7 26 1 12 7 12 26 9 19 7 1 24 12 22 0 7 26 26 21 17 26 8 8 26 3 19 18 22 12 26 26 5
split_gain=37352.9 11034.7 6530.55 5174.98 4591.9 4479.64 3728.21 3715.32 2968.17 5614.13 3530.75 3175.11 3406.22 2604.32 2484.32 2341.89 2349.25 4047.92 3675.91 6269.44 3348.72 2424.04 2404.17 2180.96 2893.61 2061.76 2088.58 3079.9 1760.62 1677.26 1647.03 1837.45 1595.41 1658.74 2112.65 2470.41 1771.88 1571.74 1562.45 1535.96 1892.83 1529.91 1764.96 2350.96 1485.37 1483.71 1767.81 1497.74 1460.19 1821.47 1445.6 1576.19 1540.4 1784.93 1444.88 1397.3 1340.37 1455.64 1858.02 1628.78 1335.59 1318.35
threshold=21.987500000000004 2.5000000000000018 0 34.966666666666676 880.00000000000011 12.225000000000001 1 59.775000000000013 1.5000000000000002 0.300694349548842 37.547916666666673 0.93301270189221952 36.875000000000007 21.778953839023966 308.50000000000006 0.19999999999999998 0.6830127018922193 422.20481698606761 86.500000000000014 1.0000000180025095e-35 42.22708333333334 23.650000000000002 44.100000000000009 -0.83385407025023273 103.50000000000001 44.500000000000007 75.15000000000002 59.775000000000013 60.050000000000004 12.820370370370373 34.033333333333339 148.00000000000003 46.100000000000009 1.5000000000000002 19.041666666666668 3.5000000000000004 41.500000000000007 22.136458333333341 6.7500000000000009 28.050000000000004 42.95000000000001 7.0500000000000034 5.5000000000000009 0.66913060635885813 59.750000000000007 3.0444444444444447 423.00000000000006 35.500000000000007 0.095842103007655818 27.450000000000003 139.50000000000003 40.808333333333344 38.759558823529424 326.50000000000006 25.936486486486487 11.65 88.500000000000014 -0.80382625221112003 3.5000000000000004 376.50000000000006 77.500000000000014 37.050000000000004
decision_type=8 8 1 8 2 10 1 10 2 2 10 2 10 10 2 10 2 10 2 2 10 2 10 2 2 2 10 10 10 10 10 2 10 2 10 2 2 10 2 10 10 10 2 2 10 10 2 2 2 2 2 10 10 2 10 2 2 2 2 2 2 10
left_child=5 2 3 13 6 41 32 8 9 -4 11 12 -11 -2 -12 16 17 45 20 21 22 -20 39 -7 -25 -5 27 28 55 -17 31 -26 33 -3 -35 38 -37 -15 -36 40 -18 42 43 -1 -9 -10 47 -47 -22 -50 51 -8 53 -52 -13 -27 57 -39 59 -59 -41 -49
right_child=1 4 7 25 -6 23 50 44 15 10 14 54 -14 37 -16 29 18 -19 19 -21 48 -23 -24 24 30 26 -28 -29 -30 -31 -32 -33 -34 34 35 36 -38 56 -40 60 -42 -43 -44 -45 -46 46 -48 61 49 -51 52 -53 -54 -55 -56 -57 -58 58 -60 -61 -62 -63
leaf_value=-0.031213242740010489 -0.0121356275939399 -0.034438370537430603 -0.00075348288445677765 0.22661011193479808 0.23405436004911151 -0.031225288131261845 -0.053516524439035845 0.29860491458914779 -0.055501503089121704 0.097405948718394267 0.13371302275763203 0.060356394196502294 0.32976727883021034 0.13697171288447738 0.39278200058687118 -0.075791781648032117 0.015788011360618342 0.16091098384997501 0.1311695935577154 -0.036884917284433653 0.023761387027800084 0.39560162391742831 0.1802437128198065 -0.014349026120150149 0.075029207071456216 0.11284881592852025 0.29636891548633576 -0.073499698493291035 0.24666317360310616 0.0037117122565285118 0.080299550215146884 -0.0046340039978518396 0.13114752931448703 -0.016376357792089853 0.17892353940935385 0.073448071136792414 -0.040328611270302815 0.018090628298872063 0.049728208346316562 -0.16227991643277082 0.19309647118182557 -0.053890939067367812 -0.073439074420155237 0.033351438878488737 0.10773246657211803 0.092666681787657842 0.097137800586340445 0.011760993088210553 -0.22454540123005171 -0.036768164123408498 0.031326090117606023 -0.22225396163403413 0.082962818072831374 -0.088513330344616517 -0.10148342325636431 0.039876576134689583 -0.028411385427229107 0.094766373177561578 0.034537623640394109 0.22543976690484718 -0.018970608221334576 -0.11966681007558808
leaf_weight=3559 511 535 702 133 70 4120 1190 57 145 575 72 104 63 236 62 341 1098 283 60 117 60 65 73 6272 335 1602 50 88 79 797 419 1173 104 580 186 241 252 424 154 66 57 4387 702 592 103 164 389 358 111 80 216 52 141 232 95 277 160 391 366 110 517 85
leaf_count=3559 511 535 702 133 70 4120 1190 57 145 575 72 104 63 236 62 341 1098 283 60 117 60 65 73 6272 335 1602 50 88 79 797 419 1173 104 580 186 241 252 424 154 66 57 4387 702 592 103 164 389 358 111 80 216 52 141 232 95 277 160 391 366 110 517 85
internal_value=7.13953e-05 0.0362911 0.0515882 0.0798615 -0.00676356 -0.0252618 -0.0111049 0.0329039 0.0294092 0.0638797 0.110607 0.0877179 0.120351 0.0471981 0.253581 0.0175577 0.0290565 0.0593489 0.0103341 0.120945 -0.00264746 0.268674 0.0115854 -0.0134184 -0.00447036 0.112071 0.104803 0.100121 0.107924 -0.0201114 0.0276827 0.0130631 0.0166631 0.010551 0.0275851 0.0581946 0.0152904 0.0651706 0.120406 0.00450141 0.0245383 -0.0410517 -0.0294453 -0.0220053 0.175731 0.0341586 0.0472115 0.015216 -0.10534 -0.145895 -0.0422243 -0.0605812 -0.00351596 -0.0307336 -0.0169038 0.102091 0.0534924 0.0636431 0.0859202 0.123457 -0.0351943 -0.0134565
internal_weight=36638 15079 11126 4427 3953 21559 3883 6699 6539 1673 971 837 638 2198 134 4866 3728 1424 2304 242 2062 125 1811 12319 8199 2229 2096 2046 1958 1138 1927 1508 2052 1948 1413 833 493 1687 340 1738 1155 9240 4853 4151 160 1141 996 607 251 191 1831 1242 589 448 199 1879 1451 1291 867 501 583 443
internal_count=36638 15079 11126 4427 3953 21559 3883 6699 6539 1673 971 837 638 2198 134 4866 3728 1424 2304 242 2062 125 1811 12319 8199 2229 2096 2046 1958 1138 1927 1508 2052 1948 1413 833 493 1687 340 1738 1155 9240 4853 4151 160 1141 996 607 251 191 1831 1242 589 448 199 1879 1451 1291 867 501 583 443
cat_boundaries=0 1 2
cat_threshold=1 1
is_linear=0
shrinkage=0.03


Tree=71
num_leaves=63
num_cat=3
split_feature=0 26 16 23 24 23 1 24 13 26 14 24 22 7 13 26 26 23 23 14 8 13 16 26 26 26 22 26 14 16 7 22 22 14 26 26 26 23 11 26 26 23 7 4 23 7 26 23 25 7 26 22 25 8 7 23 14 23 24 26 23 26
split_gain=37412.8 9820.93 5855.94 5347.19 5223.37 5739.48 3708.53 3369.83 3345.4 2909.13 2763.43 2721.76 2571.03 2591.41 2556.11 2554.8 2361.34 2410.49 2278.26 3773.14 3196.41 2233.02 2648.76 2188.5 3901.68 3687.75 2170.65 2673.72 2679.72 2511.11 2196.77 1970.52 1926.66 2199.34 3005.65 3409.93 1869.09 1857.8 1834.74 1721.55 3024.08 2107.82 1785.04 1749.13 1712.88 2192.46 1694.85 1690.69 1681.87 4540.4 1990.91 1680.17 1668.62 1658.88 1580.88 1521.72 1586.91 1493.68 1789.46 1474.72 1413.1 1412.82
threshold=28.950000000000003 103.50000000000001 0 7.3187500000000023 0.30000000000000371 5.293750000000002 46.100000000000009 9.2500000000000036 -0.5 115.50000000000001 0.25000000000000017 15.350000000000003 0.19080899537654503 28.050000000000004 -0.24999999999999994 184.00000000000003 995.00000000000011 4.481250000000002 9.6229166666666703 1.0000000180025095e-35 68.075000000000003 -0.6830127018922193 1 242.50000000000003 187.50000000000003 623.50000000000011 -0.91702515554752051 800.50000000000011 1.0000000180025095e-35 2 28.950000000000003 0.087155742747657958 0.53727914962411594 1.0000000180025095e-35 976.50000000000011 464.00000000000006 37.500000000000007 11.72916666666667 0.60355339059327384 563.50000000000011 1351.0000000000002 8.7479166666666703 19.041666666666668 40.166666666666679 9.3187500000000032 35.016666666666673 308.50000000000006 8.4270833333333375 257.1675852675026 36.050000000000004 148.00000000000003 0.50751903745502724 661.02229742163161 31.016666666666669 21.987500000000004 5.5708333333333355 0.25000000000000017 8.1562500000000018 0.60000000000000486 129.50000000000003 11.852083333333335 264.50000000000006
decision_type=10 2 1 10 10 10 8 8 2 2 2 8 2 8 2 2 2 10 10 2 10 2 1 2 2 2 2 2 2 1 10 2 2 2 2 2 2 10 2 2 2 10 8 10 10 10 2 10 10 8 2 2 10 10 10 10 2 10 10 2 10 2
left_child=1 2 10 15 5 23 39 8 12 21 36 14 -4 55 -12 48 17 -17 19 54 -21 22 53 24 38 -25 27 -5 30 -28 -29 -19 33 34 35 -11 60 -30 -2 41 42 61 -41 -43 45 -44 -34 -16 49 50 59 -51 -20 -6 -8 56 -14 58 -23 -3 -1 -7
right_child=4 3 7 26 9 6 18 -9 -10 32 11 -13 13 -15 47 16 -18 31 52 20 -22 57 -24 25 -26 -27 29 28 37 -31 -32 -33 46 -35 -36 -37 -38 -39 -40 40 -42 43 44 -45 -46 -47 -48 -49 -50 51 -52 -53 -54 -55 -56 -57 -58 -59 -60 -61 -62 -63
leaf_value=-0.00027541599802469722 0.10134714905527376 0.079078198842266023 -0.028468736440569763 -0.047358646621883473 -0.0081743129977473513 0.076117611855627335 0.19872115678562804 -0.058189872815297604 -0.045232150264302814 0.036987254669151773 0.079378744684991398 -0.039831454419382233 0.010155140588111761 -0.052909580584514782 0.042049173248151953 0.21879524843801149 0.21815943074187841 -0.014080337190249929 0.072214676122992566 0.086311234280399246 0.29470291604262749 0.13510425664298237 -0.033455078876786386 0.066852421884184055 0.44987414341223869 0.34826684889793391 0.060063838107077029 0.023578393615951591 0.069925582824458543 -0.0019107682110386084 0.17093058541497524 0.052111837836717689 0.079594517347627666 -0.021709688316978198 -0.12919534098662314 0.18714115848998691 -0.049652377465624856 -0.053867597169462281 0.30406067248118124 0.024577451475585502 -0.043295291340139909 0.022342604413276648 0.12488436355255544 -0.081378405766392284 0.10263419511917869 0.33978082227339212 0.27708733126268548 -0.11459047191629283 -0.019337762976470201 0.18317553701432976 -0.0073649490030811109 0.40326020982530381 -0.11699563508996597 0.15573728710049919 0.40895047245160587 0.021409578088299054 0.15789816600012491 -0.11676036704149738 -0.038589344491502885 0.23579875601357536 -0.086002119806196001 0.025084423014400368
leaf_weight=3521 126 187 2487 1677 81 1308 82 4968 4591 371 876 357 108 370 136 55 58 866 217 632 74 60 245 259 57 50 759 264 142 2618 139 760 116 355 61 215 1061 471 59 144 127 868 96 176 309 77 59 114 92 74 170 54 52 177 53 1217 166 192 484 76 182 779
leaf_count=3521 126 187 2487 1677 81 1308 82 4968 4591 371 876 357 108 370 136 55 58 866 217 632 74 60 245 259 57 50 759 264 142 2618 139 760 116 355 61 215 1061 471 59 144 127 868 96 176 309 77 59 114 92 74 170 54 52 177 53 1217 166 192 484 76 182 779
internal_value=-0.000151429 -0.0161546 -0.0275427 0.0109683 0.0573725 0.0734127 0.0632745 -0.0383809 -0.0273717 0.0205583 -0.00341475 0.0323475 -0.00851311 0.0181552 0.0552319 0.0489576 0.0299588 0.0234653 0.111633 0.135941 0.108154 -0.0115271 0.0371906 0.1653 0.23286 0.112389 -0.00400207 -0.0240916 0.0143128 0.0120184 0.0744021 0.0168582 0.0543338 0.0382932 0.0712159 0.0920779 -0.0145473 -0.0251912 0.165996 0.0494542 0.0901815 0.0396593 0.117261 0.00485707 0.14495 0.220532 0.146178 -0.0293785 0.0995532 0.11905 0.0726473 0.276024 0.0356387 0.104277 0.281256 0.0357903 0.0996637 -0.044822 -0.019432 0.124366 -0.00448883 0.0570688
internal_weight=36577 28616 20154 8462 7961 5545 4994 13907 8939 2416 6247 1483 4348 1861 1126 2392 1739 1681 1110 841 706 1239 503 551 242 309 6070 2693 1016 3377 403 1626 1177 1002 647 586 4764 613 185 3884 753 3131 626 1044 482 173 175 250 653 561 433 128 269 258 135 1491 274 736 544 263 3703 2087
internal_count=36577 28616 20154 8462 7961 5545 4994 13907 8939 2416 6247 1483 4348 1861 1126 2392 1739 1681 1110 841 706 1239 503 551 242 309 6070 2693 1016 3377 403 1626 1177 1002 647 586 4764 613 185 3884 753 3131 626 1044 482 173 175 250 653 561 433 128 269 258 135 1491 274 736 544 263 3703 2087
cat_boundaries=0 1 2 3
cat_threshold=1 1 1
is_linear=0
shrinkage=0.03


Tree=72
num_leaves=63
num_cat=5
split_feature=0 26 16 8 22 24 13 24 19 6 16 7 24 26 13 26 26 7 16 26 9 7 26 7 21 25 26 26 16 4 6 6 4 6 15 24 8 0 9 6 1 21 17 26 6 26 12 13 7 13 16 0 8 22 18 12 7 7 26 13 21 6
split_gain=35560 10264.3 5315.94 4271.05 4268.34 3359.35 3795.66 2964.89 2806.26 2898.79 2529.82 2291.28 2017.08 1977.42 2584.72 1908.07 3301.19 1897.01 1832.65 1990.79 1874.23 1812.16 1801.85 1685.04 2226.2 2189.69 2312.07 2478.01 2152.53 1929.65 1668.08 1640.13 1713.6 1633.6 1600.85 1599.98 1928.68 1595.18 1588.34 1568.52 1565.9 1549.88 1595.79 2109.96 1472.81 1438.85 1532.2 1507.13 1428.97 1686.11 1403.84 1653.46 1600.83 1393.45 1379.41 1441.95 1377.29 1362.97 1342.27 1310.93 1294.61 1280.03
threshold=30.050000000000004 103.50000000000001 0 48.175000000000004 -0.87878364999916114 6.6500000000000092 -0.5 0.60000000000000486 8.7500000000000018 63.20000000000001 1 24.616666666666671 1.8000000000000045 115.50000000000001 -0.6830127018922193 1541.5000000000002 1179.0000000000002 36.050000000000004 2 563.50000000000011 22.501041666666669 34.033333333333339 995.00000000000011 16.833333333333339 0.44618082326431213 533.52045197331279 84.500000000000014 154.50000000000003 3 60.050000000000004 45.029411764705891 34.033333333333339 41.95000000000001 14.050000000000002 1.0000000180025095e-35 10.750000000000004 31.291666666666668 52.100000000000009 45.803921568627452 33.050000000000004 41.95000000000001 0.37460659341591213 32.050000000000004 45.500000000000007 63.20000000000001 35.500000000000007 1.0000000180025095e-35 -0.5 6.9500000000000011 0.25000000000000006 4 13.425000000000002 8.9958333333333353 0.0087262032186415824 93.500000000000014 1.5000000000000002 17.016666666666669 22.050000000000004 251.50000000000003 0.68301270189221941 0.087155742747658152 41.050000000000004
decision_type=10 2 1 10 2 8 2 10 2 10 1 10 10 2 2 2 2 10 1 2 8 8 2 10 2 10 2 2 1 8 8 8 10 10 2 10 8 10 8 8 10 2 2 2 8 2 2 2 8 2 1 10 10 2 2 2 8 8 2 2 2 8
left_child=1 2 11 7 17 6 12 8 9 18 -6 45 21 14 61 16 23 50 19 38 -20 33 -12 28 25 26 -25 -28 -5 53 37 32 -22 -4 35 36 54 -29 -2 -19 -16 44 43 -43 -10 46 -1 -47 49 -8 52 -52 -3 -26 55 -13 -45 -33 -30 -18 -59 -9
right_child=3 4 5 15 10 -7 48 13 41 -11 22 34 -14 -15 40 -17 59 39 20 -21 31 -23 -24 24 29 -27 27 30 58 -31 -32 57 -34 -35 -36 -37 -38 -39 -40 -41 -42 42 -44 56 -46 47 -48 -49 -50 -51 51 -53 -54 -55 -56 -57 -58 60 -60 -61 -62 -63
leaf_value=-0.05019886305346527 0.099742640598423499 -0.13048253275665708 -0.0022258808505399618 0.14036618638137155 0.064949892955526958 -0.052023290335553064 -0.017004498614685906 -0.0014231380753012167 0.060068833110206998 0.301757593719432 0.012447291644544273 -0.036504898564737355 -0.023567431985001931 0.053982970105122229 -0.045806922820269075 -0.045052622608516529 0.18504612848162649 0.013320431502349218 0.22719801171786255 0.20827270182063026 0.057218871963711108 -0.079666583522850151 0.09810740110750954 -0.010812738669930762 0.19944350173696876 -0.02776535459435903 0.33391094532562421 0.13160316478461026 -0.14480383662240845 -0.077254438039821557 0.11461811920563722 0.067760137530124692 0.18627352457493543 0.056988226825487168 -0.12130126827749711 -0.018104845558702471 0.23981034752200631 0.34711086254404938 -0.042829560931085753 0.14281602604982427 -0.2140377071068475 0.1327726484632826 0.10150645014384518 -0.19886151820421219 -0.095652789434996152 -0.0061748382591661479 0.0032154584106756042 -0.07560268349915554 -0.048721661302280866 0.1629474714398384 0.053396499958371035 -0.019181693706724748 -0.032967979458746619 0.040541952852771145 0.16355165079631301 0.060389184540203589 -0.037846681991711664 0.050924463301208339 0.029709298706421739 0.38039906018972397 -0.070964780031703409 0.11981844609830436
leaf_weight=561 942 176 767 121 1309 6687 214 216 950 52 3980 183 1759 552 394 69 81 409 54 144 784 147 234 53 80 52 96 56 56 74 232 207 105 925 58 314 51 69 76 106 57 58 92 56 58 538 3491 590 3526 60 348 1501 1089 131 86 565 327 119 136 50 230 123
leaf_count=561 942 176 767 121 1309 6687 214 216 950 52 3980 183 1759 552 394 69 81 409 54 144 784 147 234 53 80 52 96 56 56 74 232 207 105 925 58 314 51 69 76 106 57 58 92 56 58 538 3491 590 3526 60 348 1501 1089 131 86 565 327 119 136 50 230 123
internal_value=-0.000200355 -0.0145082 -0.0262909 0.0608714 0.0119129 -0.036613 -0.0226837 0.0492963 0.0615612 0.079925 0.0285201 -0.00370501 -0.000600123 0.0104179 -0.0200225 0.10864 0.11688 -0.0133619 0.0755901 0.103867 0.0536701 0.0213681 0.0172039 0.100706 0.122776 0.157617 0.176668 0.198603 0.0412644 0.0545602 0.162218 0.0471853 0.0724615 0.0301459 0.0326292 0.0400753 0.0607178 0.250563 0.0890987 0.0399739 -0.0670689 0.0292309 -0.0121439 -0.0358533 0.0511087 -0.012522 -0.00417976 -0.042489 -0.0435933 0.022401 -0.0221827 -0.00552176 -0.0465352 0.100789 0.0497661 0.0366838 -0.0613893 0.00677061 -0.0211904 0.259608 -0.0294037 0.0425672
internal_weight=36626 29674 20522 6952 9152 14085 7398 5596 4254 2713 5523 6437 3598 1342 790 1356 1287 3629 2661 1162 1499 1839 4214 1156 843 558 506 453 313 285 357 1445 889 1692 1257 1199 885 125 1018 515 451 1541 533 441 1008 5180 4052 1128 3800 274 3114 1849 1265 211 834 748 383 556 192 131 349 339
internal_count=36626 29674 20522 6952 9152 14085 7398 5596 4254 2713 5523 6437 3598 1342 790 1356 1287 3629 2661 1162 1499 1839 4214 1156 843 558 506 453 313 285 357 1445 889 1692 1257 1199 885 125 1018 515 451 1541 533 441 1008 5180 4052 1128 3800 274 3114 1849 1265 211 834 748 383 556 192 131 349 339
cat_boundaries=0 1 2 3 4 5
cat_threshold=1 1 1 1 2
is_linear=0
shrinkage=0.03


Tree=73
num_leaves=63
num_cat=5
split_feature=1 25 1 6 16 24 23 16 12 24 13 7 24 16 23 13 23 7 14 13 12 14 12 12 6 25 7 12 24 14 9 7 26 26 21 23 13 26 12 10 9 23 17 14 7 24 23 14 8 23 23 13 12 16 22 23 26 14 19 16 19 7
split_gain=31843.1 7380.94 5999 5185.99 4269.88 3833.52 3549.4 3525.26 2707.74 2474.18 2810.87 2423.14 2375.34 2368.97 2894.79 2272.46 2253.49 2339.56 2060.83 1979.6 1894.13 1888.39 1888.34 3652.2 2639 1820.8 1706.62 1952.36 1696.14 2034.04 3839.09 2317.28 2609.91 2234.63 2005.46 1688.16 1679 1877.55 1809.07 1665.15 1804.11 1573.85 1549.38 1542.8 2682.11 2037.35 1605.97 1531.79 1507.54 1506.03 1505.84 1499.93 1973.75 1492.24 1473.68 1797.52 1758.81 1449.73 1688.96 1456.34 1421.89 1417.2
threshold=24.050000000000004 91.747104074190801 48.050000000000004 71.500000000000014 0 7.4500000000000073 5.4937500000000012 1 1.0000000180025095e-35 5.0500000000000052 -0.5 45.029411764705891 1.0000000180025095e-35 2 11.610416666666671 -0.93301270189221919 7.637500000000002 46.100000000000009 0.6830127018922193 0.25000000000000006 4.5000000000000009 0.6830127018922193 2.5000000000000004 1.0000000180025095e-35 33.850000000000009 533.52045197331279 26.525000000000002 2.5000000000000004 0.19999999999999998 0.6830127018922193 20.689583333333335 43.100000000000009 233.50000000000003 498.50000000000006 0.28400453026986799 6.5604166666666677 0.25000000000000006 230.50000000000003 1.5000000000000002 0.60355339059327384 47.420833333333334 9.1687500000000028 23.950000000000003 0.25000000000000017 34.033333333333339 2.3000000000000056 5.0520833333333348 0.25000000000000017 19.008333333333336 14.24791666666667 11.495833333333335 0.93301270189221952 4.5000000000000009 3 0.56638466991089664 11.610416666666671 74.500000000000014 -0.24999999999999994 6.3500000000000005 4 8.9500000000000011 6.9500000000000011
decision_type=10 10 10 10 1 10 10 1 2 8 2 10 10 1 10 2 10 8 2 2 2 2 2 2 10 10 8 2 10 2 8 8 2 2 2 10 2 2 2 2 8 10 2 2 8 10 10 2 10 10 10 2 2 1 2 10 2 2 2 1 2 8
left_child=1 4 3 5 8 6 15 -3 47 10 43 54 16 14 22 -2 17 39 20 -19 50 26 23 24 -8 -25 -7 -28 29 33 -31 34 60 51 36 -13 37 -32 -38 40 -4 -36 -14 46 45 -45 -6 -1 61 -11 -10 52 -15 -17 -9 56 -56 59 -59 -44 -33 -12
right_child=2 7 12 -5 9 21 13 11 18 49 48 35 42 28 -16 53 -18 19 -20 -21 -22 -23 -24 25 -26 -27 27 -29 -30 30 31 32 -34 -35 41 -37 38 -39 -40 -41 -42 -43 57 44 -46 -47 -48 -49 -50 -51 -52 -53 -54 -55 55 -57 -58 58 -60 -61 -62 -63
leaf_value=-0.07531498241373881 -0.10047171594861608 -0.012299758880144309 0.38367725665370622 0.31954519271850584 0.06538837245943252 -0.039339743009985807 -0.028173315779453045 0.014570648425224517 0.016571225890104742 -0.043716910977737576 0.023842475713624689 0.25712203559368402 0.21109577052367384 0.069764593885391968 -0.043936834251010463 0.1621761981468566 0.076027223766225407 -0.050922122224053339 0.063906840088584618 0.17720879510470797 -0.03033707580355845 -0.089187480350095855 0.039999570075516952 0.11231551396999059 0.16360102397639578 0.28946750327678661 -0.028626207343512965 0.11385623785231752 -0.014215521709144554 0.25092324511244379 0.011831279212440815 0.10198563741212306 -0.011667177469118849 0.11116039516132468 -0.017193821566992576 0.0811131683272905 0.070825182730104852 0.12943263064108868 -0.10361139348381525 0.12542270055442878 0.20369947234845975 -0.10740874852664524 0.16216804883274877 0.063471938216156848 -0.082395660826162009 -0.034706064819037541 -0.033347371074316741 0.017076219364403893 0.0080515821609740794 -0.12163255248575107 -0.065853181994546234 -0.13199398809783158 -0.049254383552381216 0.07896494800032744 -0.082319021107008061 -0.10394598199164165 0.09683289417047676 0.077551225496951592 -0.076363025630036233 0.019895833039494312 0.29361492642313242 -0.048845233469967608
leaf_weight=668 52 2188 72 57 171 407 304 1635 2941 7628 260 67 50 478 262 274 397 67 469 70 1461 276 1731 773 82 56 155 196 1119 58 349 115 154 466 607 183 82 188 154 132 165 244 122 903 178 241 1115 213 590 230 214 50 170 664 54 51 569 109 156 138 50 3376
leaf_count=668 52 2188 72 57 171 407 304 1635 2941 7628 260 67 50 478 262 274 397 67 469 70 1461 276 1731 773 82 56 155 196 1119 58 349 115 154 466 607 183 82 188 154 132 165 244 122 903 178 241 1115 213 590 230 214 50 170 664 54 51 569 109 156 138 50 3376
internal_value=0.000418351 -0.0180737 0.0429295 0.0342445 -0.0258252 0.0325355 0.0391837 0.015659 -0.00442171 -0.0345165 -0.0213152 0.0395644 0.0991827 0.0321292 0.0516236 0.0925702 0.129531 0.171509 0.0039908 0.0656411 -0.00209685 -0.0220003 0.0601222 0.0887907 0.0125663 0.124282 0.0024637 0.0509366 0.0175312 0.0287554 0.0104125 0.00323311 0.0771547 0.060288 -0.0112872 0.128284 0.0236921 0.0530027 -0.0430021 0.210816 0.258376 -0.0430604 0.0515224 0.00317625 0.0259339 0.0427893 -0.0202184 -0.0529775 -0.0364297 -0.0459975 0.0109805 0.0263245 0.0385405 0.103272 0.0299586 0.067287 0.0813045 0.0363249 -0.0130549 0.0866543 0.160055 -0.0436475
internal_weight=36456 25405 11051 9573 20658 9516 8482 4747 5966 14692 6834 2559 1478 7492 3208 990 903 506 5085 137 4616 1034 2946 1215 386 829 758 351 4284 3165 2001 1943 319 1164 1624 250 773 537 236 369 237 851 575 2608 1322 1144 1286 881 4226 7858 3155 698 648 938 2309 674 623 525 265 260 165 3636
internal_count=36456 25405 11051 9573 20658 9516 8482 4747 5966 14692 6834 2559 1478 7492 3208 990 903 506 5085 137 4616 1034 2946 1215 386 829 758 351 4284 3165 2001 1943 319 1164 1624 250 773 537 236 369 237 851 575 2608 1322 1144 1286 881 4226 7858 3155 698 648 938 2309 674 623 525 265 260 165 3636
cat_boundaries=0 1 2 3 4 5
cat_threshold=1 2 1 1 1
is_linear=0
shrinkage=0.03


Tree=74
num_leaves=63
num_cat=3
split_feature=1 0 16 22 7 23 26 26 16 13 6 12 16 26 12 23 13 23 26 23 18 0 6 26 17 21 26 23 20 5 6 26 23 6 9 11 23 12 4 7 21 26 26 7 12 5 26 0 9 12 25 23 26 25 13 22 26 12 26 26 26 7
split_gain=30140.5 8084.32 5740.39 3665.61 3430.46 2969.61 2920.25 2814.79 3452.94 2931.11 6077.93 5631.6 2968.5 2944.43 2532.94 2488.25 2487.16 2193.02 2507.2 2155.84 2085.89 2023.68 2394.45 1972.41 3218.08 3104.59 1948.78 1868.69 1853.15 1752.73 2077.39 2122.63 1909.47 1738.53 1729.36 1625.1 1606.21 1684.74 1606 1603.91 2192.9 1988.13 1946 2894.6 1593.65 1583.25 1581.24 1552.74 2348.65 1471.24 1658 1327.4 1364.83 1564.7 1327.03 1320.13 1304.42 1257.12 1284.51 1250.08 1360.06 2329.49
threshold=24.050000000000004 37.95000000000001 0 0.49240481012316878 43.100000000000009 4.7458333333333353 1864.0000000000002 438.50000000000006 1 0.68301270189221941 30.800000000000001 4.5000000000000009 2 1023.5000000000001 1.5000000000000002 5.7666666666666684 0.68301270189221941 11.022916666666669 669.50000000000011 9.0770833333333361 89.500000000000014 24.750000000000004 20.025000000000002 116.50000000000001 24.950000000000003 -0.061046214993534749 11.500000000000002 6.2020833333333352 1.0000000180025095e-35 36.050000000000004 46.100000000000009 818.50000000000011 10.18541666666667 20.025000000000002 41.76794871794872 0.78656609248549303 11.495833333333335 1.0000000180025095e-35 49.050000000000004 21.016666666666669 0.56638466991089664 37.500000000000007 88.500000000000014 51.20000000000001 2.5000000000000004 21.016666666666669 618.50000000000011 8.3166666666666682 19.293154761904766 4.5000000000000009 59.309582565232766 6.5062500000000014 37.500000000000007 16.823850767439428 -0.93301270189221919 0.93038214053199464 130.50000000000003 3.5000000000000004 2.5000000000000004 2578.5000000000005 818.50000000000011 26.950000000000003
decision_type=10 8 1 2 10 10 2 2 1 2 10 2 1 2 2 10 2 8 2 10 2 8 8 2 2 2 2 10 2 8 10 2 10 8 10 2 10 2 8 8 2 2 2 10 2 10 2 10 10 2 10 10 2 10 2 2 2 2 2 2 2 10
left_child=2 15 4 5 21 26 7 8 -3 10 38 13 -13 -11 23 35 33 18 28 -15 29 36 -23 -10 25 -25 -4 -6 44 30 31 46 -33 -16 -12 56 37 -1 -9 -35 42 -42 -41 -44 -5 -37 -17 48 -7 51 -51 52 53 -39 57 -52 -2 -49 -59 60 -56 -62
right_child=1 6 3 17 27 47 -8 9 14 11 34 12 -14 19 16 20 -18 -19 -20 -21 -22 22 -24 24 -26 -27 -28 -29 -30 -31 -32 32 -34 39 -36 45 -38 49 -40 40 41 -43 43 -45 -46 -47 -48 54 -50 50 55 -53 -54 -55 59 -57 -58 58 -60 -61 61 -63
leaf_value=-0.038537485202102269 0.015657526904449031 -0.036373954336600081 -0.030947664642744524 0.029783210348485772 0.24583784543241916 -0.059173026242896498 -0.10386719416756231 0.11058199335038661 0.04138409188148421 0.062632115289505616 0.065697627951376486 0.39934371168467592 0.18487132807776921 0.29977099232145193 0.22619249320455959 0.024276525815700493 -0.03241878033368694 -0.086416623010533822 0.13430331003328319 0.10077055862173437 -0.031386116047961328 -0.021541607069099154 0.10033915121085882 0.15278683588189898 0.11340185096605292 0.4806685225051992 0.093621169009947047 0.064586108978580206 -0.048595831863185175 -0.014789872039031777 0.18769833099197697 0.21107167682647704 0.050912695130570715 0.12984287109771764 -0.12297546775323218 0.25865174491297116 -0.05399999167001631 0.059083373588369001 0.32514805316925044 0.0024004844812465444 0.12837211227681064 -0.039372545552491409 0.087427339086706093 0.3246419480355347 -0.012632396069549551 0.084645150319343748 -0.10297378830114999 -0.095072289059178028 0.074947489843337378 -0.029707430558463518 0.016140117307385321 0.0066026961652572444 -0.00093708320587036124 0.21905660188588941 -0.028830465124279104 0.17622135823965071 0.088550706951511932 -0.095987538374741277 0.0053632153839141402 -0.1507086094024859 -0.0025408649233380838 0.19259001432430176
leaf_weight=848 542 285 196 1587 67 3192 79 75 142 515 64 94 152 97 63 3743 238 259 128 99 761 237 374 53 237 51 267 217 610 959 74 100 203 279 138 66 532 562 54 212 79 326 502 51 1602 164 90 531 122 1345 204 2323 327 61 8727 60 373 170 333 73 437 63
leaf_count=848 542 285 196 1587 67 3192 79 75 142 515 64 94 152 97 63 3743 238 259 128 99 761 237 374 53 237 51 267 217 610 959 74 100 203 279 138 66 532 562 54 212 79 326 502 51 1602 164 90 531 122 1345 204 2323 327 61 8727 60 373 170 333 73 437 63
internal_value=0.000301489 0.0418959 -0.0176083 -0.0265185 0.00517093 -0.033832 0.076666 0.0804132 0.0619614 0.116486 0.0395338 0.143102 0.266824 0.100295 0.074512 0.0228031 0.0577261 -0.00186471 0.0037118 0.199255 0.0149854 0.000948933 0.053063 0.13533 0.174452 0.313575 0.0408879 0.107346 -0.000688234 0.0218123 0.03015 0.0273312 0.10377 0.0719156 -0.0631979 0.0632914 -0.00413597 0.000493635 0.2004 0.0652079 0.049795 -0.00665198 0.0796786 0.109304 0.00847565 0.134577 0.0212886 -0.0363668 -0.0542356 0.00727331 -0.0162154 0.0188203 0.0486957 0.0747469 -0.0306365 0.0525222 0.0453725 -0.0628775 -0.0288905 -0.0270519 -0.0260736 0.0220456
internal_weight=36414 10960 25454 18297 7157 14111 3885 3806 2518 1288 331 957 246 711 2233 7075 1750 4186 3927 196 5930 6873 611 483 341 104 463 284 3799 5169 4210 4136 303 1512 202 1145 6262 5730 129 1449 1170 405 765 553 3189 230 3833 13648 3314 4882 1609 3273 950 623 10334 264 915 1034 503 9300 9227 500
internal_count=36414 10960 25454 18297 7157 14111 3885 3806 2518 1288 331 957 246 711 2233 7075 1750 4186 3927 196 5930 6873 611 483 341 104 463 284 3799 5169 4210 4136 303 1512 202 1145 6262 5730 129 1449 1170 405 765 553 3189 230 3833 13648 3314 4882 1609 3273 950 623 10334 264 915 1034 503 9300 9227 500
cat_boundaries=0 1 2 3
cat_threshold=1 2 1
is_linear=0
shrinkage=0.03


Tree=75
num_leaves=63
num_cat=3
split_feature=0 24 1 16 16 12 22 7 26 7 26 26 26 26 16 24 26 26 0 26 18 7 26 26 0 26 7 13 26 7 2 5 26 24 13 22 2 26 5 21 26 25 25 24 26 22 7 13 24 24 4 7 5 18 21 7 7 26 15 4 19 13
split_gain=28237.2 9968.14 5369.45 4055 2966.31 2805.14 3566.73 3276.71 2644.11 2521.86 2415.95 2333.71 3860.04 2148.94 2114.06 2100.6 2052.69 3211.48 2780.53 1979.57 4030.96 2084.57 1979.63 2830.23 2438.5 1976.17 1867.17 1804.75 1752.26 1721.72 1717.5 1663.77 1632.98 1508.7 1777.43 2614.96 1406.06 1748.84 2290.58 1390.19 1362.78 1925.54 1353.6 1465.18 1333.82 1331.45 1301.84 1820.63 1294.14 2626.43 1267.87 2514.54 1337.15 1266.47 1330.67 1255.84 1232.09 1436 1380.6 1363.98 1207.52 1185.79
threshold=20.351190476190482 0.20000000000000187 48.050000000000004 0 1 2.5000000000000004 0.42261826174069955 50.058823529411775 1113.5000000000002 32.925000000000004 115.50000000000001 157.50000000000003 176.50000000000003 130.50000000000003 2 0.15000000000000177 1324.0000000000002 555.00000000000011 37.050000000000004 266.50000000000006 85.500000000000014 48.050000000000004 227.50000000000003 154.50000000000003 35.050000000000004 24.500000000000004 75.250000000000014 0.93301270189221952 190.50000000000003 47.100000000000009 67.500000000000014 32.850000000000001 525.00000000000011 10.200000000000005 -0.5 0.64942331933852337 39.050000000000004 37.500000000000007 28.050000000000004 0.069756473744125413 427.50000000000006 233.68255764281932 116.32063448859454 7.700000000000002 103.50000000000001 0.0087262032186415824 26.525000000000002 0.68301270189221941 5.2000000000000091 3.7000000000000033 32.866666666666667 15.016666666666667 55.250000000000007 44.500000000000007 0.87032255546191739 32.925000000000004 30.800000000000001 10.500000000000002 1.0000000180025095e-35 30.950000000000003 12.550000000000002 0.93301270189221952
decision_type=8 8 10 1 1 2 2 10 2 10 2 2 2 2 1 10 2 2 8 2 2 8 2 2 10 2 8 2 2 10 10 10 2 10 2 2 8 2 8 2 2 10 8 10 2 2 10 2 10 10 10 8 8 2 2 10 8 2 2 10 2 2
left_child=4 2 5 13 29 6 8 14 15 33 42 -11 -13 46 31 -2 17 19 -19 20 22 40 23 -7 -24 -16 30 50 -22 60 45 -8 -14 34 35 -6 37 -27 -39 -32 -21 -42 43 56 -35 -4 -3 48 49 -48 -12 -52 -53 -47 -55 -38 57 -5 59 -59 -1 -15
right_child=1 3 26 10 9 16 7 -9 -10 11 27 12 32 61 25 -17 -18 18 -20 21 28 -23 24 -25 -26 36 -28 -29 -30 -31 39 -33 -34 44 -36 -37 55 38 -40 -41 41 -43 -44 -45 -46 53 47 -49 -50 -51 51 52 -54 54 -56 -57 -58 58 -60 -61 -62 -63
leaf_value=0.00091566276996666782 -0.0024297400975215669 -0.0034530837999562497 0.16707092858891931 -0.086431369388103488 -0.023389840445315953 0.036804321838445682 0.054318543218302005 0.28156110021930475 0.13014097611752817 -0.042102212680278354 0.0023546401464889914 0.30877162291193905 -0.0079918222015942716 0.0727159753014055 0.24610703950545876 0.14015985678224002 -0.059459733738442475 0.0386301096215299 0.16915708622145922 -0.017898403876934293 0.10486418853513897 -0.1033724708246688 0.039651477834475889 -0.050173020705052251 0.2080225658110369 -0.075197470228813471 -0.051840955151451956 -0.055131418961692942 0.29153511338443916 0.13061651924077203 0.28822094681588084 -0.1009719875835302 0.1247326072533765 -0.050656515850853755 -0.035574387531998479 0.036974077335071034 0.20047932905860205 0.14696194231640874 0.04540533336413842 0.10224131648673823 -0.058721577597386908 0.096420992247929632 -0.1925091304673868 -0.072060023812865262 0.038140464579757255 0.22349357164957945 0.056719499702863288 -0.10924537682266376 0.014315719068374323 0.25937644495264339 -0.05948639447437757 0.12132043838648625 -0.043802841498571284 0.08448739428649242 -0.078512798162067632 0.072311632534035955 -0.071684459705142631 0.0086278110508613542 -0.10403782878024503 0.11583285379245184 -0.039818217542694358 0.0039269234477397321
leaf_weight=4114 1052 1837 250 150 2806 1117 495 78 193 281 954 53 255 1027 83 102 230 328 266 679 144 180 280 482 107 64 54 330 66 85 99 71 124 4180 6631 839 181 342 481 57 99 264 51 663 158 51 347 67 391 69 118 328 51 388 51 111 287 621 80 129 779 289
leaf_count=4114 1052 1837 250 150 2806 1117 495 78 193 281 954 53 255 1027 83 102 230 328 266 679 144 180 280 482 107 64 54 330 66 85 99 71 124 4180 6631 839 181 342 481 57 99 264 51 663 158 51 347 67 391 69 118 328 51 388 51 111 287 621 80 129 779 289
internal_value=0.00021705 0.0297117 0.0522882 0.00523374 -0.0233641 0.0437716 0.0647299 0.091138 0.0273626 -0.0298988 -0.0171616 0.0251937 0.0689672 0.0261553 0.0830127 0.0101735 0.0276997 0.0326963 0.0970816 0.0215071 0.0385381 -0.00909849 0.0253212 0.010586 0.0862037 0.104618 0.119479 0.00819356 0.163532 -0.00324406 0.129804 0.0348386 0.0354325 -0.0325867 -0.0263239 -0.00949537 0.0946579 0.0758606 0.0876075 0.220267 0.00718684 0.0541094 -0.0399569 -0.0359257 -0.0474223 0.110734 0.0108865 0.0410259 0.053502 0.0903333 0.0225955 0.0614482 0.0991007 0.0819901 0.0655512 0.151758 -0.0170173 -0.00100757 0.0144305 0.0270671 -0.00556946 0.0576096
internal_weight=36539 16234 8445 7789 20305 7495 3253 1906 1347 15327 3762 713 432 4027 1828 1154 4242 4012 594 3418 2196 1222 1986 1599 387 1262 950 1781 210 4978 896 566 379 14614 10276 3645 1179 887 823 156 1042 363 1981 1930 4338 740 2711 874 807 416 1451 497 379 490 439 292 1267 980 830 750 4893 1316
internal_count=36539 16234 8445 7789 20305 7495 3253 1906 1347 15327 3762 713 432 4027 1828 1154 4242 4012 594 3418 2196 1222 1986 1599 387 1262 950 1781 210 4978 896 566 379 14614 10276 3645 1179 887 823 156 1042 363 1981 1930 4338 740 2711 874 807 416 1451 497 379 490 439 292 1267 980 830 750 4893 1316
cat_boundaries=0 1 2 3
cat_threshold=1 1 2
is_linear=0
shrinkage=0.03


Tree=76
num_leaves=63
num_cat=4
split_feature=0 26 16 22 16 5 24 14 7 6 14 26 24 16 7 6 18 24 14 5 12 0 17 5 14 6 26 12 7 24 6 26 7 12 26 12 14 26 24 18 26 6 9 26 11 15 9 19 18 14 26 26 18 11 15 12 26 7 16 2 9 26
split_gain=29159.7 8718.95 4849.11 3630.51 3356.96 3071.8 2828.06 2645.05 2649.84 2642.29 2605 2598.25 2579.52 2496.47 2445.8 2329.99 2482.94 2112.24 2269.4 1981.89 1979.76 1942.24 2997.55 1916.45 2136.4 2191.18 2202.76 2096.54 2059.21 2377.59 2537.72 2007.4 1848.04 1918.18 2591.03 1646.81 2220.67 2393.3 1738.09 1976.06 1643.27 1656.75 1584.09 1555.43 1555.27 1481.97 1845.39 1446.77 1410.65 1399.13 1772.64 2097.39 1383.82 1380.21 1531.41 1615.66 1332.25 1295.94 1292.29 1989.27 1287.47 1268.65
threshold=31.950000000000003 103.50000000000001 0 -0.85260769842926898 1 47.100000000000009 9.2500000000000036 0.25000000000000017 30.050000000000004 74.500000000000014 0.25000000000000017 498.50000000000006 10.950000000000008 2 6.9500000000000011 57.150000000000006 82.500000000000014 5.7000000000000073 0.6830127018922193 44.100000000000009 1.0000000180025095e-35 64.100000000000009 24.650000000000002 34.033333333333339 1.0000000180025095e-35 36.050000000000004 427.50000000000006 3.5000000000000004 14.925000000000002 0.20000000000000009 41.050000000000004 995.00000000000011 59.100000000000009 4.5000000000000009 1179.0000000000002 4.5000000000000009 0.6830127018922193 5.5000000000000009 1.5000000000000027 90.500000000000014 376.50000000000006 59.100000000000009 46.635416666666679 722.00000000000011 -0.12940952255126034 1.0000000180025095e-35 18.825694444444448 11.550000000000002 88.500000000000014 1.0000000180025095e-35 880.00000000000011 944.50000000000011 58.500000000000007 1.0000000180025095e-35 1.0000000180025095e-35 3.5000000000000004 37.500000000000007 56.050000000000004 3 12.950000000000001 20.918750000000003 995.00000000000011
decision_type=10 2 1 2 1 10 8 2 8 10 2 2 8 1 10 10 2 10 2 10 2 10 2 8 2 10 2 2 10 10 10 2 8 2 2 2 2 2 10 2 2 8 10 2 2 2 10 2 2 2 2 2 2 2 2 2 2 10 1 10 10 2
left_child=1 2 10 5 11 49 7 -4 35 21 20 17 14 48 -12 16 32 47 -19 61 -1 23 -23 28 40 31 27 42 -6 30 44 -26 33 34 -13 36 38 -38 39 -9 -25 -42 -27 -17 -30 46 -16 57 53 50 -3 -52 60 -5 -55 -56 -22 -2 -51 -60 -39 -15
right_child=4 3 6 13 9 -7 -8 8 -10 -11 12 15 -14 19 45 43 -18 18 -20 -21 56 22 -24 24 25 26 -28 -29 29 -31 -32 -33 -34 -35 -36 -37 37 52 -40 -41 41 -43 -44 -45 -46 -47 -48 -49 -50 58 51 -53 -54 54 55 -57 -58 -59 59 -61 -62 -63
leaf_value=-0.059481097322847273 0.091127770487730811 -0.010484864372450628 -0.033045313882639066 0.050750676523323872 -0.014892734050402765 0.22312888019084928 -0.050094671340034369 0.089907625494496005 -0.055404765743079176 0.25307977392392994 -0.14524519008748671 0.11582064797659276 -0.022827726573925428 0.015574005990550229 0.15121783971488476 0.12305201811790464 0.049286876396095802 0.04624175579451463 -0.15520840484201909 -0.11447397732888075 0.0048416393544721686 0.32660757460576645 0.052054158857674337 -0.10170986901761757 0.0054211383982857853 -0.0079146335404762565 -0.15353291965488874 -0.090074069996325057 0.03559241228573698 0.0055462118189124219 0.30298432191935454 0.15870438157021999 0.081797429801879734 0.34260924546048044 0.31205821616472779 -0.021179953287254916 0.18026666907593608 -0.012579685905400444 0.019253320302618174 0.28917420523097881 0.089998454254030455 -0.07332352236622855 0.16014929337669973 -0.10715606253594159 0.1288651730419334 -0.088772087820733966 0.053805040039363206 0.011218235182544488 0.0035550807861193102 -0.059426627744906806 0.20199265683356385 0.028230839132907845 -0.023604988918086746 0.18392337571251838 0.13827353055489824 -0.014355997315807533 -0.035583104394194744 -0.047440612585771653 0.064854185036793355 -0.029721652162534952 0.20058756884406595 0.091230409639222285
leaf_weight=675 1696 1228 6333 686 273 50 5031 323 589 51 51 181 527 3981 225 50 155 153 75 102 3294 51 120 54 528 188 147 213 271 291 55 90 113 88 91 740 64 51 285 52 496 63 69 56 396 52 788 267 294 813 78 315 768 187 141 112 944 63 250 1004 51 210
leaf_count=675 1696 1228 6333 686 273 50 5031 323 589 51 51 181 527 3981 225 50 155 153 75 102 3294 51 120 54 528 188 147 213 271 291 55 90 113 88 91 740 64 51 285 52 496 63 69 56 396 52 788 267 294 813 78 315 768 187 141 112 944 63 250 1004 51 210
internal_value=0.000896887 -0.0113507 -0.0221883 0.0125503 0.0593818 -0.0104365 -0.0319905 -0.0221501 0.00145559 0.0387901 -0.000827229 0.0825095 0.0318737 0.0275905 0.057705 0.131533 0.153492 0.0665455 -0.0200247 0.016185 -0.011763 0.0354834 0.133939 0.0301114 0.0105414 -0.0121838 -0.0521763 -0.0204754 0.0582337 0.077941 0.10712 0.0277439 0.18764 0.220862 0.181474 0.0158047 0.0329744 0.00320861 0.0750976 0.117539 0.0563255 0.0715919 0.0372076 0.00143265 0.0909687 0.0674237 0.0754416 0.0762879 0.0620722 -0.0136031 0.00726263 0.0627179 -0.00981636 0.0773511 0.118824 0.0707063 -0.00416283 0.0861648 -0.0299665 -0.0108668 0.0940039 0.0193649
internal_weight=36638 30294 20843 9451 6344 3738 14287 9256 2923 3356 6556 2988 1643 5713 1116 734 628 2254 228 4293 4913 3305 171 3134 1848 1235 617 470 1286 1013 722 618 473 360 272 2334 1594 934 660 375 613 559 257 106 667 1065 1013 2026 1420 3688 1621 393 870 1126 440 253 4238 1759 2067 1254 102 4191
internal_count=36638 30294 20843 9451 6344 3738 14287 9256 2923 3356 6556 2988 1643 5713 1116 734 628 2254 228 4293 4913 3305 171 3134 1848 1235 617 470 1286 1013 722 618 473 360 272 2334 1594 934 660 375 613 559 257 106 667 1065 1013 2026 1420 3688 1621 393 870 1126 440 253 4238 1759 2067 1254 102 4191
cat_boundaries=0 1 2 3 4
cat_threshold=1 1 1 2
is_linear=0
shrinkage=0.03


Tree=77
num_leaves=63
num_cat=4
split_feature=0 24 16 16 23 13 23 24 26 6 14 6 26 12 2 7 23 23 7 23 26 13 13 22 13 23 7 23 7 13 23 16 6 0 5 7 16 9 26 6 14 7 9 9 26 26 12 7 7 5 9 23 12 7 6 14 6 17 6 23 4 12
split_gain=25874.5 7565.08 6377.79 3520.54 3495.16 3469.85 3371.59 3357.19 3223.84 3223.59 2878.28 2602.75 2356.13 5002.11 2877.77 2346.65 3035.38 2330.65 2296.09 2286.63 2438.29 2601.78 3192.63 2668.8 2062.43 2058.08 1881.55 4583.47 1858.78 2207.73 1640.97 1629.82 1571.44 1669.87 1576.32 1599.71 2748.82 2155.59 1972.58 1957.15 2758.32 1784.21 1735.49 1568.45 1533.4 4508.89 1513.5 1483.55 1432.38 1406.5 1675.69 1360.47 1507.16 1359.27 1335.01 2155.31 1368.22 1326.94 1319.23 1292.07 1274.29 1255.23
threshold=30.050000000000004 1.0000000180025095e-35 0 1 5.2458333333333353 0.25000000000000006 10.81041666666667 0.7000000000000004 145.50000000000003 69.500000000000014 -0.68301270189221952 19.041666666666668 1151.5000000000002 4.5000000000000009 49.050000000000004 40.050000000000004 5.6145833333333357 8.0979166666666682 19.225000000000005 12.32291666666667 722.00000000000011 1.0000000180025095e-35 0.68301270189221941 -0.87032255546191706 -0.93301270189221919 9.9458333333333364 36.875000000000007 6.9958333333333353 26.525000000000002 -0.6830127018922193 9.047916666666671 2 18.625000000000004 34.966666666666676 20.516666666666669 23.040000000000003 3 57.812500000000007 510.00000000000006 40.050000000000004 1.0000000180025095e-35 46.100000000000009 33.96145833333334 29.293750000000003 294.50000000000006 308.50000000000006 4.5000000000000009 17.016666666666669 35.016666666666673 34.033333333333339 61.645833333333336 12.245833333333335 1.0000000180025095e-35 20.316666666666666 31.100000000000005 1.0000000180025095e-35 22.850000000000005 28.250000000000004 19.041666666666668 5.877083333333335 46.100000000000009 1.5000000000000002
decision_type=10 8 1 1 8 2 10 10 2 10 2 10 2 2 8 10 10 10 8 10 2 2 2 2 2 10 10 10 10 2 10 1 8 10 8 8 1 8 2 10 2 10 8 8 2 2 2 8 8 8 10 8 2 8 8 2 10 2 8 10 8 2
left_child=1 19 15 5 10 48 7 9 28 12 -4 -12 32 14 30 51 -17 -11 -8 20 21 26 44 -24 -6 -22 -1 -28 53 31 -14 -30 33 -5 -34 42 49 38 41 -40 -41 -38 -36 -31 -23 -46 60 -10 -2 -37 -51 52 58 -9 56 -56 -7 -20 -3 -33 -44 -57
right_child=3 2 4 6 24 54 18 8 47 17 11 -13 13 -15 -16 16 -18 -19 57 -21 25 22 23 -25 -26 -27 27 -29 29 43 -32 59 34 -35 35 36 37 -39 39 40 -42 -43 46 -45 45 -47 -48 -49 -50 50 -52 -53 -54 -55 55 61 -58 -59 -60 -61 -62 -63
leaf_value=0.034715922306903756 -0.029123237082991183 -0.064703554341666969 -0.086410367612440434 0.078093110771036492 -0.063875757134152916 0.0052764871442804529 -0.13941870656183786 0.0077979333250550549 -0.013436271061803749 0.35018409473740536 0.010913526144211386 0.11923239826288408 0.27475757162485803 -0.054612880598467133 0.3551321055469932 0.28547792037523601 0.041686843422763617 0.08120183057785034 -0.043371160533158232 -0.040685522092687429 0.14853630267900342 -0.054696336755374816 -0.022959633480315489 0.10601488023786054 -0.029644361031725842 0.024615131105482576 0.35143368566036226 0.043169654202261924 -0.032521556834964195 0.10148105914704501 0.073329368130518838 0.28722389445304869 0.23431045226454736 0.29719264297313724 0.0353859604853866 0.05714668763742347 0.085075724120072929 -0.098207017903933755 0.083612494638829096 0.3896608549991592 0.090708174687974596 -0.01307809196138645 0.14283208659737173 -0.053248019082322996 0.24183927399190988 -0.017044882346306751 0.21392347858028304 0.12079898000881074 -0.16163486021295698 -0.040189900202024134 0.14084339080487981 -0.055192328684670312 0.0081951884840132799 -0.12053312812695059 0.071038278295313353 0.062922963649034491 0.14155600672060759 0.076432430473483012 0.0031709822971812064 0.092819597477093327 0.050509202164234365 -0.10126994052470124
leaf_weight=1739 443 521 208 71 1791 98 105 128 94 69 907 256 56 78 91 52 396 50 154 491 260 785 236 372 13710 225 60 157 51 76 104 50 50 56 289 323 911 61 134 61 51 204 297 263 66 733 133 350 88 471 51 391 5880 177 286 58 205 181 510 80 246 151
leaf_count=1739 443 521 208 71 1791 98 105 128 94 69 907 256 56 78 91 52 396 50 154 491 260 785 236 372 13710 225 60 157 51 76 104 50 50 56 289 323 911 61 134 61 51 204 297 263 66 733 133 350 88 471 51 391 5880 177 286 58 205 181 510 80 246 151
internal_value=-0.000151429 -0.0122889 -0.0191906 0.0522111 -0.0295387 0.00834111 0.062686 0.0695268 0.0272001 0.0834527 0.016374 0.0347567 0.0785592 0.155228 0.220437 0.00333768 0.069984 0.237166 -0.0170088 0.0208755 0.0273996 0.0199577 -0.00248635 0.0559524 -0.0335995 0.0910471 0.0451097 0.128404 -0.00787846 0.0266086 0.143829 0.111205 0.07116 0.174704 0.0671533 0.0645673 0.050797 0.0762623 0.084082 0.160974 0.253531 0.0671175 0.0969168 -0.0185595 -0.0249174 0.00433979 0.123222 0.0923798 -0.0510837 0.00794314 -0.0225027 -0.00075128 0.0023288 -0.0666762 0.0478832 0.0175247 0.0974788 0.0213585 -0.0311284 0.16759 0.101006 -0.0557044
internal_weight=36641 29746 24622 6895 16872 1329 5566 5126 1269 3857 1371 1163 3738 329 251 7750 448 119 440 5124 4633 4148 2192 608 15501 485 1956 217 825 520 160 181 3409 127 3282 3232 2267 1422 1361 246 112 1115 965 339 1584 799 676 444 531 845 522 7302 6911 305 798 495 303 335 1031 130 543 209
internal_count=36641 29746 24622 6895 16872 1329 5566 5126 1269 3857 1371 1163 3738 329 251 7750 448 119 440 5124 4633 4148 2192 608 15501 485 1956 217 825 520 160 181 3409 127 3282 3232 2267 1422 1361 246 112 1115 965 339 1584 799 676 444 531 845 522 7302 6911 305 798 495 303 335 1031 130 543 209
cat_boundaries=0 1 2 3 4
cat_threshold=1 2 4 4
is_linear=0
shrinkage=0.03


Tree=78
num_leaves=63
num_cat=0
split_feature=1 24 23 26 6 13 26 23 26 6 21 26 12 12 6 26 26 23 11 14 26 23 24 26 26 26 26 23 13 23 9 2 23 21 23 26 13 13 6 9 7 9 0 26 25 26 6 26 24 26 6 23 0 21 14 10 7 21 12 26 14 12
split_gain=23391.9 7466.06 4569.82 5249.53 4371.65 3798.23 3755.28 3656.72 3441.62 3179.28 2963.26 2452.74 2863.14 3758.99 2403.52 2384.36 3061.68 2359.35 2343.85 2237.87 2176.05 2127.14 3867.35 2462.23 2069.49 2069.19 2761.36 2435.18 2226.8 2036.4 2031.96 1923.04 1908.86 1857.55 2100.86 1798.43 1738.81 2174.88 2104.71 1737.02 1979.69 1716.31 1717.68 1674.2 1644.34 2022.12 1654.52 1637.5 1625.53 1619.73 1607.29 1593.04 1567.49 1556.95 1542.93 1535.89 1511.34 1540.49 1499.31 1471.68 1465.17 2460.14
threshold=21.910000000000004 0.29999999999999649 8.0729166666666696 818.50000000000011 65.100000000000009 0.68301270189221941 266.50000000000006 8.7479166666666703 103.50000000000001 44.100000000000009 0.25881904510252091 37.500000000000007 4.5000000000000009 1.0000000180025095e-35 13.050000000000002 563.50000000000011 139.50000000000003 9.1395833333333361 1.0000000180025095e-35 0.6830127018922193 2012.5000000000002 5.877083333333335 7.4500000000000073 164.50000000000003 175.50000000000003 173.50000000000003 154.50000000000003 5.5708333333333355 -0.24999999999999994 5.4541666666666684 29.504166666666674 48.050000000000004 7.2187500000000009 -0.36648727148060628 7.6625000000000014 281.50000000000006 -0.93301270189221919 -0.5 10.025000000000002 29.293750000000003 26.525000000000002 32.795833333333341 72.15000000000002 800.50000000000011 4.8168275860622263 101.50000000000001 16.725000000000005 9.5000000000000018 0.10000000000000196 1049.0000000000002 16.925000000000001 12.32291666666667 42.95000000000001 -0.64278760968653936 0.25000000000000017 -0.25881904510252113 13.950000000000001 0.36648727148060617 2.5000000000000004 77.500000000000014 -0.5 1.5000000000000002
decision_type=8 8 10 2 10 2 2 10 2 10 2 2 2 2 8 2 2 10 2 2 2 8 10 2 2 2 2 10 2 10 8 10 10 2 8 2 2 2 10 8 10 10 8 2 10 2 8 2 10 2 10 10 10 2 2 2 10 2 2 2 2 2
left_child=7 2 3 4 5 6 18 8 11 -5 20 12 13 55 -3 16 -12 -17 56 50 41 22 30 33 32 26 31 -27 -29 54 -16 -20 -10 -23 -35 -8 -9 38 -38 -24 -41 -4 -43 44 53 -46 60 -14 -7 -45 -15 52 -18 -39 -13 -1 57 -2 -56 -55 61 -47
right_child=1 14 10 9 -6 48 35 36 24 -11 15 29 47 19 21 17 51 -19 25 -21 -22 23 39 -25 -26 27 -28 28 -30 -31 -32 -33 -34 34 -36 -37 37 43 -40 40 -42 42 -44 49 45 46 -48 -49 -50 -51 -52 -53 -54 59 58 -57 -58 -59 -60 -61 -62 -63
leaf_value=-0.0026596218708720876 0.0024358527822529569 -0.052454029274771233 0.028788151526921532 0.24671075669825077 0.28025818560979787 0.14429736241964872 -0.15319831589120439 -0.074863033603123158 0.13068993146300958 0.035736872305472685 0.036431511348452079 -0.04074540619427959 -0.065269907133446797 -0.00097069314575814331 0.047407227738898765 0.20137581143386757 -0.037445402227700722 0.015439871157640997 0.074948007285216153 0.091558513242170347 -0.11913601963159938 0.014148627873223961 0.032749962432729735 0.026380222825653103 0.0060952049998947754 0.33590465684058302 -0.10447787582874297 0.29110889413127938 0.078303699136327648 -0.053601610849574079 0.14727329570800066 0.26508920898804295 0.024382520502427604 -0.005031474277848837 -0.071066205912848734 0.0099931267677137343 -0.048852750744363529 -0.0038054794957967293 0.013594106116145654 -0.18527670432002313 -0.0093284235825601795 0.070722985575806765 0.25151867829747498 0.11396038882956605 -0.085214586746754972 0.18129643304030529 -0.060853465978999606 -0.011324005123092793 0.003438803288912357 -0.014533057702871242 0.043002265949616557 -0.22801378850104673 -0.16880594427115284 -0.056202632985692551 0.17306125435364114 -0.071334126816229068 0.0132344108238069 0.14911598189196418 -0.0087715560117283386 0.091108079943805931 -0.033609275017045616 -0.016255804769115874
leaf_weight=492 102 601 1540 225 79 517 64 865 279 90 374 153 1026 3015 451 79 551 276 603 327 72 1074 284 2044 1324 59 73 56 211 2093 309 52 334 924 817 1207 696 1318 1608 93 151 874 50 107 1437 92 1001 1000 86 505 995 53 96 1318 91 725 759 175 74 64 416 148
leaf_count=492 102 601 1540 225 79 517 64 865 279 90 374 153 1026 3015 451 79 551 276 603 327 72 1074 284 2044 1324 59 73 56 211 2093 309 52 334 924 817 1207 696 1318 1608 93 151 874 50 107 1437 92 1001 1000 86 505 995 53 96 1318 91 725 759 175 74 64 416 148
internal_value=-0.000401666 0.0282564 0.0472691 0.0684726 0.0592821 0.0548782 0.0424396 -0.0204875 -0.00940333 0.186433 0.0239639 -0.0164988 -0.00811563 0.00302025 0.0048061 -0.0105858 -0.0328651 0.0568172 0.0671687 0.0160941 0.0434321 0.0104045 0.0446815 0.00131851 0.0271948 0.098666 0.0705376 0.16148 0.122937 -0.0428547 0.0880107 0.0900432 0.0727671 -0.0168791 -0.0360196 0.00177578 -0.0342955 -0.0302667 -0.00527005 -0.0176862 -0.0763907 0.0481825 0.0805063 -0.0392571 -0.0442415 -0.0591712 -0.0365856 -0.0386431 0.124208 0.0079323 0.0099403 -0.0698893 -0.0569363 -0.0271333 0.0278787 -0.0435709 0.0351242 0.0951038 0.091512 -0.0493807 0.000445052 0.0594726
internal_weight=36574 15071 8323 4358 4043 3964 3361 21503 11928 315 3965 9991 7580 5554 6748 1429 1074 355 2090 4337 2536 6147 1288 4859 1937 1054 728 326 267 2411 760 655 613 2815 1741 1271 9575 8710 2304 528 244 2464 924 6406 5794 3094 1657 2026 603 612 4010 700 647 2700 318 1217 1036 277 165 1382 656 240
internal_count=36574 15071 8323 4358 4043 3964 3361 21503 11928 315 3965 9991 7580 5554 6748 1429 1074 355 2090 4337 2536 6147 1288 4859 1937 1054 728 326 267 2411 760 655 613 2815 1741 1271 9575 8710 2304 528 244 2464 924 6406 5794 3094 1657 2026 603 612 4010 700 647 2700 318 1217 1036 277 165 1382 656 240
is_linear=0
shrinkage=0.03


Tree=79
num_leaves=63
num_cat=0
split_feature=1 25 6 23 1 23 23 6 25 21 14 22 17 21 25 6 17 15 7 7 12 12 23 14 23 20 13 5 6 13 5 22 5 23 17 25 25 12 14 13 7 19 6 9 12 1 12 13 25 12 7 7 6 7 3 12 6 13 4 12 7 3
split_gain=20941.3 6796.92 4190.62 3634.56 3313.08 3233.38 2755.4 2644.95 2633.57 2173.89 2116.76 4282.52 2418.87 1992.86 1979.13 1917.44 1874.76 1858.93 1725.81 1704.12 1659.18 1564.53 1877.03 1531.92 1506.33 1495.97 2408.2 1493.66 2103.84 1486.71 1512.9 1409.54 1406.61 1711.85 1627.36 1661.06 1401.42 1972.62 2616.24 1381.13 2132.23 1784.07 1871.83 1333.98 2931.98 1265.08 1207.21 1170.77 3599.15 2505.5 2598.8 2282.12 1699.67 1611.79 1251.79 1143.61 1649.03 1135.26 1276.22 1121.44 1100.21 1298.44
threshold=30.950000000000003 98.215487781376439 12.15 8.0979166666666682 43.102941176470587 9.7208333333333368 5.7666666666666684 60.050000000000004 17.934842013340461 0.12186934340514748 1.0000000180025095e-35 0.82409480842201688 22.850000000000005 1.0000000180025095e-35 761.79272449877044 32.050000000000004 22.150000000000002 1.0000000180025095e-35 19.408333333333335 34.966666666666676 2.5000000000000004 1.0000000180025095e-35 4.8229166666666687 -0.24999999999999994 5.3333333333333348 1.0000000180025095e-35 -0.5 12.525000000000002 29.750000000000004 0.93301270189221952 59.750000000000007 -0.87032255546191706 22.971428571428575 10.62291666666667 29.750000000000004 203.13303607636121 275.38433081270949 1.5000000000000002 1.0000000180025095e-35 -0.93301270189221919 4.025925925925927 4.2500000000000009 23.960000000000004 43.338541666666679 3.5000000000000004 7.9800000000000013 2.5000000000000004 0.68301270189221941 257.1675852675026 4.5000000000000009 17.972972972972979 40.050000000000004 12.950000000000001 21.987500000000004 11.925000000000002 1.5000000000000002 18.909459459459462 -0.24999999999999994 53.100000000000009 4.5000000000000009 16.633333333333336 56.050000000000004
decision_type=10 10 10 10 10 10 10 10 8 2 2 2 2 2 10 8 2 2 10 10 2 2 8 2 10 2 2 10 10 2 8 2 8 10 2 10 10 2 2 2 10 2 10 8 2 10 2 2 10 2 10 8 10 10 10 2 10 2 10 2 10 8
left_child=1 2 21 4 7 18 20 14 -5 60 12 15 -8 16 31 -12 -10 -7 25 -16 24 -1 -23 -11 -3 26 39 28 -13 30 -18 -2 -15 36 -35 -36 -34 -38 -39 -4 -41 42 -42 44 -25 -20 -45 48 51 50 52 55 -49 -51 -52 56 -14 -48 -59 -50 -6 -62
right_child=3 6 5 8 9 17 10 -9 13 23 11 27 47 32 19 -17 29 -19 45 -21 -22 22 -24 43 -26 -27 -28 -29 -30 -31 -32 -33 33 34 35 -37 37 38 -40 40 41 -43 -44 46 -46 -47 57 49 59 53 54 -53 -54 -55 -56 -57 -58 58 -60 -61 61 -63
leaf_value=-0.06440795883976129 -0.017216802476094913 0.2294322174285898 -0.01579505036665628 -0.10777471199330381 0.079627485694363717 -0.022894958840811486 -0.1447116177990323 0.25154662164639341 0.17942329617861943 0.17618857811383426 -0.040894713402860154 0.045068606828459569 0.25268783140480516 -0.11809718487640986 0.064119639260613398 0.017807445527905336 0.064820903982593367 -0.078398244234558656 0.089855844845595473 0.29412373804114761 0.047760760122758948 0.041232468761844318 -0.032476384758842694 0.024581496233897882 0.031942902689553659 -0.031877598237386839 -0.023710611339767734 0.028367903330943262 0.28483188199646331 -0.099149478703737262 -0.085036914916565787 0.045317677867245006 0.011579353740086557 -0.077933569084288487 0.1356966280464719 -0.050962797698875267 0.22593909956619773 0.21728670126758515 -0.011619276741425917 -0.096786818886548276 0.078318215256275719 0.030659810164831994 0.28237528780102733 0.070961924777620214 0.27107560360296201 0.010866811574196555 -0.14531019903238743 0.097922610206431462 -0.15794656984244301 -0.067878871905247135 -0.036410613956395534 -0.10405992536921985 0.27345253313605028 0.05774113117454989 0.085232119545057078 0.042671908495996322 0.05504501797307234 0.10115700030589804 -0.084029525945132424 -0.0051385971579168523 0.13231204703834473 0.23760895250352801
leaf_weight=1350 385 101 624 136 192 2831 63 55 104 94 1916 93 75 78 69 678 902 672 191 50 462 324 7713 127 53 1981 2027 1357 51 60 65 2061 772 297 82 90 71 60 179 100 212 1171 50 165 66 4093 62 95 113 166 96 64 104 206 368 194 77 68 66 70 349 151
leaf_count=1350 385 101 624 136 192 2831 63 55 104 94 1916 93 75 78 69 678 902 672 191 50 462 324 7713 127 53 1981 2027 1357 51 60 65 2061 772 297 82 90 71 60 179 100 212 1171 50 165 66 4093 62 95 113 166 96 64 104 206 368 194 77 68 66 70 349 151
internal_value=-0.000619508 -0.0115153 -0.0190266 0.0466458 0.0653252 -0.00859947 0.0158678 0.0457011 0.0211035 0.103695 0.00944604 -0.00221435 0.0376834 0.027454 0.0412872 -0.0255516 0.0580478 -0.0335425 -0.000237394 0.16076 0.0761868 -0.0345245 -0.0295049 0.064208 0.161465 -0.0104008 -0.000232156 0.0381166 0.129985 0.0457567 0.0547477 0.0354748 0.00621296 0.0124645 -0.0354068 0.038026 0.0332147 0.0870936 0.0458467 0.0218313 0.0371469 0.0464933 0.11726 0.0452077 0.108875 0.0143885 0.0111696 0.0447416 0.0111314 0.0639985 0.0989619 0.0605087 0.189657 0.00168489 0.0600647 0.0909491 0.152566 -0.0391658 0.00994573 -0.0994954 0.140671 0.164112
internal_weight=36597 29741 23339 6856 3960 13952 6402 2620 2896 1340 5786 4095 1691 2760 2565 2594 1131 3503 10449 119 616 9387 8037 648 154 6165 4184 1501 144 1027 967 2446 1629 1551 469 172 1082 310 239 2157 1533 1433 262 554 193 4284 361 1628 593 1035 663 410 199 372 464 346 152 196 134 183 692 500
internal_count=36597 29741 23339 6856 3960 13952 6402 2620 2896 1340 5786 4095 1691 2760 2565 2594 1131 3503 10449 119 616 9387 8037 648 154 6165 4184 1501 144 1027 967 2446 1629 1551 469 172 1082 310 239 2157 1533 1433 262 554 193 4284 361 1628 593 1035 663 410 199 372 464 346 152 196 134 183 692 500
is_linear=0
shrinkage=0.03


Tree=80
num_leaves=63
num_cat=3
split_feature=0 24 26 26 0 16 16 16 7 24 6 26 9 7 6 12 22 26 26 5 7 12 19 3 6 12 7 26 7 14 14 5 9 20 13 25 26 25 22 4 22 26 14 26 13 19 25 14 9 12 22 5 12 12 12 25 26 26 26 13 24 20
split_gain=20259.9 6807.85 4223.3 4093.6 4013.42 3069.9 2546.3 2280.81 2081.44 1978.6 2513.7 1908.65 1960.71 4190.16 1758.36 1810.87 2879.66 2646.44 2134.65 1645.31 2107.39 1641.36 1631.58 1623.97 1613.37 2204.55 1589.7 1511.36 1498.05 2390.59 3131.02 1972.82 1400.55 1346.29 1354.64 1743.48 1335.97 2003.63 1352.76 1276.79 1222.62 1174.38 1150.4 1130.97 1335.53 1129.75 1556.53 1327.26 1706.83 1115.16 3301.8 1494.01 1288.69 1114.43 1627.18 1648.14 1211.23 1098.36 1298.08 1091.36 1072.63 1031.7
threshold=20.351190476190482 2.6000000000000045 1864.0000000000002 880.00000000000011 37.050000000000004 0 1 2 32.050000000000004 0.19999999999999998 68.250000000000014 1179.0000000000002 59.775000000000013 20.980000000000004 59.100000000000009 2.5000000000000004 -0.87032255546191706 1309.0000000000002 1049.0000000000002 36.95000000000001 14.925000000000002 4.5000000000000009 11.550000000000002 60.050000000000004 51.20000000000001 4.5000000000000009 47.100000000000009 525.00000000000011 26.525000000000002 0.6830127018922193 -0.5 27.050000000000004 31.989583333333339 1.0000000180025095e-35 -0.5 0.79600200253462206 164.50000000000003 360.29596652118062 0.45399049973954675 33.050000000000004 0.82409480842201688 657.50000000000011 0.6830127018922193 436.50000000000006 -0.24999999999999994 3.0500000000000003 989.62893964877537 0.93301270189221952 59.775000000000013 4.5000000000000009 0.58068084432175959 43.100000000000009 1.5000000000000002 4.5000000000000009 1.0000000180025095e-35 91.747104074190801 35.500000000000007 31.500000000000004 223.50000000000003 -0.6830127018922193 0.40000000000000374 1.0000000180025095e-35
decision_type=8 8 2 2 10 1 1 1 10 10 10 2 8 10 10 2 2 2 2 10 10 2 2 10 8 2 10 2 10 2 2 8 10 2 2 10 2 10 2 8 2 2 2 2 2 2 10 2 10 2 2 10 2 2 2 10 2 2 2 2 10 2
left_child=5 2 4 6 14 26 41 11 33 10 19 12 22 -14 15 16 17 32 28 20 -9 -4 23 49 25 -22 42 59 29 30 57 36 -2 34 35 -7 -30 38 -38 -20 -11 -3 53 44 -33 -21 47 -47 -49 51 -51 -6 -53 54 55 -1 -56 -18 -59 -10 -32 -8
right_child=1 3 21 -5 7 8 61 9 27 40 -12 -13 13 -15 -16 -17 18 -19 39 45 24 -23 -24 -25 -26 -27 -28 -29 31 -31 60 43 -34 -35 -36 -37 37 -39 -40 -41 -42 -43 -44 -45 -46 46 -48 48 -50 50 -52 52 -54 -55 56 -57 -58 58 -60 -61 -62 -63
leaf_value=-0.050268643990599021 -0.036269012110467506 -0.068155984716058174 -0.028312171252621133 0.21285024581551551 0.11665060754370588 -0.035744858068301126 0.012362147802441766 -0.025565925982709115 -0.10956942058353246 -0.049859649568987897 0.2460045420066003 0.20922593349622468 0.17962667201757429 -0.17786446878065665 0.16024337415397169 0.015150530066765564 -0.11254287180320267 0.19154125845637815 0.089928532106727369 0.15682203068448738 0.060619555602720337 -0.19612706706935867 0.0089420715784548199 0.26913498325730267 0.27865576108296713 0.24628782183737369 0.12869026844584663 0.1175977590363326 0.049758088873405201 0.0020925073227134805 0.14862784579183841 0.10008736064200693 0.070791551125320512 -0.04263116743874177 -0.031400971726788941 0.0061393957496651934 0.11854004510574871 0.035478818923929484 0.30361485146559203 0.24011082233211331 0.09236260057563947 0.08058628442094605 0.045606610041539195 0.17173183731991667 -0.0089228614844740275 0.051598502353828381 -0.1138281497657299 -0.11633090202397894 0.09088644480125771 0.31244001081144368 0.075297069897581087 0.14093292702077065 0.0080491211328487904 -0.031475869484388318 0.026978038063586639 0.11922656151333025 -0.018559459747024335 0.14560284441167656 -0.04278148147618261 0.018304129104500688 0.027216127252689112 -0.022130547145085985
leaf_weight=662 659 755 137 75 527 1394 2264 104 68 272 62 118 50 72 90 4842 71 58 125 55 259 85 176 53 54 74 86 127 95 885 342 159 132 4408 6277 2496 54 59 104 86 68 51 427 58 278 559 75 106 54 81 152 85 289 1143 1846 56 735 55 82 515 81 1191
leaf_count=662 659 755 137 75 527 1394 2264 104 68 272 62 118 50 72 90 4842 71 58 125 55 259 85 176 53 54 74 86 127 95 885 342 159 132 4408 6277 2496 54 59 104 86 68 51 427 58 278 559 75 106 54 81 152 85 289 1143 1846 56 735 55 82 515 81 1191
internal_value=0.000330385 0.0253137 0.0370553 -0.00686201 0.0395232 -0.0196883 -0.0107293 0.0672732 -0.0263406 0.0435097 0.0592547 0.0930972 0.0838695 -0.0313517 0.0283598 0.0269167 0.0437573 -0.00406054 0.0597784 0.050614 0.0943265 -0.0925656 0.0941828 0.106822 0.126546 0.101879 0.000832203 0.0238181 0.0514799 0.0339028 0.0785178 0.0844996 -0.018403 -0.028784 -0.0227804 -0.00887003 0.143581 0.184656 0.240361 0.15114 -0.0214152 -0.0587443 -0.00142612 0.0472602 0.0307399 0.0253339 0.0162257 0.0297919 -0.046395 0.0992356 0.157737 0.084107 0.03825 -0.00594728 0.00289758 -0.037049 0.0140102 -0.0167811 0.0328473 0.0033892 0.125379 0.000471902
internal_weight=36458 16218 11882 4336 11660 20240 4261 3345 15285 1742 1402 1603 1485 122 8315 8225 3383 849 2534 1340 491 222 1363 1187 387 333 4955 710 2323 1516 631 807 791 14575 10167 3890 312 217 158 211 340 806 4869 495 437 849 794 719 160 1134 233 901 374 4442 3299 718 2581 208 137 583 423 3455
internal_count=36458 16218 11882 4336 11660 20240 4261 3345 15285 1742 1402 1603 1485 122 8315 8225 3383 849 2534 1340 491 222 1363 1187 387 333 4955 710 2323 1516 631 807 791 14575 10167 3890 312 217 158 211 340 806 4869 495 437 849 794 719 160 1134 233 901 374 4442 3299 718 2581 208 137 583 423 3455
cat_boundaries=0 1 2 3
cat_threshold=1 2 1
is_linear=0
shrinkage=0.03


Tree=81
num_leaves=63
num_cat=3
split_feature=1 24 23 23 16 16 0 23 24 6 14 22 7 0 23 26 23 7 26 20 6 26 22 26 26 26 18 14 6 26 6 23 7 23 22 7 24 16 7 4 24 21 11 6 9 7 26 24 6 23 23 26 21 26 6 6 14 1 9 8 14 9
split_gain=19451.2 6928.51 5089.38 3282.24 3240.75 2720.38 2885.08 2645.21 2465.27 2429.12 2318.34 4091.11 3001.41 2283.85 2235.59 3207.54 2222.01 2111.84 2035.23 1963.17 1963.08 1805.11 1754.37 1717.81 1686.91 6255.72 2225.44 1649.29 1991.23 1583.5 1567.19 1660.25 1536.24 1531.96 1529.51 1444.06 1852.52 1435.73 1419.01 1286.6 2104.38 1280.29 1343.84 1761.52 1252.15 1699.75 1675.68 1370.73 1394.85 1312.08 1254.1 1201.53 2270.02 1477.46 1349.32 1342.81 1245.01 1387.46 1178.77 1171.47 1150.17 2255.19
threshold=20.341666666666669 0.20000000000000365 5.3333333333333348 6.4229166666666684 0 1 27.550000000000004 13.852083333333335 15.500000000000009 68.250000000000014 0.6830127018922193 0.59480013772226059 45.029411764705891 47.100000000000009 6.5062500000000014 510.00000000000006 6.3958333333333348 3.0444444444444447 498.50000000000006 1.0000000180025095e-35 34.033333333333339 1049.0000000000002 -0.83385407025023273 145.50000000000003 217.00000000000003 187.50000000000003 85.500000000000014 -0.68301270189221952 19.983333333333338 115.50000000000001 29.011111111111116 5.2458333333333353 34.966666666666676 12.245833333333335 -0.93663652364155492 13.725000000000001 1.0000000000000022 2 5.9500000000000011 29.050000000000004 4.3500000000000041 0.26722820045976009 0.78656609248549303 35.95000000000001 38.002083333333339 15.625000000000002 438.50000000000006 0.7000000000000004 43.100000000000009 10.970833333333337 5.293750000000002 537.50000000000011 0.49240481012316856 326.50000000000006 57.150000000000006 38.95000000000001 0.25000000000000017 33.050000000000004 30.377083333333335 43.016666666666673 0.6830127018922193 26.835416666666667
decision_type=8 8 10 10 1 1 8 10 10 10 2 2 10 10 10 2 8 10 2 2 10 2 2 2 2 2 2 2 10 2 10 10 10 8 2 10 10 1 10 10 10 2 2 10 10 10 2 10 8 10 10 2 2 2 10 10 2 10 10 10 2 10
left_child=3 2 21 8 16 6 -4 9 27 10 17 13 41 38 15 -8 20 -7 34 22 60 24 -5 33 25 26 -2 -1 -29 30 35 -32 -26 -18 -19 -6 -37 -24 -12 -22 -41 42 -13 -44 46 -46 50 49 -49 -47 -31 53 54 -16 55 -53 57 -55 -14 -36 -3 -62
right_child=1 4 5 19 29 7 14 -9 -10 -11 11 12 58 -15 51 -17 23 18 -20 -21 39 -23 37 -25 32 -27 -28 28 -30 44 31 -33 -34 -35 59 36 -38 -39 -40 40 -42 -43 43 -45 45 47 -48 48 -50 -51 -52 52 -54 56 -56 -57 -58 -59 -60 -61 61 -63
leaf_value=-0.024029054551987918 0.019920009231194854 0.015312313123790075 -0.0057011580922090108 -0.034918221378448626 -0.049469716735334401 -0.049181362683993091 0.10028722590546914 -0.12540127812164292 -0.033047339688436629 0.20282239875067834 0.079849779818629479 0.028431959336168794 0.29413136014938351 -0.21138659258796411 0.061945968374440025 0.33013138155753796 -0.0041638707674014636 -0.041188823576805367 0.10333487065399914 -0.04173656542588737 0.017653512548316611 0.292508443664102 0.013382184677552807 0.03978201353357138 0.026884796504610519 0.42807701122376224 0.21278442958502897 0.017107678032082848 0.086591222992707634 0.13083274456035149 0.010838178184926509 -0.11712500978930793 0.16968317878197181 -0.1725420406758785 0.062740570834245196 0.089858726379461573 -0.01744631310428393 -0.017411610627833515 -0.04106611127286814 0.27305739251626354 0.072305583607209359 -0.0050973762182886118 0.060539373707055338 0.25352273247365292 -0.046904639140101935 -0.090746589582413426 -0.057635333288323383 0.21886081831173948 0.063973564641682176 0.11435961902439594 0.0030719987195679697 0.052819868292127335 0.23329782685408224 0.0248874565243721 -0.038438184110557327 0.16242724839823355 0.030247423227288222 -0.18829065052945104 0.093725409539682517 -0.086004796326160426 0.15293827617474434 -0.029244045447954472
leaf_weight=619 150 638 509 3929 744 172 343 106 1111 69 97 854 50 66 1077 65 1777 194 632 4637 66 51 1776 1023 266 62 84 1840 465 76 125 338 91 50 726 192 589 5855 878 93 95 781 160 58 124 64 440 89 127 50 767 280 91 50 85 157 228 61 56 51 175 94
leaf_count=619 150 638 509 3929 744 172 343 106 1111 69 97 854 50 66 1077 65 1777 194 632 4637 66 51 1776 1023 266 62 84 1840 465 76 125 338 91 50 726 192 589 5855 878 93 95 781 160 58 124 64 440 89 127 50 767 280 91 50 85 157 228 61 56 51 175 94
internal_value=0.000445956 0.0247955 0.0433255 -0.0192147 0.00419584 0.0364345 0.0592599 0.0228499 0.00499466 0.026094 0.0235403 0.00746117 0.0329993 -0.0405976 0.0728278 0.136905 0.0229079 0.0507162 0.0614351 -0.0252457 0.0578923 0.120615 -0.0186308 0.00865639 0.10719 0.160144 0.0891534 0.0194491 0.031125 -0.0159529 -0.0342364 -0.0825777 0.0632844 -0.00877192 0.0341635 -0.0195597 0.00893341 -0.0102448 -0.0290365 0.131608 0.171614 0.0241179 0.0454025 0.111884 0.00497251 0.0477914 -0.0101793 0.0833741 0.127793 -0.000787726 0.0145902 0.059943 0.0950302 0.0447534 0.070926 0.0921983 -0.00986709 -0.0922645 0.188257 0.0529774 0.0372486 0.0892761
internal_weight=36568 16336 8600 20232 7736 7896 2946 4950 4035 4844 4775 3000 1959 1041 2437 408 4011 1775 1603 16197 1161 704 11560 2850 653 296 234 2924 2305 3725 1988 463 357 1827 971 1525 781 7631 975 254 188 1853 1072 218 1737 454 1283 330 216 114 843 2029 613 1416 522 437 339 111 106 777 907 269
internal_count=36568 16336 8600 20232 7736 7896 2946 4950 4035 4844 4775 3000 1959 1041 2437 408 4011 1775 1603 16197 1161 704 11560 2850 653 296 234 2924 2305 3725 1988 463 357 1827 971 1525 781 7631 975 254 188 1853 1072 218 1737 454 1283 330 216 114 843 2029 613 1416 522 437 339 111 106 777 907 269
cat_boundaries=0 1 2 3
cat_threshold=1 1 1
is_linear=0
shrinkage=0.03


Tree=82
num_leaves=63
num_cat=3
split_feature=8 24 16 21 2 16 7 12 24 14 21 6 9 13 13 5 25 14 26 9 4 17 26 26 9 0 26 13 13 6 25 26 2 24 12 2 5 25 26 26 9 26 24 26 26 7 14 24 21 7 26 6 0 16 9 12 22 25 25 14 24 7
split_gain=19550.3 6710.53 4698.22 3076.5 3075.68 2374.35 2177.58 2167.96 2151.55 2125.29 2366.08 1978.42 1875.22 2365.23 2505.25 1864.81 1864.12 1862.44 1687.85 1622.71 1655.44 1585.51 1442.13 1730.92 1425.29 1478.46 1388.75 2008.95 1530.84 1424.3 1369.34 1364.81 1372.98 1348.4 1457.68 1330.53 1359.68 1322.77 1522.83 1630.58 1825.45 1319.05 1670.23 1277.84 1645.8 2036.38 1272.79 1233.78 1231.83 1401.64 1244.28 1322.51 1281.69 1197.36 1180.22 1224.32 1167.08 1147.17 1654.95 1131.96 1138.04 1128.92
threshold=31.291666666666668 1.0000000180025095e-35 0 1.0000000180025095e-35 50.058823529411775 1 40.050000000000004 1.5000000000000002 4.5500000000000087 0.93301270189221952 0.52247866957162981 35.95000000000001 28.793750000000003 1.0000000180025095e-35 0.68301270189221941 17.972972972972979 126.52027679958933 0.6830127018922193 880.00000000000011 61.645833333333336 34.966666666666676 22.850000000000005 563.50000000000011 30.500000000000004 38.002083333333339 8.0129629629629644 76.500000000000014 -0.5 0.93301270189221952 19.225000000000005 103.83616972096677 308.50000000000006 41.95000000000001 5.2000000000000091 3.5000000000000004 26.525000000000002 19.041666666666668 222.45373672295798 31.500000000000004 22.500000000000004 18.418750000000003 281.50000000000006 0.10000000000000196 2578.5000000000005 818.50000000000011 24.950000000000003 0.25000000000000017 20.400000000000009 0.96359376111369366 20.980000000000004 1424.5000000000002 23.316666666666666 38.100000000000009 2 11.418750000000001 1.0000000180025095e-35 -0.88697705852364728 287.76019827012402 21.187412049895233 0.25000000000000017 0.50000000000000355 8.9500000000000011
decision_type=10 8 1 2 8 1 10 2 10 2 2 10 10 2 2 10 10 2 2 10 10 2 2 2 10 10 2 2 2 8 10 2 10 10 2 8 8 8 2 2 10 2 10 2 2 10 2 10 2 10 2 8 8 1 8 2 2 8 10 2 8 10
left_child=1 11 6 4 26 8 17 -8 9 10 -5 12 13 35 18 -13 -16 54 57 20 31 -17 23 -12 25 59 27 29 -28 -2 -11 32 -7 34 -9 -1 -37 38 39 40 -19 42 -32 44 47 -46 -10 -27 50 -50 51 -22 -53 -14 -3 -56 -18 58 -15 -4 -61 -6
right_child=3 2 24 5 61 19 7 33 46 30 22 15 53 14 16 21 56 37 -20 -21 48 -23 -24 -25 -26 43 28 -29 -30 -31 41 -33 -34 -35 -36 36 -38 -39 -40 -41 -42 -43 -44 -45 45 -47 -48 -49 49 -51 -52 52 -54 -55 55 -57 -58 -59 -60 60 -62 -63
leaf_value=0.033273932106224223 0.18214804275677754 0.075547518903280014 -0.050803944304414664 0.050900969683599494 0.024250499858137438 0.034424652881772579 -0.031060163694589086 0.22811402705352787 0.079795653982595971 0.13140641951170123 0.26257232811491366 0.19763345947669397 -0.10090272830237305 -0.085022586554081903 -0.025183219320889613 -0.055096372164040806 0.031579186838229537 0.18994797938718247 0.11075407253309007 0.1425512182017645 -0.10310991456033662 0.081807966336292628 0.24335551501732119 0.086109911141786885 0.13088037556467147 -0.020059035498168509 0.074222598971012105 -0.13147943853185726 -0.048993050097487861 0.0096416585717305717 -0.014293442928487329 0.11409621012594019 -0.12636545836925506 0.014863742153895527 0.074005657765540356 0.23007414259530345 0.073821980868413198 0.19250261080563066 0.0016678426472784638 0.22365949546488431 -0.027747592662389461 0.088177320341701088 -0.21046255461298502 -0.1555838528042659 0.0038167632703306311 0.17282311047722651 -0.092967748700633748 -0.052079297828929901 0.034450787657274391 -0.15280441384629478 -0.11787879253851204 -0.031101922425694518 0.039262447149060138 -0.0077657538103719651 -0.03967925265236863 -0.0032974922037789702 0.10616912941836205 -0.069243771615287941 0.008315786939624004 0.094364650612801637 -0.022978072779018751 0.15551323677749826
leaf_weight=1184 52 153 3012 649 68 416 144 109 55 61 59 93 179 216 296 100 443 52 83 78 96 319 95 329 52 11746 1659 78 96 251 157 175 54 95 112 58 369 50 462 65 104 69 52 64 295 82 127 1193 53 112 82 368 635 406 979 5562 329 434 820 89 453 444
leaf_count=1184 52 153 3012 649 68 416 144 109 55 61 59 93 179 216 296 100 443 52 83 78 96 319 95 329 52 11746 1659 78 96 251 157 175 54 95 112 58 369 50 462 65 104 69 52 64 295 82 127 1193 53 112 82 368 635 406 979 5562 329 434 820 89 453 444
internal_value=-0.000437405 -0.0105108 -0.0170563 0.0473235 0.0720412 0.0297381 0.00207806 0.0654184 0.0565452 0.0685842 0.0883175 0.02004 0.0140806 0.0210399 0.00345664 0.0761075 0.0388249 -0.001845 -0.0208662 0.00832097 0.00306232 0.0491339 0.138594 0.112943 -0.0259408 -0.0264223 0.0562118 0.0042949 0.0674826 0.0392467 0.00268998 0.0425795 0.0159509 0.109383 0.150014 0.0496468 0.0950459 0.043554 0.03265 0.0974182 0.0448176 -0.0255536 -0.0631011 -0.0218538 -0.0212111 0.0405768 -0.040759 -0.0230114 -0.0158742 -0.0926558 -0.00514688 0.00326442 0.0134458 -0.0362641 -0.00681623 -0.0087428 0.0633669 -0.0282978 -0.0111447 -0.0436219 -0.00370962 0.13808
internal_weight=36572 30202 24873 6370 2648 3722 7887 460 1653 1471 1132 5329 4817 4232 2621 512 1068 7427 1553 2069 1991 419 483 388 16986 16934 2136 381 1755 303 339 645 470 316 221 1611 427 733 683 221 156 278 209 13380 13316 377 182 12939 1346 165 1181 1099 1003 585 6694 6541 772 1470 1036 3554 542 512
internal_count=36572 30202 24873 6370 2648 3722 7887 460 1653 1471 1132 5329 4817 4232 2621 512 1068 7427 1553 2069 1991 419 483 388 16986 16934 2136 381 1755 303 339 645 470 316 221 1611 427 733 683 221 156 278 209 13380 13316 377 182 12939 1346 165 1181 1099 1003 585 6694 6541 772 1470 1036 3554 542 512
cat_boundaries=0 1 2 3
cat_threshold=1 1 2
is_linear=0
shrinkage=0.03


Tree=83
num_leaves=63
num_cat=2
split_feature=0 23 0 24 6 20 23 16 23 24 0 3 9 14 24 23 21 26 24 6 24 12 23 22 26 26 26 26 17 5 26 5 9 21 12 14 22 17 26 21 12 13 23 14 26 14 14 24 16 23 9 6 4 26 6 13 13 23 15 26 3 24
split_gain=17522.2 4193.72 3858.44 3313.69 2688.68 2324.78 2225.21 2215.17 2890.24 2927.52 2200.01 2087.89 1879.89 2675.52 1836.29 2355.83 2407.9 2009.32 2648.46 1975.76 1827.28 1808.93 1774.25 1756.31 2107.16 1739.32 1458.92 1658.07 1431.05 1715.97 1368.43 1342.06 2852.76 2677.94 2364.99 1559.99 1513.32 1341.61 2311.18 1444.82 1338.33 1398.09 1327.01 1326.78 1302.31 1301.01 1551.15 1691.9 1318.82 1843.43 1295.43 1276.74 1256.24 1425.72 1241.63 2279.92 1606.09 1445.66 1588.65 1220.37 1219.21 1181.55
threshold=23.040000000000003 7.522916666666668 37.95000000000001 15.700000000000005 18.909459459459462 1.0000000180025095e-35 5.7666666666666684 0 6.5312500000000009 5.0500000000000052 56.050000000000004 26.950000000000003 59.775000000000013 1.0000000180025095e-35 0.29999999999999788 5.377083333333335 0.92384435400961407 308.50000000000006 0.80000000000000815 43.95000000000001 3.7000000000000033 1.5000000000000002 4.4062500000000018 -0.83385407025023273 595.50000000000011 663.50000000000011 103.50000000000001 207.50000000000003 28.650000000000002 20.980000000000004 74.500000000000014 46.100000000000009 43.338541666666679 0.13917310096006538 2.5000000000000004 0.25000000000000017 0.83385407025023306 24.550000000000004 178.50000000000003 0.19936034309715212 2.5000000000000004 0.93301270189221952 10.106250000000003 0.6830127018922193 242.50000000000003 -0.5 0.6830127018922193 0.50000000000000033 1 9.5520833333333339 32.502083333333339 39.050000000000004 26.016666666666669 173.50000000000003 12.725000000000001 -0.5 -0.93301270189221919 11.389583333333336 1.0000000180025095e-35 595.50000000000011 27.975000000000005 0.40000000000000191
decision_type=10 8 10 10 10 2 10 1 10 10 10 8 10 2 10 10 2 2 10 10 10 2 10 2 2 2 2 2 2 10 2 8 10 2 2 2 2 2 2 2 2 2 10 2 2 2 2 10 1 10 10 10 8 2 10 2 2 10 2 2 10 10
left_child=1 3 6 4 -1 23 28 8 9 10 51 22 25 -14 15 44 37 -16 -19 -20 40 -13 -6 50 54 31 30 -28 29 60 -24 32 34 -34 -10 -33 -36 38 39 -17 41 45 -27 -22 -9 -8 47 -47 49 -48 -3 -4 53 -50 -25 56 -56 -57 -59 -54 -2 -58
right_child=2 5 7 -5 11 -7 20 14 12 -11 -12 21 13 -15 17 16 -18 18 19 -21 43 -23 26 24 -26 42 27 -29 -30 -31 -32 35 33 -35 36 -37 -38 -39 -40 -41 -42 -43 -44 -45 -46 46 48 -49 52 -51 -52 -53 59 -55 55 57 61 58 -60 -61 -62 -63
leaf_value=-0.00064318631788212017 0.10686315557231534 -0.03336935256325705 0.17239199948084505 -0.031848278476854779 0.13923882034347682 -0.042759572952298583 -0.009941755412437487 0.23132124464665907 0.12938955749622844 -0.033606947424821558 0.28459195856864633 0.23298994262303624 0.087924149515953925 -0.20292662139161158 -0.066128001075773726 0.30492643017321824 -0.079782364662581429 -0.1000748115123772 0.23995397003833205 0.040045322323957945 -0.0057948081414210756 0.064973958604766624 0.013315542376727446 -0.025655576518485282 0.075574821301532868 0.20279133577679478 0.12444433526480442 0.023422054589683699 0.0097867803035011185 0.051064943248046092 -0.084980782321300991 0.10491810058818217 0.061706493082192712 0.36052988768466321 -0.068970941833443253 -0.037907196103381384 0.059336493583396072 0.030560043056348931 0.036155635808096373 0.093142087878483645 0.0068639021692524244 -0.033567031159003578 0.05838393302254595 -0.083192430160306238 0.080139298816788787 0.13833653203673113 0.01986941562563984 -0.0032176016959728614 0.0087686350267557871 -0.16756720177693801 0.12023146037757397 0.060319527890283192 0.024007848564234515 0.18180958925565677 -0.047970034464437886 -0.0061491878141162288 0.094432477658847339 -0.032999687132941297 -0.16011860459087751 0.15151247630887604 0.26650414739784439 0.026303921725178526
leaf_weight=4848 176 4232 237 1993 122 4084 320 89 188 80 104 84 55 59 299 64 144 82 64 146 1033 184 1054 2844 266 129 219 440 439 652 145 94 53 55 163 257 168 788 172 53 3232 225 103 247 121 327 334 99 63 55 50 149 551 134 207 2051 298 363 117 77 57 991
leaf_count=4848 176 4232 237 1993 122 4084 320 89 188 80 104 84 55 59 299 64 144 82 64 146 1033 184 1054 2844 266 129 219 440 439 652 145 94 53 55 163 257 168 788 172 53 3232 225 103 247 121 327 334 99 63 55 50 149 551 134 207 2051 298 363 117 77 57 991
internal_value=0.000627839 -0.0138481 0.0304504 0.00233173 0.0119316 -0.0233339 0.0185329 0.0548607 0.078174 0.134655 0.162127 0.0390502 0.053858 -0.0626039 0.0330232 0.051396 0.0354326 -0.0114632 0.0445121 0.10097 0.0115071 0.117636 0.0284134 -0.0163863 -0.00727309 0.0648305 0.0211364 0.056994 0.0540705 0.0760373 0.00142816 0.0473121 0.0736062 0.213885 0.0444152 0.000342314 -0.00384813 0.0508374 0.106127 0.20899 0.0191245 0.0372602 0.138679 -0.0207301 0.144212 0.0453908 0.0561874 0.10544 0.0389044 -0.00663191 -0.0315758 0.129131 0.0603754 0.126472 -0.0104804 0.000236782 0.0295978 -0.0171176 -0.0639849 0.0396414 0.145917 0.0420544
internal_weight=36529 24592 11937 9089 7096 15503 8021 3916 1894 570 490 2248 1324 114 2022 1431 1221 591 292 210 6697 268 1980 11419 7137 1210 1858 659 1324 885 1199 978 627 108 519 351 331 1077 289 117 5417 2185 232 1280 210 1960 1640 426 1214 389 4282 386 825 197 6871 4027 1496 2531 480 628 233 1289
internal_count=36529 24592 11937 9089 7096 15503 8021 3916 1894 570 490 2248 1324 114 2022 1431 1221 591 292 210 6697 268 1980 11419 7137 1210 1858 659 1324 885 1199 978 627 108 519 351 331 1077 289 117 5417 2185 232 1280 210 1960 1640 426 1214 389 4282 386 825 197 6871 4027 1496 2531 480 628 233 1289
cat_boundaries=0 1 2
cat_threshold=1 2
is_linear=0
shrinkage=0.03


Tree=84
num_leaves=63
num_cat=4
split_feature=1 23 26 24 26 17 14 6 23 23 26 24 16 16 16 6 16 7 7 24 24 7 18 0 5 23 26 25 12 12 6 26 26 26 26 24 6 6 7 26 23 24 23 14 26 26 26 17 25 5 14 25 13 17 19 12 7 23 6 10 5 26
split_gain=17039.4 4572.86 3430.7 3417.53 3265.05 2567.99 2966.13 3213.42 2695.33 2668.91 2529.77 2503.4 2455.2 2433.04 2215.6 2151.79 2063.92 2662.4 2100.42 2852.97 3349.01 2019.66 2019.6 1875.9 2263.04 2028.69 1824.68 2895.29 1703.68 1688.23 1630.48 1594.19 1584.12 2540.17 2142.53 1570.26 1566.51 1698.28 1552.41 1542.91 1482.91 1480.1 1783.63 1506.88 1403.31 1868.83 1364.64 1359.73 1345.19 1333.06 1289.69 1293.53 1275.37 1245.74 1237.47 1231.63 1675.2 1416.53 1223.68 1591.7 1160.22 1150.74
threshold=21.910000000000004 5.939583333333335 1135.5000000000002 1.0000000180025095e-35 103.50000000000001 22.650000000000002 -0.24999999999999994 32.975000000000009 7.522916666666668 9.2895833333333346 175.50000000000003 24.150000000000013 0 1 2 79.500000000000014 3 42.050000000000004 28.050000000000004 5.6000000000000094 1.7000000000000066 34.033333333333339 94.500000000000014 32.050000000000004 20.516666666666669 10.222916666666668 563.50000000000011 1220.3134155071868 1.0000000180025095e-35 4.5000000000000009 44.100000000000009 37.500000000000007 283.50000000000006 427.50000000000006 308.50000000000006 0.10000000000000488 98.500000000000014 68.250000000000014 34.966666666666676 105.50000000000001 7.3416666666666677 9.2500000000000036 5.731250000000002 -0.68301270189221952 176.50000000000003 195.50000000000003 1424.5000000000002 27.650000000000002 165.47078043417073 47.100000000000009 0.6830127018922193 352.86924361703728 0.93301270189221952 31.250000000000004 1.9500000000000002 4.5000000000000009 22.850000000000005 6.4229166666666684 33.850000000000009 0.60355339059327384 38.100000000000009 1.5000000000000002
decision_type=10 10 2 10 2 2 2 10 10 10 2 10 1 1 1 8 1 8 10 10 10 8 2 8 8 10 2 10 2 2 10 2 2 2 2 10 8 10 10 2 10 8 10 2 2 2 2 2 10 10 2 10 2 2 2 2 10 10 10 2 8 2
left_child=4 2 11 22 14 9 7 35 13 -5 -9 16 -6 -8 28 29 18 54 39 20 -20 -17 23 24 -3 26 36 53 -1 32 40 55 -10 34 -34 -7 37 -25 -21 -2 44 42 43 -16 -14 -46 47 60 -12 -49 51 -26 -47 58 -18 56 57 -30 -28 -60 -27 -37
right_child=1 3 -4 5 12 6 8 10 15 -11 48 -13 30 -15 41 21 17 -19 19 38 -22 -23 -24 25 50 46 27 -29 31 -31 -32 -33 33 -35 -36 61 -38 -39 -40 -41 -42 -43 -44 -45 45 52 -48 49 -50 -51 -52 -53 -54 -55 -56 -57 -58 -59 59 -61 -62 -63
leaf_value=-0.047788465604890785 0.024524819135468182 0.091496155945709798 0.25111835074211869 0.27711843376765483 -0.016753993055047871 -0.15153961858525872 -0.059285756599500652 -0.050010806726557867 -0.13074799141044624 0.01146362816552063 0.13642307693126776 -0.10005572326753413 0.11870678304340994 0.028807086691612839 -0.057086633542243803 -0.077712443266063927 0.17221618721945375 -0.054317778244026393 0.15146115409702784 0.1658569589208384 0.42452394981133307 0.14223306685512127 -0.11531210318114608 0.052253489898151241 0.024688861792122846 0.022971461623847642 0.19030751875483792 -0.053835657909512523 0.062313587978785639 -0.013327184246832526 0.12507243974053339 -0.030963663683622147 -0.068134348402589057 -0.098063285429618854 0.17978299324748231 -0.092778393707229095 -0.09923673764881441 0.21213391232394402 -0.036749521371993152 0.12634668034127103 0.0036611449632121189 -0.042047056310254613 -0.025959318625715686 0.038550742234463684 -0.092849171527514332 0.085590924436276375 -0.14264392329586878 0.025868581239529679 0.048604224699378848 0.19177883896562786 -0.0072109010188577283 0.13655775277963225 -0.017317594206891954 0.25563167984996521 0.049419767407936327 -0.01567373286015827 0.078767139670118447 -0.0022516526392467209 -0.0035232502015510405 0.19704972125725312 -0.13194751755299941 0.010560466432307162
leaf_weight=709 358 341 84 61 2480 60 386 126 432 77 351 89 214 1049 187 64 79 228 139 61 57 91 80 1681 760 94 136 72 396 364 138 970 59 285 67 103 59 62 77 214 1745 4772 7270 716 95 336 54 226 284 54 1572 106 160 84 1135 935 427 1343 101 55 81 1660
leaf_count=709 358 341 84 61 2480 60 386 126 432 77 351 89 214 1049 187 64 79 228 139 61 57 91 80 1681 760 94 136 72 396 364 138 970 59 285 67 103 59 62 77 214 1745 4772 7270 716 95 336 54 226 284 54 1572 106 160 84 1135 935 427 1343 101 55 81 1660
internal_value=-0.000387311 0.0261316 0.0626171 0.0178727 -0.0162086 0.00110576 -0.00217139 0.0210018 -0.0235798 0.128891 0.0727815 0.0561197 0.00477343 0.00511103 -0.0223262 -0.0538085 0.0620395 0.0397448 0.0975238 0.157301 0.230872 0.0514169 0.0343442 0.0365061 0.0191088 0.0540294 0.0662649 0.120448 -0.00487153 -0.0673212 0.024635 0.00260282 -0.0906354 -0.0484732 0.0636947 -0.000613372 0.0527944 0.0579406 0.0528084 0.062619 0.0191996 -0.0287714 -0.0210201 0.0187454 0.0528824 0.0290475 -5.66733e-05 0.0168658 0.0971466 0.0578656 0.00898405 0.0383818 0.0523946 0.153821 0.0574106 0.0131025 0.0255244 0.012451 0.124533 0.0671916 -0.0487339 0.00452309
internal_weight=36551 13658 2521 11137 22893 5519 5381 2584 2797 138 761 2437 5168 1435 17725 1362 2348 1442 906 334 196 155 5618 5538 2779 2759 2250 448 4780 1207 2688 4071 843 411 126 1823 1802 1743 138 572 2550 12945 8173 903 805 591 509 455 635 280 2438 866 496 376 1214 3101 2166 1739 292 156 175 1763
internal_count=36551 13658 2521 11137 22893 5519 5381 2584 2797 138 761 2437 5168 1435 17725 1362 2348 1442 906 334 196 155 5618 5538 2779 2759 2250 448 4780 1207 2688 4071 843 411 126 1823 1802 1743 138 572 2550 12945 8173 903 805 591 509 455 635 280 2438 866 496 376 1214 3101 2166 1739 292 156 175 1763
cat_boundaries=0 1 2 3 4
cat_threshold=2 4 1 1
is_linear=0
shrinkage=0.03


Tree=85
num_leaves=63
num_cat=5
split_feature=1 8 26 26 14 6 12 26 23 23 24 26 6 16 23 23 22 23 23 26 26 5 16 2 6 26 12 12 6 23 12 16 22 12 8 14 24 16 15 26 4 1 13 13 6 26 23 10 25 11 5 14 12 24 9 16 9 7 10 18 14 8
split_gain=15539.5 5042.85 2967.67 3128.21 3038.65 5526.64 4787.76 3080.4 2935.98 2901.53 3162.33 2785.31 2727.36 2720.58 2666.91 2617.95 2519.46 2450.83 2272.87 3362.98 3128.03 2167.81 2108.22 2285.67 2072.21 2011.39 2423.13 2707.14 1991.18 1970.64 1899.67 1878.67 1766.38 2225.3 1755.26 1690.13 1680.33 1640.7 1727.6 2480.12 1531.9 1527.49 1506.09 2339.31 1858.1 1497.72 2287.03 1637.62 2149.86 1456.37 1452.8 1440.43 1582.69 1396.6 2055.02 2208.94 2341.58 1819.24 1379.66 1361.17 1350.25 1347.6
threshold=21.910000000000004 33.016666666666673 438.50000000000006 1864.0000000000002 1.0000000180025095e-35 40.050000000000004 4.5000000000000009 818.50000000000011 8.8062500000000039 8.4020833333333353 5.3000000000000096 103.50000000000001 37.95000000000001 0 6.9958333333333353 5.939583333333335 0.99535829673000953 10.62291666666667 5.5333333333333341 211.50000000000003 187.50000000000003 22.050000000000004 1 49.050000000000004 23.960000000000004 37.500000000000007 4.5000000000000009 1.0000000180025095e-35 13.110000000000001 5.4541666666666684 2.5000000000000004 2 0.96359376111369366 3.5000000000000004 43.016666666666673 1.0000000180025095e-35 0.59999999999999887 3 1.0000000180025095e-35 281.50000000000006 45.029411764705891 30.050000000000004 -0.93301270189221919 -0.5 11.033333333333335 175.50000000000003 7.2187500000000009 1.0000000180025095e-35 153.84045844482785 0.1294095225512602 34.033333333333339 0.25000000000000017 2.5000000000000004 0.10000000000000196 57.812500000000007 4 43.892708333333339 22.050000000000004 -0.25881904510252113 89.500000000000014 0.93301270189221952 39.016666666666673
decision_type=8 10 2 2 2 10 2 2 10 10 10 2 10 1 10 8 2 10 10 2 2 8 1 8 10 2 2 2 8 10 2 1 2 2 10 2 10 1 2 2 10 8 2 2 10 2 10 2 10 2 10 2 2 10 10 1 10 8 2 2 2 10
left_child=8 12 9 4 6 7 24 -6 11 10 18 25 15 -8 -7 35 41 -9 19 20 22 -11 49 36 -4 26 27 58 -17 51 37 -29 -23 61 -12 -2 -24 -20 39 40 -39 -14 -10 44 -44 46 47 48 -13 -3 -37 -27 -53 54 55 56 57 -32 -1 -30 -55 -34
right_child=1 2 3 -5 5 14 13 17 42 21 34 45 16 -15 -16 28 -18 -19 30 -21 -22 32 23 -25 -26 29 -28 31 59 -31 53 -33 33 -35 -36 50 -38 38 -40 -41 -42 -43 43 -45 -46 -47 -48 -49 -50 -51 -52 52 -54 60 -56 -57 -58 -59 -60 -61 -62 -63
leaf_value=0.0051040441657854933 -0.011121080522061857 0.12551693729833882 -0.10257170762209331 -0.099677983124466504 0.031273089798661634 0.07767258323278399 0.37113662008581488 0.24127528135262599 -0.066658682614475884 -0.1763603787545337 -0.0089507181077810669 0.30845063278941731 0.0091784417691158394 0.16424123557741771 -0.11515949990794556 -0.054194334298855291 0.23442750720550184 0.030324905462886971 -0.015698053908502232 0.0096355136416968884 0.36873709198675658 -0.023169459262366757 0.22662896869083246 -0.11034381103813648 0.096943412788386918 -0.033384125792922881 -0.033819663022736014 -0.0089642973315767135 0.0083045927538152702 -0.047603691134962982 0.11636262854004835 0.031509971037021578 0.051224380947771618 -0.024139364051424767 -0.19344707622591939 0.071805656362532472 0.017063276535746727 0.065523732200325993 0.026437112625655051 0.29377934318521748 0.19933648774780116 0.093001106212968407 -0.033901438984648723 -0.034705433383698421 0.022713800566284553 0.0075340179456770138 0.014323764208951971 0.054605528741855834 0.071446104777001196 0.32900860533118242 -0.060465689102808633 0.17974153357380057 -0.0060103184023460781 -0.0052473645457295605 0.17818036605052096 0.061070046144616329 -0.20550776362992249 -0.068178372654074337 -0.060604451783981758 -0.027786801397765334 -0.16533604525029658 0.24412050454105647
leaf_weight=470 397 67 51 85 244 93 87 176 879 67 271 76 452 167 211 617 69 69 145 192 57 751 72 50 576 156 2022 1698 5511 2112 77 2632 61 121 56 966 66 305 224 69 103 345 843 6324 1369 1351 369 136 63 60 81 89 77 183 81 426 65 128 741 1134 64 70
leaf_count=470 397 67 51 85 244 93 87 176 879 67 271 76 452 167 211 617 69 69 145 192 57 751 72 50 576 156 2022 1698 5511 2112 77 2632 61 121 56 966 66 305 224 69 103 345 843 6324 1369 1351 369 136 63 60 81 89 77 183 81 426 65 128 741 1134 64 70
internal_value=-0.000270489 0.0229667 0.0456067 0.0778654 0.0868804 0.0442779 0.125227 0.106723 -0.0167288 0.0307952 0.0470483 -0.00688447 0.00974504 0.235107 -0.0561681 0.00469446 0.0605191 0.181865 0.0588164 0.111604 0.164232 -0.0111441 0.127227 0.0634376 0.0807149 -0.0133432 -0.00570931 0.00454861 -0.00264136 -0.0370636 0.0428955 0.0156381 -0.000107681 0.0686201 -0.0405464 0.0415869 0.126402 0.0761618 0.0951627 0.127436 0.0993049 0.045463 -0.0292675 -0.0254172 0.00113756 0.0254805 0.0631292 0.128617 0.201031 0.221655 0.0615726 0.0320692 0.0935795 0.0154119 0.0351654 0.0185214 -0.0486108 0.00113703 -0.0351024 0.00214543 -0.0467278 0.154299
internal_weight=36569 15162 5590 1759 1674 793 881 489 21407 3831 2761 11992 9572 254 304 8706 866 245 2434 564 372 1070 315 188 627 9997 7563 5541 7262 2434 1870 4330 1003 252 327 1444 138 846 701 477 408 797 9415 8536 2212 1995 644 275 139 127 1047 322 166 1024 777 696 270 205 1211 6645 247 131
internal_count=36569 15162 5590 1759 1674 793 881 489 21407 3831 2761 11992 9572 254 304 8706 866 245 2434 564 372 1070 315 188 627 9997 7563 5541 7262 2434 1870 4330 1003 252 327 1444 138 846 701 477 408 797 9415 8536 2212 1995 644 275 139 127 1047 322 166 1024 777 696 270 205 1211 6645 247 131
cat_boundaries=0 1 2 3 4 5
cat_threshold=1 1 4 2 4
is_linear=0
shrinkage=0.03


Tree=86
num_leaves=63
num_cat=2
split_feature=8 26 23 24 13 13 23 5 24 16 23 26 6 26 6 16 7 23 26 23 9 12 7 23 26 13 5 14 6 26 12 15 12 26 14 26 6 13 7 26 8 12 13 7 26 26 13 14 8 12 14 12 26 26 23 18 25 26 13 12 24 7
split_gain=14153.3 5825.79 4042.64 3125.03 3611.18 2871.04 2645.98 3434.17 3096.46 2860.12 2848.5 3038.66 2768.52 2589.35 2410.82 2155.34 2040.21 2887.95 2037.8 2127.7 1966.19 1955.48 2740.2 1895.27 1889.22 3380.04 2426.52 2384.13 3837.67 3705.91 3699.63 1973.08 1825.48 1783.77 1678.22 1671.29 1886.77 2262.33 1832.79 1611.21 2076.24 1599.02 2698.64 1696.04 2066.23 3015.71 2350.09 2474.16 1668.97 1595.77 1542.14 3382.97 3129.34 1841.55 1507.73 1472.09 1427.93 1857.04 2847.85 1405.47 1404.21 1396.93
threshold=31.291666666666668 103.50000000000001 7.3187500000000023 10.750000000000004 -0.5 -0.93301270189221919 8.1270833333333368 19.041666666666668 5.2000000000000091 0 6.5312500000000009 510.00000000000006 71.500000000000014 184.00000000000003 35.016666666666673 1 28.050000000000004 5.2458333333333353 880.00000000000011 4.6854166666666694 13.376041666666667 1.5000000000000002 35.016666666666673 4.8229166666666687 374.50000000000006 0.25000000000000006 30.800000000000001 1.0000000180025095e-35 22.850000000000005 1864.0000000000002 1.5000000000000002 1.0000000180025095e-35 4.5000000000000009 351.50000000000006 0.93301270189221952 618.50000000000011 12.15 0.68301270189221941 42.050000000000004 145.50000000000003 20.170833333333338 2.5000000000000004 0.93301270189221952 27.027777777777782 1216.0000000000002 176.50000000000003 0.25000000000000006 -0.5 12.008333333333335 1.0000000180025095e-35 0.93301270189221952 3.5000000000000004 255.50000000000003 285.50000000000006 9.3812500000000032 97.500000000000014 5.6609197431199982 8.5000000000000018 0.25000000000000006 1.0000000180025095e-35 19.150000000000009 69.500000000000014
decision_type=10 2 10 8 2 2 10 8 10 1 10 2 10 2 10 1 8 10 2 10 8 2 8 10 2 2 8 2 10 2 2 2 2 2 2 2 10 2 8 2 8 2 2 10 2 2 2 2 10 2 2 2 2 2 10 2 8 2 2 2 10 8
left_child=1 3 13 4 5 23 8 -8 9 10 11 33 61 14 21 55 17 20 19 -15 -17 -3 39 -1 26 -26 -9 28 -27 32 -29 50 -30 -2 -12 36 -21 38 -38 40 -23 42 43 44 45 46 59 -48 -45 -6 51 -28 -52 -54 -53 -7 57 -51 -59 -4 -10 -11
right_child=6 2 41 -5 49 15 7 24 60 12 34 -13 -14 18 -16 16 -18 -19 -20 35 -22 22 -24 -25 25 27 31 30 29 -31 -32 -33 -34 -35 -36 -37 37 -39 -40 -41 -42 -43 -44 48 -46 -47 47 -49 -50 56 52 54 53 -55 -56 -57 -58 58 -60 -61 -62 -63
leaf_value=0.047353384998341345 0.15093226534113663 -0.0094718930374910228 -0.074836698654432626 -0.034545926886871574 -0.059823997424566303 0.038791227124483373 -0.22530731398393125 0.073319132229953538 0.0029588098356180125 0.045196970113884939 0.085290657468801975 0.31467079023280775 0.25001909729093313 0.14012638869826211 0.28725273530108525 0.012478563618328836 -0.044950042431600133 0.0041531674960933939 0.18642449869148767 -0.060919572343565008 0.16340138074254892 0.27401170710900002 0.21137306162458383 -0.044783838998591313 0.25534811213834963 -0.14713369152330064 0.12366380924961584 0.13829911583910384 0.078863509293553069 -0.10090634675615508 -0.083495515322844896 -0.1019513822790603 0.19769576439712666 0.029467216950166842 -0.017203866312574399 -0.064854238539361564 0.031163437835977657 0.084867930393791258 -0.064994645471926085 -0.00437070513389759 0.060699603218923912 -0.014986383936035776 -0.042182172605273516 -0.039002494956067668 0.11816148762664229 -0.028593401588495125 0.24035413732677696 0.052499669554332891 0.088961392287234292 -0.037850028128399799 -0.10431826246627773 -0.17818689004849578 0.22027278342667747 -0.035941755849123 0.0044540441078880361 0.18233033974057258 -0.034794152353077729 -0.0048130102054475456 0.086604120213149491 0.057699668466176357 -0.16042600492222442 -0.040825404059629471
leaf_weight=238 436 188 129 6346 971 1598 51 288 384 1538 591 83 56 121 51 135 645 2936 67 219 183 56 151 1290 67 73 204 90 644 92 273 233 142 145 190 233 671 502 243 182 154 3586 601 109 153 1001 100 171 579 1145 251 59 51 50 131 67 2769 2140 358 163 54 191
leaf_count=238 436 188 129 6346 971 1598 51 288 384 1538 591 83 56 121 51 135 645 2936 67 219 183 56 151 1290 67 73 204 90 644 92 273 233 142 145 190 233 671 502 243 182 154 3586 601 109 153 1001 100 171 579 1145 251 59 51 50 131 67 2769 2140 358 163 54 191
internal_value=0.000423874 -0.00813269 0.0114298 -0.0169927 -0.00929717 0.00599146 0.041078 0.0185325 0.0576675 0.0678177 0.0991937 0.144875 0.0424181 0.0413662 0.0878305 0.0159943 0.00379276 0.0134544 0.0236936 0.0182119 0.0993304 0.0739173 0.102789 -0.0304326 0.0232288 0.0475002 -0.00322648 0.0369021 0.0618683 0.0792455 -0.0285051 -0.0257445 0.100332 0.120618 0.060356 0.0103149 0.0210271 0.033701 0.00559843 0.0609615 0.117583 -0.00145853 0.0146795 0.028889 0.0129416 0.00264832 0.0581953 0.121819 0.068688 -0.0239832 -0.00194261 0.0388271 -0.0475769 0.0934339 -0.0522608 0.0445673 -0.0185557 -0.00621297 0.0082884 -0.000852357 -0.0171845 0.0356942
internal_weight=36618 30251 9430 20821 14475 7092 6367 2699 3668 3230 1445 664 1785 2838 782 5564 3899 3254 2056 1989 318 731 543 1528 2648 1381 1267 1314 951 878 363 979 786 581 781 1868 1635 1416 914 392 210 6592 3006 2405 1717 1564 563 271 688 7383 746 394 352 101 190 1665 6412 3643 2498 292 438 1729
internal_count=36618 30251 9430 20821 14475 7092 6367 2699 3668 3230 1445 664 1785 2838 782 5564 3899 3254 2056 1989 318 731 543 1528 2648 1381 1267 1314 951 878 363 979 786 581 781 1868 1635 1416 914 392 210 6592 3006 2405 1717 1564 563 271 688 7383 746 394 352 101 190 1665 6412 3643 2498 292 438 1729
cat_boundaries=0 1 2
cat_threshold=1 1
is_linear=0
shrinkage=0.03


Tree=87
num_leaves=63
num_cat=2
split_feature=24 16 23 13 23 24 6 7 13 5 7 6 25 6 12 7 2 7 23 5 6 14 17 25 7 25 23 24 24 12 12 8 0 7 0 10 23 12 0 2 4 25 13 8 23 7 24 0 5 6 16 24 18 5 8 12 13 14 12 25 12 25
split_gain=13147.2 5204.24 4602.25 4856.7 3136.52 2856.5 2843.53 2491.83 2488.54 2466.68 2430.32 2241.58 2135.38 2131.77 2129.96 1971.72 2396.02 2579.7 1948.8 1937.47 1828.29 1814.77 3480.66 3023.02 1816.59 1808.52 1761.63 1861.22 1736.22 1675.01 1806.95 2268.43 1660.8 1642.89 1572.27 1567.32 1331.69 1317.55 1305.13 1295.29 1288.3 1220.61 1190.58 1471.55 1180.21 1423.6 1170.52 1160.04 1152.43 1147.19 1145.87 1140.03 1121.46 1117.92 1330.26 1187.12 1831 1627.51 2667.83 1705.22 1422.5 1657.62
threshold=1.0000000180025095e-35 0 8.0729166666666696 0.68301270189221941 5.731250000000002 18.900000000000009 33.850000000000009 37.050000000000004 1.0000000180025095e-35 12.025000000000002 52.150000000000006 17.016666666666669 7.9801187136889729 24.050000000000004 4.5000000000000009 75.250000000000014 41.050000000000004 44.100000000000009 12.245833333333335 26.950000000000003 43.95000000000001 -0.24999999999999994 22.150000000000002 81.469516946350737 13.537500000000001 180.3952233250142 11.022916666666669 2.3000000000000056 2.1000000000000045 1.0000000180025095e-35 2.5000000000000004 29.338888888888892 33.050000000000004 46.100000000000009 6.0500000000000007 -0.25881904510252113 8.297916666666671 1.5000000000000002 25.316666666666666 22.971428571428575 27.975000000000005 13.690900954558325 -0.6830127018922193 22.675000000000008 6.5062500000000014 22.850000000000005 1.2000000000000026 31.950000000000003 34.966666666666676 18.909459459459462 1 0.70000000000000473 79.500000000000014 62.95000000000001 57.858333333333341 2.5000000000000004 0.93301270189221952 0.6830127018922193 4.5000000000000009 411.04799783439245 3.5000000000000004 207.42878522062276
decision_type=8 1 10 2 8 10 10 10 2 8 8 10 10 10 2 8 8 10 10 8 10 2 2 10 10 10 10 10 10 2 2 10 10 10 10 2 10 2 8 10 10 10 2 8 10 10 10 10 10 10 1 10 2 10 10 2 2 2 2 10 2 10
left_child=2 6 3 8 5 11 29 50 9 -1 52 -3 47 -12 -15 16 17 20 41 -18 -11 23 -23 34 28 -26 27 37 -25 35 31 44 -32 -21 -6 -2 -34 42 -14 -30 -39 -4 -24 -44 45 -31 -33 -8 -29 -27 -5 -45 -10 54 55 56 -43 59 60 -57 61 -59
right_child=1 4 18 7 21 -7 12 -9 10 15 13 -13 38 14 -16 -17 19 -19 -20 33 -22 22 26 24 25 49 -28 48 39 30 32 46 36 -35 -36 -37 -38 40 -40 -41 -42 53 43 51 -46 -47 -48 -49 -50 -51 -52 -53 -54 -55 -56 57 -58 58 -60 -61 -62 -63
leaf_value=0.23385406820287166 0.0091476915137435073 -0.0003123808065942196 -0.061126856357983213 0.17150002367598444 -0.06280178248035459 -0.071503154045296544 0.080142622544119746 0.26012669575758851 0.0037764099218558275 0.024548763056117848 -0.0080521893887384698 0.063229558350947651 -0.03296680702174154 0.15907786659942941 0.010124681891666517 -0.079485923242412104 0.29269962626569901 0.24448828595793906 -0.040802912045836671 0.11927124469669238 0.16346323499149018 0.16969197111902756 0.10324063256005202 -0.11363419506097763 0.073962544933638963 -0.088242714403741124 -0.077728385112774981 -0.043458701456066152 0.14552496017089911 0.025344081361328853 -0.0002432784015681519 0.20319608458317817 -0.034438005706052412 -0.037873053789138793 -0.019326729850052932 -0.060438144645993064 -0.18302756157836744 -0.0094817634497155606 0.050844077358452505 -0.05204093783162534 -0.074712821320522552 0.048769043495174559 -0.041315894145663494 -0.0056122825495325598 0.0064079805879866504 0.12542414183499381 0.033404788732276119 0.24233104863217178 -0.13080730763224646 0.024944001562177496 0.075671451483268384 0.15658659884562859 -0.064125172050220183 -0.11661171331158224 0.13295540966603314 0.014880560100615595 -0.095592928741659436 0.053521282785572111 0.019106323745176526 0.11929879018105566 -0.12755093542597393 -0.11324851949343975
leaf_weight=71 494 1312 174 152 835 326 90 104 893 1354 247 807 208 240 135 95 50 54 619 414 91 72 143 147 649 113 950 3185 56 425 4129 96 184 70 7241 710 77 1102 853 64 362 1348 257 78 1610 183 59 71 142 281 430 78 290 53 95 868 84 120 630 168 235 97
leaf_count=71 494 1312 174 152 835 326 90 104 893 1354 247 807 208 240 135 95 50 54 619 414 91 72 143 147 649 113 950 3185 56 425 4129 96 184 70 7241 710 77 1102 853 64 362 1348 257 78 1610 183 59 71 142 281 430 78 290 53 95 868 84 120 630 168 235 97
internal_value=-0.000739367 -0.0111537 0.030329 0.0511138 -0.0204457 0.0111683 0.00725033 0.124869 0.0384775 0.059905 0.0123727 0.0238869 0.0498619 0.0603804 0.105455 0.0541013 0.0603437 0.040905 0.00862316 0.11491 0.033297 -0.0253519 -0.0377121 -0.0169647 0.0253085 0.0431827 -0.0400836 -0.0333952 -0.0445148 0.000714456 0.00651844 0.0276099 -0.00488251 0.0965438 -0.0238217 -0.0318871 -0.0782748 -0.0106801 0.0344137 0.0401565 -0.0256113 0.0165247 0.0286353 0.00280342 0.019856 0.0554669 0.138566 0.151667 -0.0471868 -0.00751818 0.100699 0.0754872 -0.0128689 0.0201784 0.0221674 0.0192026 0.0403009 0.00493791 -0.0207949 0.0318132 -0.0764093 -0.0210256
internal_weight=36570 27389 9181 4690 18200 2445 9189 686 4004 2199 1805 2119 1222 622 375 2128 2033 1499 4491 534 1445 15755 6369 9386 1310 1043 6297 5347 267 7967 6763 2373 4390 484 8076 1204 261 2020 1061 120 1464 3872 556 413 2218 608 155 161 3327 394 582 156 1183 3698 3645 3550 1432 2118 1082 1036 452 217
internal_count=36570 27389 9181 4690 18200 2445 9189 686 4004 2199 1805 2119 1222 622 375 2128 2033 1499 4491 534 1445 15755 6369 9386 1310 1043 6297 5347 267 7967 6763 2373 4390 484 8076 1204 261 2020 1061 120 1464 3872 556 413 2218 608 155 161 3327 394 582 156 1183 3698 3645 3550 1432 2118 1082 1036 452 217
cat_boundaries=0 1 2
cat_threshold=1 1
is_linear=0
shrinkage=0.03


Tree=88
num_leaves=63
num_cat=2
split_feature=24 16 16 23 23 6 4 24 23 13 12 4 23 1 14 12 7 24 21 12 13 6 18 13 5 5 7 24 4 12 23 7 7 21 13 6 7 5 13 2 24 24 21 22 9 18 22 14 4 22 2 14 9 14 13 12 12 3 23 9 6 7
split_gain=11979.3 5365.55 4071.93 3937.76 3145.78 2926.24 2585.49 2192.24 2147.38 2079.38 1980.47 1906.85 1871.17 1783.36 1772.17 2388.72 1717.84 2073.59 1700.58 1543.34 2502.65 2137.54 2042.28 1506.89 1491.26 1508.72 1487.29 1458.24 1447.07 1409.36 1363.9 1341.88 1761.1 1573.42 1197.54 1543.69 1167.48 1166.65 1150.46 1498.52 1144.19 1177.26 1083.16 1066.86 1064.05 1408.45 1748.06 1698.32 1179.96 1033.17 1028.59 1916.34 1635.31 1022.91 1008.75 1048.69 992.775 1150.34 1716.08 988.178 973.418 1186.48
threshold=1.0000000180025095e-35 0 1 6.5062500000000014 5.5333333333333341 28.950000000000003 50.058823529411775 18.900000000000009 12.672916666666671 -0.5 1.0000000180025095e-35 67.500000000000014 4.9958333333333353 43.102941176470587 -0.68301270189221952 2.5000000000000004 40.050000000000004 4.4000000000000083 -0.0087262032186418721 2.5000000000000004 -0.24999999999999994 38.100000000000009 88.500000000000014 -0.93301270189221919 52.100000000000009 38.100000000000009 17.972972972972979 0.90000000000000047 11.316666666666668 3.5000000000000004 11.664583333333335 28.550000000000004 16.425000000000001 0.44618082326431213 0.68301270189221941 27.550000000000004 30.800000000000001 23.316666666666666 0.68301270189221941 39.975000000000009 15.950000000000008 0.10000000000000488 0.52247866957162981 -0.37460659341591213 37.547916666666673 88.500000000000014 0.85260769842926909 1.0000000180025095e-35 37.95000000000001 0.36648727148060617 42.050000000000004 1.0000000180025095e-35 48.088888888888896 0.93301270189221952 -0.5 1.5000000000000002 4.5000000000000009 32.81666666666667 7.8687500000000021 42.834375000000009 35.95000000000001 1.0000000180025095e-35
decision_type=8 1 1 10 8 10 10 10 10 2 2 10 10 8 2 2 10 10 2 2 2 10 2 2 10 8 10 10 8 2 8 10 10 2 2 8 10 10 2 10 10 10 2 2 10 2 2 2 10 2 8 2 10 2 2 2 2 10 10 10 10 10
left_child=2 5 3 6 7 10 -1 14 11 59 28 12 36 54 -3 26 30 29 27 20 21 49 34 -6 25 -15 42 -11 -2 -18 40 32 56 -33 -22 -36 -4 -19 39 53 41 -12 -16 -28 -25 46 47 48 -46 -14 -20 -52 -53 -35 55 -5 60 -58 -59 -7 61 -21
right_child=1 4 8 13 23 9 -8 -9 -10 18 16 -13 19 24 15 -17 17 37 50 31 22 -23 -24 44 -26 -27 43 -29 -30 -31 -32 33 -34 38 35 -37 -38 -39 -40 -41 -42 -43 -44 -45 45 -47 -48 -49 -50 -51 51 52 -54 -55 -56 -57 57 58 -60 -61 -62 -63
leaf_value=0.10264099001626383 0.079732918202115061 -0.050766133092766765 0.055990101478163551 0.17436357113886886 -0.050869589166473286 0.10084870338321625 0.28256938772542134 -0.061449795555438572 -0.049108189787915708 0.11227922873318195 -0.083922951155846276 0.15844235895473635 -0.035461131016343413 0.024041107334196565 0.077022425630158445 0.0063680271624451659 0.19447523679700679 0.052480864980852741 -0.041914044460264609 0.074733987740920216 0.010956179539090675 0.27267187761080164 -0.08705573103779668 -0.022701759528204093 0.0014661538688273265 0.14507579119543412 0.033091770179081159 0.012426290264178951 -0.047124923713463183 0.022941346045010365 -0.050154924533392299 0.0026775350710406065 0.044005218414686055 -0.11177485259919522 0.10782332555959859 -0.014171323248994176 0.18772456218861044 -0.12983297352405154 0.063160815507173534 -0.2316456405661608 -0.022244853366672198 0.015890054102418675 -0.027767282844383696 0.17857472330710644 0.19162961400387918 -0.087155473686537699 0.19916443385756932 -0.050508059515901232 0.034948435626531903 0.088537173806415764 0.1353287837705027 0.096904680281877514 -0.11106804143475449 -0.0024985656202496853 0.01416667714853072 0.044890686134835156 -0.016329514564177573 -0.027547544073816894 -0.25505717847347259 -0.019581229602513107 0.11179847855340032 -0.033483183126058635
leaf_weight=498 88 229 249 71 1682 551 84 291 426 250 109 89 71 128 326 900 128 83 408 133 1257 52 158 13720 145 336 61 278 1007 65 403 643 972 178 293 137 80 51 50 57 985 4375 122 177 51 103 52 207 285 408 102 54 92 136 1371 272 460 74 50 69 85 290
leaf_count=498 88 229 249 71 1682 551 84 291 426 250 109 89 71 128 326 900 128 83 408 133 1257 52 158 13720 145 336 61 278 1007 65 403 643 972 178 293 137 80 51 50 57 985 4375 122 177 51 103 52 207 285 408 102 54 92 136 1371 272 460 74 50 69 85 290
internal_value=-8.97366e-05 -0.010087 0.0294104 0.0588292 -0.0194881 0.00872565 0.12861 0.0149914 0.0159476 0.0429368 0.000264315 0.0206275 0.0185247 0.0413465 0.0272473 0.0385115 0.00683436 0.0737567 0.0196297 0.0143704 0.0325977 0.0899894 0.0160801 -0.0239983 0.0854439 0.111687 0.0806823 0.0597051 -0.03693 0.136705 0.00310759 0.000525144 0.014633 -0.0268419 0.0257396 0.0689553 0.0880228 -0.0169072 -0.0719275 -0.0901335 0.0070324 0.0134637 0.0484859 0.141287 -0.0208635 0.015269 0.0329997 0.017087 0.0587304 0.0701575 -0.0126262 0.035557 -0.0341466 -0.064445 0.0256783 0.0716912 -0.0115115 -0.03819 -0.119285 0.087446 0.0191582 0.000542547
internal_weight=36557 27304 9253 2905 18206 9098 582 2106 6348 1804 7294 5922 5833 2323 1815 1586 6199 327 1184 5504 2376 531 1845 16100 609 464 686 528 1095 193 5872 3128 2064 1064 1687 430 329 134 421 371 5469 4484 448 238 14418 698 595 543 336 479 656 248 146 314 1714 343 1092 584 124 620 508 423
internal_count=36557 27304 9253 2905 18206 9098 582 2106 6348 1804 7294 5922 5833 2323 1815 1586 6199 327 1184 5504 2376 531 1845 16100 609 464 686 528 1095 193 5872 3128 2064 1064 1687 430 329 134 421 371 5469 4484 448 238 14418 698 595 543 336 479 656 248 146 314 1714 343 1092 584 124 620 508 423
cat_boundaries=0 1 2
cat_threshold=1 1
is_linear=0
shrinkage=0.03


Tree=89
num_leaves=63
num_cat=2
split_feature=26 23 16 22 14 8 24 13 6 5 23 23 25 23 26 13 26 6 8 18 13 16 12 26 12 9 26 26 12 22 26 13 6 12 12 2 12 3 2 3 9 26 13 6 23 26 26 19 9 26 18 18 23 26 25 4 5 26 9 12 6 12
split_gain=12283.4 6834.44 5232.98 3891.89 4115.51 3521.31 3407.62 4915.89 3446.59 3328.85 2824.59 2666.67 2368.41 2297.16 1969.14 2517.68 2361.01 2256.95 2090.84 1808.85 1719.7 1634.79 1767.52 1682.55 1613.14 1872.53 2412.7 2217.48 3601.58 1836.53 1491.08 3631.15 1490.41 1450.93 1799.32 1796.53 1322.71 1540.22 1402.37 1319.35 1298.5 1484.22 1277.21 2058.14 1260.05 1253.57 3275.56 1251.52 1247.39 2013.24 1381.25 1186.62 1182.95 2862.73 1824.97 1260.67 1870.13 1134.69 1131.09 1390.63 1193.68 1991.12
threshold=101.50000000000001 5.3333333333333348 0 0.89490028524376741 1.0000000180025095e-35 68.075000000000003 16.550000000000015 -0.5 13.110000000000001 57.150000000000006 7.2187500000000009 12.097916666666668 8.2732814008401103 11.789583333333335 436.50000000000006 0.68301270189221941 976.50000000000011 45.029411764705891 43.508333333333333 47.500000000000007 -0.93301270189221919 1 5.5000000000000009 1.0000000180025095e-35 2.5000000000000004 43.338541666666679 261.00000000000006 1424.5000000000002 3.5000000000000004 -0.87878364999916114 8.5000000000000018 0.25000000000000006 5.9500000000000011 1.0000000180025095e-35 3.5000000000000004 39.050000000000004 1.0000000180025095e-35 29.950000000000003 58.050000000000004 56.050000000000004 36.096875000000011 502.00000000000006 0.25000000000000006 46.100000000000009 5.877083333333335 217.00000000000003 195.50000000000003 4.7500000000000009 20.417708333333337 288.50000000000006 76.500000000000014 48.500000000000007 10.26041666666667 818.50000000000011 819.21611965807267 60.050000000000004 53.100000000000009 1049.0000000000002 31.760416666666668 1.5000000000000002 19.983333333333338 3.5000000000000004
decision_type=2 10 1 2 2 10 8 2 10 10 10 10 8 10 2 2 2 8 8 2 2 1 2 2 2 8 2 2 2 2 2 2 10 2 2 8 2 10 8 8 10 2 2 10 10 2 2 2 10 2 2 2 10 2 10 8 10 2 10 2 10 2
left_child=6 9 10 4 14 11 7 8 -1 45 19 42 30 58 -4 -16 18 51 -17 -3 -10 -22 39 -24 29 -26 -27 28 -28 -12 -9 33 -33 -32 35 44 37 -31 57 -23 -21 -42 43 -5 -35 46 47 -2 49 -44 -51 -18 53 55 -55 56 -6 -38 59 -14 -61 -62
right_child=1 2 3 5 52 -7 -8 12 20 -11 24 -13 13 -15 15 16 17 -19 -20 40 21 22 23 -25 25 26 27 -29 -30 36 31 32 -34 34 -36 -37 38 -39 -40 -41 41 -43 48 -45 -46 -47 -48 -49 -50 50 -52 -53 -54 54 -56 -57 -58 -59 -60 60 61 -63
leaf_value=-0.017329422743847706 0.16308704301420793 0.2042995674800627 -0.0020986720763400872 0.050073852958978426 -0.021313532898880095 0.27471679671534471 -0.041300663767034299 -0.037228057567800323 -0.016362003054511718 0.33335079809364221 0.0085533366475010718 -0.14076422995838678 -0.072499605044035187 -0.11877184111360375 -0.049463841353417998 0.16881098171240908 0.16525498979325806 -0.1297986290594445 0.054499414300380696 0.04685150016481851 -0.0031301685917454109 0.042062962005456214 -0.14785943054904538 0.007353415818475751 -0.010635713529460246 -0.041159619085098569 -0.025153382830086009 -0.039921037449844571 0.2172170431154673 0.093659132610080562 -0.074091045011683052 0.19900220197710122 0.047793156478913836 0.16143201753778277 -0.036372725322466902 -0.15528053124036106 0.10736377759985624 -0.035063556021562324 -0.03744674877574046 0.16622279390173997 0.081092102885947079 0.21699499191824151 -0.030087100096624079 0.19886382115464057 0.012611574793479201 0.059074784821081583 0.34443950044025073 0.029412878609084068 -0.017044772445824155 0.16524108612434873 -0.0052340907957404851 0.023101089947130077 -0.053159032205432215 0.23264182212034937 0.017712614703224973 -0.089212206461363366 0.16392139949798581 0.25335842063029607 -0.10013346129460964 -0.034998746600659547 0.089673915692004794 -0.024779803899037806
leaf_weight=3796 114 97 1650 834 2591 56 3635 1716 1017 52 563 76 586 352 201 266 63 79 314 774 1258 3083 72 495 1310 152 79 76 183 173 347 66 528 53 1237 56 425 162 54 79 303 95 142 93 1511 552 55 141 489 149 60 328 1140 64 80 243 50 54 238 1420 211 389
leaf_count=3796 114 97 1650 834 2591 56 3635 1716 1017 52 563 76 586 352 201 266 63 79 314 774 1258 3083 72 495 1310 152 79 76 183 173 347 66 528 53 1237 56 425 162 54 79 303 95 142 93 1511 552 55 141 489 149 60 328 1140 64 80 243 50 54 238 1420 211 389
internal_value=-0.000724881 0.0208626 0.0154752 0.00222861 -0.00801463 0.0403589 -0.0147448 -0.00952977 0.00504545 0.100248 0.041874 0.0332379 -0.025929 -0.046477 0.0194228 0.0478085 0.0664292 0.0164556 0.106925 0.0797995 0.0191918 0.0264424 0.0364188 -0.0123562 0.0269785 0.00807809 0.0581089 0.10275 0.144136 0.0507527 -0.014019 -0.00353277 0.0645942 -0.016163 -0.00912733 0.0116767 0.0781239 0.0314111 0.107484 0.045165 0.0694953 0.113531 0.0407219 0.065001 0.0176547 0.0861863 0.134462 0.0891731 0.0139281 0.0570784 0.116301 0.0460057 -0.0271116 -0.0173051 0.113237 -0.0238231 -0.0178066 0.123822 -0.0375291 -0.0318116 -0.0200081 0.0154698
internal_weight=36527 14382 13468 8968 7069 1899 22145 18510 9800 914 4500 1843 8710 3196 2901 1251 1050 470 580 1269 6004 4987 3729 567 3231 1800 490 338 262 1431 5514 3798 594 3204 2857 1620 868 335 533 3162 1172 398 1767 927 1564 862 310 255 840 351 209 391 4168 3028 144 2884 2641 479 2844 2606 2020 600
internal_count=36527 14382 13468 8968 7069 1899 22145 18510 9800 914 4500 1843 8710 3196 2901 1251 1050 470 580 1269 6004 4987 3729 567 3231 1800 490 338 262 1431 5514 3798 594 3204 2857 1620 868 335 533 3162 1172 398 1767 927 1564 862 310 255 840 351 209 391 4168 3028 144 2884 2641 479 2844 2606 2020 600
cat_boundaries=0 1 2
cat_threshold=1 2
is_linear=0
shrinkage=0.03


Tree=90
num_leaves=63
num_cat=0
split_feature=24 0 26 26 13 6 24 14 14 26 12 5 12 22 5 14 6 12 14 19 5 7 7 13 0 5 7 26 26 26 13 12 26 14 8 6 1 26 6 14 8 19 2 24 0 5 6 22 26 26 26 12 12 4 14 26 12 25 6 7 14 19
split_gain=12061.9 4168.2 3784.05 3563.84 2447.23 2524.72 2581.78 2300.12 2127.67 2575.48 2078.46 2044.23 2002.88 1907.04 2607.35 2483.25 2090.3 1918.07 2175.25 1911.39 1852.79 1801.84 1736.42 1758.98 1733.84 1645.69 1631.46 1912.45 1495.06 1508.03 3864.49 1696.89 1579.01 4006.97 1432 1426.36 2171.34 1506.26 1441.52 1361.76 1316.27 1312.76 1491.8 1300.29 1275.74 1253.59 1252.69 1234.98 1711.31 2136.43 1758.14 2134.07 2113.5 1678.37 1555.27 1330.84 1291.36 1239.37 1378.99 1314.28 1307.29 1285.63
threshold=0.29999999999999788 37.050000000000004 133.50000000000003 175.50000000000003 0.68301270189221941 19.983333333333338 12.300000000000004 0.93301270189221952 1.0000000180025095e-35 195.50000000000003 1.0000000180025095e-35 17.050000000000004 3.5000000000000004 0.49240481012316878 38.100000000000009 -0.5 40.050000000000004 2.5000000000000004 0.6830127018922193 10.950000000000001 13.537500000000001 41.95000000000001 36.050000000000004 -0.5 48.050000000000004 42.95000000000001 42.050000000000004 542.50000000000011 37.500000000000007 9.5000000000000018 0.25000000000000006 4.5000000000000009 5.5000000000000009 0.6830127018922193 40.00833333333334 32.975000000000009 26.950000000000003 995.00000000000011 23.960000000000004 0.6830127018922193 11.337500000000004 3.7500000000000004 28.050000000000004 33.850000000000016 21.050000000000004 16.925000000000001 33.050000000000004 0.96359376111369366 440.50000000000006 323.00000000000006 1324.0000000000002 3.5000000000000004 3.5000000000000004 67.500000000000014 1.0000000180025095e-35 571.50000000000011 1.5000000000000002 24.789779809193536 27.550000000000004 45.94852941176471 0.6830127018922193 9.2500000000000018
decision_type=8 8 2 2 2 10 10 2 2 2 2 8 2 2 8 2 10 2 2 2 10 10 8 2 8 10 8 2 2 2 2 2 2 2 10 10 10 2 10 2 10 2 8 10 10 10 8 2 2 2 2 2 2 8 2 2 2 8 8 10 2 2
left_child=1 13 4 12 5 10 22 8 9 -5 -2 -3 -4 -1 15 45 17 18 -17 -16 -19 -20 23 -7 -25 -9 27 44 29 31 43 32 33 -12 -24 36 -11 -37 -38 -34 -8 -13 -43 -31 -10 -15 -28 48 49 57 52 -52 -50 56 -51 -54 -49 60 -59 61 -44 -60
right_child=2 11 3 7 -6 6 40 25 26 35 28 41 -14 14 19 16 -18 20 21 -21 -22 -23 34 24 -26 -27 46 -29 -30 30 -32 -33 39 -35 -36 37 38 -39 -40 -41 -42 42 47 -45 -46 -47 -48 53 50 54 51 -53 55 -55 -56 -57 -58 58 59 -61 -62 -63
leaf_value=-0.0012041159219625976 -0.048516158413685666 -0.091268156650311807 0.12312722395988031 -0.098630375612699828 -0.077248719463425139 0.045451067697979318 0.071299609339786393 0.24286513070762156 -0.03863725527746683 0.032748538834656289 -0.0056398001327037902 0.12084399001481121 0.014139904086551386 -0.02071281640532803 -0.0098222165743312578 0.11742719718635501 0.13519727185852826 0.10966055492445279 0.030225400102550797 -0.16525791113010863 0.0048377941206620666 0.20454747533159595 -0.0075320530191404726 -0.010643149785065059 0.16836716221755041 0.020669667407870289 -0.0157872658212274 -0.078578616922499026 -0.036111919506811717 -0.0083741812970820392 0.10308688181903092 -0.048299408352270985 -0.033856225147851943 0.22753734524635705 -0.1262698405696587 0.091808280950613524 -0.15775410903402065 -0.074628384057771072 -0.009157239614272273 -0.16320733535662293 -0.044050607403209326 -0.10729808348302657 0.03584440236582475 0.12012807086401152 0.047033536125272508 -0.20544164404273033 0.078841137506950418 0.17139946963034824 0.053179717547965771 -0.16156357016313722 0.13016072407364845 -0.069873593245477719 0.26277876554711443 0.19318890356143151 -0.0082997837830015332 0.11905966791338217 0.043862724364588136 0.11388615387341668 0.057526446114642048 -0.083451945632517038 0.24861004810007115 -0.061118092260603767
leaf_weight=3884 2166 85 377 151 592 1754 97 60 418 1043 2695 272 254 94 373 426 200 167 1134 88 1663 56 541 1078 51 60 337 660 2821 4514 310 1603 868 68 110 444 95 55 154 80 1084 52 51 72 250 51 201 88 495 74 72 144 74 121 306 268 380 155 407 104 53 103
leaf_count=3884 2166 85 377 151 592 1754 97 60 418 1043 2695 272 254 94 373 426 200 167 1134 88 1663 56 541 1078 51 60 337 660 2821 4514 310 1603 868 68 110 444 95 55 154 80 1084 52 51 72 250 51 201 88 495 74 72 144 74 121 306 268 380 155 407 104 53 103
internal_value=7.36532e-06 0.0255325 -0.0116436 0.0130775 -0.0171402 -0.0153531 0.00382508 0.00244653 -0.00162871 0.0203527 -0.0213034 0.0539488 0.0792559 0.0139927 0.0278743 0.0360664 0.0409085 0.0354361 0.0592539 -0.0394932 0.0144036 0.0384288 0.0166582 0.0266509 -0.00255677 0.131767 -0.0245054 -0.0423598 -0.0167801 -0.0114387 0.000572937 -0.0225055 -0.0113637 9.89063e-05 -0.0275953 0.0303842 0.013746 0.0734636 -0.0658508 -0.0447719 -0.0345765 0.0577834 0.0519631 -0.0063567 -0.00657483 -0.0856864 0.0195665 0.0548237 0.044921 0.0212294 0.0731124 -0.00319549 0.0928048 0.093594 -0.0381459 0.150157 0.067844 0.0470743 0.0339291 0.0137445 0.144273 0.0335649
internal_weight=36503 11440 25063 4559 20504 19912 4715 3928 3808 1942 15197 3304 631 8136 4252 3791 3646 3446 1616 461 1830 1190 3534 2883 1129 120 1866 1328 13031 10210 4896 5314 3711 2763 651 1791 1292 499 249 948 1181 3219 2947 4586 668 145 538 2895 2306 1253 1053 216 837 589 380 342 468 873 769 614 104 510
internal_count=36503 11440 25063 4559 20504 19912 4715 3928 3808 1942 15197 3304 631 8136 4252 3791 3646 3446 1616 461 1830 1190 3534 2883 1129 120 1866 1328 13031 10210 4896 5314 3711 2763 651 1791 1292 499 249 948 1181 3219 2947 4586 668 145 538 2895 2306 1253 1053 216 837 589 380 342 468 873 769 614 104 510
is_linear=0
shrinkage=0.03


Tree=91
num_leaves=63
num_cat=3
split_feature=0 23 25 20 12 16 0 22 24 23 6 16 23 6 2 25 23 16 9 14 24 1 25 25 14 18 1 6 25 25 12 11 18 23 5 6 5 24 23 6 21 23 25 2 14 23 6 6 25 23 18 6 12 13 13 9 13 6 24 6 19 6
split_gain=11138.3 4188.69 3212.74 2675.86 2329.25 2126.96 2122.97 1905.29 1857.63 2240.91 2189.37 2090.13 1854.14 1849.25 1824.21 1809.69 1759.18 1602.18 2032.36 1580.2 2718.8 1583.38 1493.15 1427.92 1286.38 1261.85 1225.78 1196.55 1170.92 1153.99 1289.2 1139.56 1393.34 1280.37 1134.26 1374.14 1111.4 1082.77 1077.89 1066.81 1064 1144.41 1033.32 1043.21 1011.72 986.944 973.465 1238.82 1435.73 1255.69 948.476 1319.92 1004.76 922.035 913.948 1097.56 1202.41 913.041 908.051 1302.85 893.427 868.307
threshold=31.950000000000003 7.3187500000000023 16.823850767439428 1.0000000180025095e-35 4.5000000000000009 0 14.925000000000002 -0.87878364999916114 21.850000000000005 6.689583333333335 65.100000000000009 1 4.3270833333333352 6.9500000000000011 56.050000000000004 17.934842013340461 4.2354166666666684 2 10.827083333333334 1.0000000180025095e-35 12.450000000000008 28.050000000000004 4.6385090180012609 65.101974986071056 1.0000000180025095e-35 89.500000000000014 27.027777777777782 12.316666666666668 1.0000000180025095e-35 257.1675852675026 3.5000000000000004 -0.37940952255126009 56.500000000000007 12.672916666666671 28.950000000000003 35.95000000000001 10.316666666666668 2.7000000000000011 5.9125000000000005 36.900000000000006 0.034899496702501011 10.222916666666668 661.02229742163161 28.950000000000003 0.93301270189221952 8.1854166666666703 19.983333333333338 28.950000000000003 86.036672808302868 4.6854166666666694 84.500000000000014 17.910000000000004 2.5000000000000004 0.93301270189221952 -0.93301270189221919 28.379166666666674 0.25000000000000006 25.530952380952385 1.0000000180025095e-35 34.966666666666676 13.950000000000001 30.050000000000004
decision_type=10 8 10 2 2 1 10 2 10 10 10 1 10 10 10 10 10 1 8 2 10 8 10 10 2 2 8 10 10 10 2 2 2 8 10 10 10 10 8 10 2 10 10 10 2 10 10 10 10 10 2 10 2 2 2 8 2 10 10 10 2 8
left_child=1 2 4 7 19 6 -4 23 9 10 11 14 -7 -14 46 45 -13 34 -19 21 22 27 50 -3 29 31 -17 -1 -6 -25 -31 32 -20 36 60 -36 37 -33 39 -15 53 -42 43 -18 61 -11 -2 48 -48 -49 -21 -52 -53 -28 -30 56 -56 -46 59 -40 -9 -8
right_child=8 3 5 -5 28 12 44 17 -10 15 -12 16 13 38 -16 26 42 18 25 20 -22 -23 -24 24 -26 -27 40 -29 54 30 -32 33 -34 -35 35 -37 -38 -39 58 -41 41 -43 -44 -45 57 -47 47 49 -50 -51 51 52 -54 -55 55 -57 -58 -59 -60 -61 -62 -63
leaf_value=-0.024491336267498748 0.16778491296736817 -0.03945475014632225 0.16030478691751207 -0.03553374237171885 -0.082215729609663307 0.1414595318972274 0.049148957624284499 -0.0060819303416447716 -0.14381295513580827 0.0045499851747319619 0.25904254120588305 0.16186391960476235 -0.073883548831516821 0.051586180607179732 0.21403001323342322 -0.090247155565023413 0.12673174776248078 -0.029903130111448201 0.042090854391480817 0.044938875798014956 -0.025125499748614773 -0.12394657994041818 0.013577660881508798 0.031567153039727812 -0.029321642890502722 -0.021071687438236827 0.055282511959007227 0.014776009429127438 0.024159487211451603 -0.15151368468580112 0.021669328151051614 0.16007962732074352 -0.016854826421544584 -0.054209968019488519 -0.10160607693742753 0.02378195191960077 0.035492374364139684 0.0068755291176379706 0.015028687525062341 -0.062187886731354176 0.030711370128641384 -0.02014319462787317 0.11220097584306325 0.0041687532645879287 0.044042036784096406 -0.12002102298118106 -0.11613079010408658 -0.040818000601940463 0.064278508687720573 0.10361719847156488 0.076623810066130796 0.095570231714844689 0.27062773802628115 -0.061792757794970558 -0.05909819714438546 0.055888899147797086 0.052723258999512364 0.19014959478628282 -0.013589299085191351 0.1417591124828215 -0.052998073712192673 -0.01571428940784125
leaf_weight=1350 95 2686 162 4630 389 99 778 3566 51 116 50 87 222 880 99 75 67 1013 555 277 554 103 425 856 1067 670 1552 1447 289 71 85 130 1032 132 270 111 2053 61 740 81 1680 522 103 931 78 113 65 61 102 484 228 50 72 63 803 104 97 76 1175 81 407 244
leaf_count=1350 95 2686 162 4630 389 99 778 3566 51 116 50 87 222 880 99 75 67 1013 555 277 554 103 425 856 1067 670 1552 1447 289 71 85 130 1032 132 270 111 2053 61 740 81 1680 522 103 931 78 113 65 61 102 484 228 50 72 63 803 104 97 76 1175 81 407 244
internal_value=0.000281736 -0.00729564 0.00767418 -0.0156346 -0.00645524 0.0266154 0.05849 -0.00939463 0.0365118 0.0379798 0.0628547 0.0581701 0.013605 0.00962339 0.0924915 0.0250383 0.0319958 -0.0019556 0.00858948 0.00479007 0.0286631 -0.00843066 0.0569891 -0.0250065 -0.00633973 0.0170058 0.0298606 -0.00417677 -0.0365809 0.0178912 -0.0571511 0.0234434 0.00375945 0.0365909 -0.0156298 -0.0650757 0.0419321 0.111151 0.0158928 0.0419965 0.0322206 0.0186559 0.0217337 0.0123969 0.0444645 -0.0569196 0.0775815 0.065546 -0.00594068 0.0874511 0.0864147 0.11924 0.198883 0.0507155 -0.0228516 -0.0363837 -0.0470463 0.116147 0.00332479 0.0275319 -0.0108881 0.033663
internal_weight=36515 30199 10804 19395 6188 4616 1338 14765 6316 6265 2144 2094 3278 3179 906 4121 1188 10000 5646 4506 1606 2900 1052 4765 2079 4633 3892 2797 1682 1012 156 3963 1587 2376 4354 381 2244 191 2957 961 3817 2202 1101 998 1176 229 807 712 167 545 627 350 122 1615 1293 1004 900 154 1996 821 3973 1022
internal_count=36515 30199 10804 19395 6188 4616 1338 14765 6316 6265 2144 2094 3278 3179 906 4121 1188 10000 5646 4506 1606 2900 1052 4765 2079 4633 3892 2797 1682 1012 156 3963 1587 2376 4354 381 2244 191 2957 961 3817 2202 1101 998 1176 229 807 712 167 545 627 350 122 1615 1293 1004 900 154 1996 821 3973 1022
cat_boundaries=0 1 2 3
cat_threshold=1 1 2
is_linear=0
shrinkage=0.03


Tree=92
num_leaves=63
num_cat=5
split_feature=26 23 16 13 24 0 8 25 26 26 26 6 22 0 25 26 6 23 26 26 23 23 6 4 25 22 8 26 6 6 26 26 22 25 6 6 4 13 26 2 16 26 13 6 22 16 19 9 13 18 6 13 0 9 13 5 16 24 6 8 16 24
split_gain=11016.8 5501 3853.58 3427.27 5183.85 3115.98 2629.23 2291.25 2288.45 3676.41 2660.19 2441.58 2435.2 2090.53 2011.74 1964.02 1938.79 2063.55 1923.75 2065.08 1917.3 1800.25 1734.06 1733.65 1617.17 1936.1 1528.73 1964.59 1529.87 1485.61 1448.39 1447.36 2604.32 2350.36 1393.32 1382.68 1374.47 1838.05 1378.39 1373.16 1428.43 1370.45 2812.07 1962.13 1350.82 1348.06 1808.02 1458.46 2653.57 1340.15 1335.49 1327.99 1300.34 1894.94 1279.88 1266.85 1258.67 1382.77 1239.27 1237.51 1228.27 1209.47
threshold=101.50000000000001 6.8958333333333348 0 -0.5 5.2000000000000091 58.050000000000004 30.841666666666672 5.0260559402351292 2368.0000000000005 800.50000000000011 1351.0000000000002 33.850000000000009 0.8869770585236475 75.15000000000002 389.67890011613537 957.50000000000011 49.050000000000004 4.9437500000000023 176.50000000000003 164.50000000000003 8.4020833333333353 11.908333333333337 57.150000000000006 75.250000000000014 819.21611965807267 0.56638466991089664 33.016666666666673 510.00000000000006 39.050000000000004 45.94852941176471 368.50000000000006 388.00000000000006 0.21643137258081216 503.65594728367927 1.0000000180025095e-35 20.516666666666669 20.025000000000002 0.25000000000000006 1049.0000000000002 42.95000000000001 1 8.5000000000000018 0.25000000000000006 5.9500000000000011 0.10452846326765317 2 9.3500000000000032 22.136458333333341 0.25000000000000006 68.500000000000014 40.050000000000004 0.93301270189221952 48.050000000000004 33.96145833333334 -0.93301270189221919 44.100000000000009 3 2.5000000000000071 4.025925925925927 39.016666666666673 4 0.70000000000000473
decision_type=2 10 1 2 10 10 8 8 2 2 2 10 2 8 10 2 10 10 2 2 10 10 10 8 10 2 8 2 10 10 2 2 2 10 10 8 8 2 2 10 1 2 2 10 2 1 2 8 2 2 10 2 8 10 2 8 1 10 10 10 1 10
left_child=3 2 22 4 6 8 54 41 9 11 14 12 18 16 15 -11 17 -4 19 -3 -9 45 26 59 25 -7 -2 28 30 -12 -28 -13 51 55 -19 -21 37 -36 44 40 50 -5 -43 -44 -38 -14 -47 -48 -49 -27 -6 -33 53 -16 -1 -34 57 -8 -56 -22 -46 -58
right_child=1 5 13 7 39 24 56 20 -10 10 29 31 21 -15 52 -17 -18 34 -20 35 23 -23 -24 -25 -26 49 27 -29 -30 -31 -32 32 33 -35 36 -37 38 -39 -40 -41 -42 42 43 -45 60 46 47 48 -50 -51 -52 -53 -54 -55 58 -57 61 -59 -60 -61 -62 -63
leaf_value=-0.024649592121664919 0.050626221354548098 -0.0039437811343000836 0.098730585820352032 -0.033502605472167095 -0.0023300702328446846 0.057056945604546098 0.080251968253329489 -0.023407719159972265 -0.092818862796198609 0.10314325200642462 0.021571005791232625 0.008109743077923736 0.0022865585815248506 -0.070769956408829021 0.19518273292592275 0.012949160377320367 0.16908500312428387 -0.078957383538588499 -0.032175079582086034 0.20237112619767064 -0.06363511605700288 -0.11379297041063066 0.26070284612612293 0.086226467415690414 -0.041671984389816459 0.32440861378433339 0.16226159832988152 0.23134010472816638 0.027322434101897383 -0.093030308557246782 -0.0091667634136271912 0.038706694722474955 0.27322990729418745 0.031955017012200861 0.20824622356668113 0.032243019218246141 -0.03051489328062679 0.045336430474937836 0.15779637636882918 -0.16102648624631224 -0.027500699488950266 -0.01284254363703392 0.22727373867199338 0.042131893583169357 0.088370486603007989 0.025716979565379553 0.26466936558485027 0.17181656348423693 -0.055163641566895454 0.1254411647717158 0.13368460433118901 -0.10396634810858152 0.22882142487867674 -0.011987660206281222 -0.099159300789702684 0.092424650341272355 0.059907545459933063 0.23282973242623189 0.020248143911659237 -0.20084705627721841 0.0060193997779967121 -0.043328079888647744
leaf_weight=786 528 1243 360 1858 2144 136 388 2390 202 397 615 1343 642 169 81 480 98 119 3282 76 1958 79 55 68 57 59 272 116 191 122 53 532 102 114 75 99 540 369 56 61 4648 2982 58 461 236 438 54 127 73 63 67 66 107 78 80 53 393 62 3526 61 527 138
leaf_count=786 528 1243 360 1858 2144 136 388 2390 202 397 615 1343 642 169 81 480 98 119 3282 76 1958 79 55 68 57 59 272 116 191 122 53 532 102 114 75 99 540 369 56 61 4648 2982 58 461 236 438 54 127 73 63 67 66 107 78 80 53 393 62 3526 61 527 138
internal_value=0.000600419 0.0209412 0.0521423 -0.0127132 -0.0021524 0.00998589 0.0199563 -0.0259119 0.00717168 0.00915131 0.0470418 0.000592598 -0.0091772 0.0311852 0.0756974 0.0537782 0.0384249 0.0328137 -0.0195592 0.00964044 -0.0417535 0.0253562 0.0961092 -0.0627627 0.102944 0.134894 0.0883052 0.119784 0.0947052 0.00260037 0.134306 0.0276165 0.0578328 0.135356 0.0204672 0.106127 0.0270293 0.072855 0.0120576 -0.0193186 -0.0180583 -0.0126777 -0.00162576 0.0628221 0.00579403 0.0335966 0.0626444 0.126322 0.0889688 0.221663 0.00179159 0.0229602 0.147965 0.093552 0.0100382 0.211406 0.0643604 0.101274 0.0175991 -0.0677807 0.031491 0.0330779
internal_weight=36613 14484 3764 22129 12293 10720 5373 9836 10405 10203 1880 8323 6113 2549 1143 877 2380 2282 4700 1418 4477 1413 1215 2087 315 258 1160 632 516 737 325 2210 867 269 1922 175 1803 444 1359 6920 6859 5359 3501 519 1303 1334 692 254 200 122 2211 598 266 159 4392 155 981 450 3606 2019 763 531
internal_count=36613 14484 3764 22129 12293 10720 5373 9836 10405 10203 1880 8323 6113 2549 1143 877 2380 2282 4700 1418 4477 1413 1215 2087 315 258 1160 632 516 737 325 2210 867 269 1922 175 1803 444 1359 6920 6859 5359 3501 519 1303 1334 692 254 200 122 2211 598 266 159 4392 155 981 450 3606 2019 763 531
cat_boundaries=0 1 2 3 4 5
cat_threshold=1 1 2 1 2
is_linear=0
shrinkage=0.03


Tree=93
num_leaves=63
num_cat=5
split_feature=1 16 23 26 26 26 19 26 18 26 26 25 0 22 12 6 21 23 3 6 17 1 24 20 9 0 22 16 7 23 26 26 26 23 12 18 9 25 8 12 16 24 23 7 16 26 12 26 26 23 6 24 8 26 9 26 6 7 16 12 6 26
split_gain=10321 2987.83 2955.03 2167.19 2739.34 2126.29 3662.48 2136.82 2047.51 1879.96 2966.7 2938.77 2429.16 1849.98 1842.03 2235.33 1835.72 1821.12 1634.96 1737.89 1584.75 1538.62 1511.83 1507.35 1500.57 1819.63 1495.59 1456.74 1549.14 1453.22 1387.15 1807.99 1339.72 1321.18 1540.55 1283.91 1280 1272.33 1435.43 1258.7 1250.58 1244.38 1265.93 1241.4 1208.85 1628.41 1293.69 1201.09 1175.62 1146.85 1311.7 1251.56 1140.99 1134.26 2222.44 1339.71 1672.72 1425.29 1409.19 1290.55 1954.1 1208.55
threshold=21.910000000000004 0 5.939583333333335 130.50000000000003 7.5000000000000009 211.50000000000003 5.3500000000000005 1135.5000000000002 89.500000000000014 1864.0000000000002 800.50000000000011 1220.3134155071868 66.40000000000002 0.96359376111369366 2.5000000000000004 37.95000000000001 -0.39073112848927366 4.4062500000000018 24.414285714285715 18.766891891891895 25.650000000000002 36.95000000000001 17.750000000000011 1.0000000180025095e-35 55.756250000000009 53.100000000000009 0.6360540003681886 1 38.100000000000009 8.1270833333333368 17.500000000000004 20.500000000000004 407.00000000000006 12.406250000000002 1.0000000180025095e-35 73.500000000000014 28.379166666666674 0.91684505328466581 26.341666666666672 4.5000000000000009 2 10.750000000000004 11.227083333333335 6.0500000000000007 3 43.500000000000007 2.5000000000000004 10.500000000000002 1.0000000180025095e-35 10.62291666666667 8.0129629629629644 11.950000000000008 38.759558823529424 376.50000000000006 29.919791666666672 326.50000000000006 33.850000000000009 24.050000000000004 4 3.5000000000000004 35.95000000000001 296.50000000000006
decision_type=10 1 10 2 2 2 2 2 2 2 2 10 8 2 2 10 2 8 8 8 2 10 10 2 10 10 2 1 8 10 2 2 2 10 2 2 8 10 10 2 1 8 10 10 1 2 2 2 2 10 10 10 10 2 8 2 8 8 1 2 10 2
left_child=1 18 3 4 37 6 21 27 9 10 12 24 13 16 15 -15 48 47 49 -20 -8 -5 30 26 25 33 -19 -7 -29 40 36 -32 41 34 -12 -14 -6 -2 -39 -11 -18 42 43 -28 45 -33 -46 -3 -4 50 -1 -52 -38 55 -55 56 61 -57 -58 -56 -61 -31
right_child=2 17 8 5 22 7 20 -9 -10 39 11 -13 35 14 -16 -17 29 23 19 -21 -22 -23 -24 -25 -26 -27 32 28 -30 53 31 44 -34 -35 -36 -37 52 38 -40 -41 -42 -43 -44 -45 46 -47 -48 -49 -50 -51 51 -53 -54 54 59 57 58 -59 -60 60 -62 -63
leaf_value=-0.065591412209567018 0.017507065583520859 -0.025907311045448293 -0.11107272706031798 0.15993425134927605 -0.12359435260428914 0.10300659455436234 0.1788581427798194 0.21033503987214394 -0.019970166652696894 -0.0056340765548066806 -0.0032341035112738608 -0.072246252265277089 0.22065964029743695 0.058309459591316608 0.016854948347703326 0.21430817824825646 -0.015687734766609288 -0.020008776978516787 -0.025228361233771295 0.083726465470698397 -0.0032146732442795414 0.33684902505779807 -0.13027628698838609 -0.034502586862690934 -0.056459651600569483 0.27433623211383817 -0.061054761941796834 0.041483024187993468 -0.072536737493634831 -0.011084897109948571 0.17720928001571709 0.12319307236221888 0.078262067427002077 -0.00085576707394573637 0.1248635443407666 0.029304744845853662 0.08834757125996924 0.078320391876484027 0.27326854699979658 -0.15914448005168935 0.028190286444905486 -0.061963092616543224 -0.081732902627771914 0.021546933658779112 0.0547293502411672 -0.010444076826028964 -0.056934076552388434 0.088480550576912745 0.036433201168909086 -0.035483987674458935 0.019474761276889421 -0.015908389392193866 -0.093542718371519673 -0.056691539080694631 0.018001733118021661 -0.23947999210791154 -0.019653877958989496 -0.048660103681934429 -0.11872120986122857 -0.0284590390920639 0.20282758644316345 0.11965123013319338
leaf_weight=220 67 128 50 104 112 217 61 70 1396 109 100 116 78 477 912 100 891 9270 187 446 146 77 70 4727 60 50 181 404 146 992 71 177 212 127 545 53 77 67 69 86 1700 263 134 1718 147 153 256 233 1773 692 3178 1255 52 282 363 55 262 98 255 50 96 68
leaf_count=220 67 128 50 104 112 217 61 70 1396 109 100 116 78 477 912 100 891 9270 187 446 146 77 70 4727 60 50 181 404 146 992 71 177 212 127 545 53 77 67 69 86 1700 263 134 1718 147 153 256 233 1773 692 3178 1255 52 282 363 55 262 98 255 50 96 68
internal_value=6.83695e-05 -0.0122746 0.0206691 0.0498498 0.0231501 0.0785765 0.136628 0.0516663 0.0140102 0.0188765 0.0207588 0.0697066 0.0150487 0.0130552 0.0433957 0.0853456 0.00654088 -0.0187339 0.00594932 0.0515392 0.0504396 0.235196 0.0046958 -0.0201918 0.0883762 0.0989481 -0.0144483 0.0371854 0.011216 -0.00267633 0.013737 0.0326607 0.00610438 0.0875888 0.105003 0.143241 -0.0493943 0.124512 0.177228 -0.0733361 0.0131014 -0.000558268 0.0073854 0.0136739 0.0186594 0.061234 -0.0162032 0.047922 0.0323875 0.000550184 0.00590923 0.00945765 0.0150275 -0.0188922 0.0108674 -0.032499 -0.0242759 -0.117255 -0.0685169 0.0482969 0.12362 -0.00269805
internal_weight=36531 22844 13687 2543 1318 1225 388 837 11144 9748 9553 998 8555 8424 1489 577 6935 16866 5978 633 207 181 1115 16505 882 822 11778 767 550 5112 1045 804 2508 772 645 131 241 203 136 195 2591 2296 2033 1899 733 330 403 361 1823 5345 4653 4433 129 2521 791 1730 1577 153 517 509 146 1060
internal_count=36531 22844 13687 2543 1318 1225 388 837 11144 9748 9553 998 8555 8424 1489 577 6935 16866 5978 633 207 181 1115 16505 882 822 11778 767 550 5112 1045 804 2508 772 645 131 241 203 136 195 2591 2296 2033 1899 733 330 403 361 1823 5345 4653 4433 129 2521 791 1730 1577 153 517 509 146 1060
cat_boundaries=0 1 2 3 4 5
cat_threshold=1 1 4 1 1
is_linear=0
shrinkage=0.03


Tree=94
num_leaves=63
num_cat=4
split_feature=26 23 6 16 24 13 14 16 22 23 14 7 16 7 25 4 13 6 26 26 4 8 0 24 0 23 26 9 26 25 23 9 8 9 8 19 26 13 7 6 26 26 14 23 26 6 26 5 9 25 26 23 26 26 8 9 6 8 13 22 15 16
split_gain=9697.45 4863.61 3769.92 3145.72 3074.08 4642.84 3043.47 2711.69 2706.76 2911.66 2495.51 2195.19 2117.04 3407.56 2058.16 1974.6 1963.72 4385.17 3969.94 2405.87 3389.14 2225.79 2056.43 2030.49 1754.04 1761.6 1669.72 1669.11 1844.37 1949.09 1651.08 1641.86 1832.06 1639.59 1610.2 1555.29 1502.04 2807.69 1441.32 1407.2 1351.58 1658.51 1343.65 1841.83 1546.16 1590.59 1561.52 1444.39 1395.97 1377.29 1309.22 1365.43 1312.61 1477.42 1330.74 1303.55 1266.9 1388.1 1615.06 1504.23 1640.54 1640.44
threshold=101.50000000000001 6.689583333333335 65.100000000000009 0 10.750000000000004 -0.5 0.25000000000000017 1 0.76037701167087501 11.72916666666667 1.0000000180025095e-35 42.050000000000004 2 28.050000000000004 5.6609197431199982 32.050000000000004 0.25000000000000006 23.960000000000004 261.00000000000006 178.50000000000003 35.016666666666673 52.308333333333344 15.920000000000002 0.7000000000000004 75.15000000000002 4.8854166666666687 161.50000000000003 43.338541666666679 1864.0000000000002 300.39128568889669 11.972916666666668 20.168750000000003 34.341666666666676 29.044791666666672 33.016666666666673 9.8500000000000032 8.5000000000000018 0.25000000000000006 19.041666666666668 5.9500000000000011 498.50000000000006 351.50000000000006 1.0000000180025095e-35 10.297916666666671 423.00000000000006 18.909459459459462 1774.0000000000002 36.050000000000004 15.782291666666667 300.39128568889669 75.500000000000014 10.970833333333337 19.500000000000004 5.5000000000000009 17.175000000000004 16.064583333333335 63.20000000000001 22.338888888888892 0.25000000000000006 -0.034899496702500789 1.0000000180025095e-35 3
decision_type=2 10 10 1 8 2 2 1 2 10 2 8 1 8 8 8 2 10 2 2 8 10 10 10 8 10 2 10 2 10 10 10 8 8 8 2 2 2 10 10 2 2 2 10 2 10 2 8 8 10 2 10 2 2 10 10 8 8 2 2 2 1
left_child=4 2 3 34 5 6 -1 42 10 16 27 -12 31 33 36 -13 18 35 19 21 -21 26 -19 -20 25 -5 -10 -9 29 -29 -16 -8 -33 50 -2 -18 -7 -38 -35 -39 41 -36 44 47 -3 48 -47 -44 -46 -49 51 52 53 -14 -54 -15 57 58 -27 60 -59 -61
right_child=1 7 -4 24 -6 14 12 8 9 -11 11 15 13 55 30 -17 17 22 23 20 -22 -23 -24 -25 -26 56 -28 28 -30 -31 -32 32 -34 38 40 -37 37 39 -40 -41 -42 -43 43 -45 45 46 -48 49 -50 -51 -52 -53 54 -55 -56 -57 -58 59 -60 61 -62 -63
leaf_value=-0.0087127443400081325 0.049048673777962508 -0.013981420075425768 0.30006771190298925 0.098482668281478031 -0.029734788277505777 -0.033646688616285114 0.12838167042747956 0.018605282170763078 0.035662561634238414 -0.098173397274033444 -0.032037655371040474 -0.013809244558465354 0.05340664717637391 0.027283195066889844 -0.032274295663248527 0.080978799784014927 0.09235649717371891 0.16691211862564084 0.14494090672565976 0.086959710973501192 -0.11504574245354472 0.24959415899900098 -0.033962007004264237 0.34961587958865692 -0.073091701124557193 0.1822431865121637 0.21115983044949629 0.065296356552843285 -0.065040673530146254 0.2127944225177846 -0.10247446527450853 0.014653608431943747 0.098578690990743012 0.15714207842745287 0.14470730069758433 0.27314257378379503 -0.0080703752427529196 0.20704198002334562 0.031145913331769408 0.052725858795581095 0.21694734195737461 0.024880982221224188 0.0064628600143595335 -0.05859874399591012 0.064241727493156528 0.10436072755469059 -0.074260752609372135 -0.11510062324051606 -0.082378800506260064 0.017061192287426245 -0.061162062959636665 -0.093097751445390967 0.11838021964435616 -0.022510129013925562 0.032098993351339901 -0.062648767559509724 -0.070650817558805382 -0.13325931211359032 0.043783269420988966 0.11456308984865693 0.0012434752219286204 0.011757160260628622
leaf_weight=3774 460 803 54 323 6484 1367 256 2005 282 111 1635 442 436 194 3102 358 207 50 227 150 149 72 555 54 147 98 59 302 67 110 334 680 357 167 287 54 2406 62 160 374 114 163 1561 843 109 370 50 188 126 114 154 77 279 490 380 575 123 107 335 191 344 520
leaf_count=3774 460 803 54 323 6484 1367 256 2005 282 111 1635 442 436 194 3102 358 207 50 227 150 149 72 555 54 147 98 59 302 67 110 334 680 357 167 287 54 2406 62 160 374 114 163 1561 843 109 370 50 188 126 114 154 77 279 490 380 575 123 107 335 191 344 520
internal_value=8.75619e-05 0.019321 0.0514855 0.0473063 -0.0123696 -0.00516303 0.0108448 0.00981685 0.0213694 0.0510843 0.00946898 -0.0121129 0.0283977 0.0142134 -0.0218702 0.0286084 0.0599964 0.0269794 0.0887906 0.051107 -0.0137052 0.0980292 -0.0173608 0.184273 0.0269958 0.0342045 0.0660272 0.0306251 0.0809377 0.104677 -0.0390982 0.0603424 0.0435458 0.0336536 0.0907041 0.129761 -0.00780619 0.00462307 0.0954926 0.0746699 0.124678 0.101304 -0.00929591 -0.0218049 0.0139204 0.0481268 0.0830963 -0.00515589 -0.0143718 -0.0652117 0.0225185 0.0302723 0.0362656 0.0132347 0.0686278 -0.0399611 0.0221196 0.0292737 0.0751206 0.0121896 -0.0306674 0.0393745
internal_weight=36427 14319 3266 3212 22108 15624 7979 11053 6889 1970 4919 2435 4205 2912 7645 800 1859 866 993 712 299 413 605 281 2188 2041 341 2484 479 412 3436 1293 1037 2143 1024 261 4209 2842 327 436 564 450 4164 2706 1458 655 420 1863 235 302 1816 1662 1585 926 659 769 1718 1595 433 1162 451 711
internal_count=36427 14319 3266 3212 22108 15624 7979 11053 6889 1970 4919 2435 4205 2912 7645 800 1859 866 993 712 299 413 605 281 2188 2041 341 2484 479 412 3436 1293 1037 2143 1024 261 4209 2842 327 436 564 450 4164 2706 1458 655 420 1863 235 302 1816 1662 1585 926 659 769 1718 1595 433 1162 451 711
cat_boundaries=0 1 2 3 4
cat_threshold=1 2 1 2
is_linear=0
shrinkage=0.03


Tree=95
num_leaves=63
num_cat=4
split_feature=24 16 23 13 23 6 13 23 12 24 13 26 9 26 6 1 26 26 23 26 9 26 21 1 26 26 16 12 17 23 23 6 12 9 23 13 22 26 26 13 23 26 26 9 22 12 26 26 26 8 24 9 26 12 6 22 21 8 16 10 16 9
split_gain=8680.31 4031.55 3174.85 4014.41 2471.8 2308.47 1972.97 1872 1880.84 1859.85 1853.12 2527.9 4826.39 1726.97 2247.36 1606.3 1597.11 7357.48 2432.01 4114.11 2257.59 1888.5 1812.02 1770.33 2018.4 1560.23 1554.62 1521.96 1415.24 1389.07 1383.67 1368.44 1312.95 1851.98 1467.63 1437.04 1309.06 1787.96 1553.12 1463.67 1303.27 1665.42 1963.8 1276.86 2839.54 1444.19 1355.22 1806.07 1502.51 1221.9 1320.22 1614.83 1200.49 1838.64 1552.14 1185.4 1184.32 1449 1183.04 1179.72 1178.66 1829.32
threshold=1.0000000180025095e-35 0 8.0729166666666696 0.68301270189221941 5.6937500000000014 28.950000000000003 -0.5 11.610416666666671 1.0000000180025095e-35 15.950000000000008 1.0000000180025095e-35 669.50000000000011 46.635416666666679 133.50000000000003 29.011111111111116 40.050000000000004 173.50000000000003 178.50000000000003 5.5333333333333341 203.50000000000003 41.253125000000004 12.500000000000002 0.91702515554752073 23.316666666666666 154.50000000000003 2368.0000000000005 1 5.5000000000000009 28.950000000000003 12.406250000000002 6.479166666666667 19.041666666666668 2.5000000000000004 30.377083333333335 6.5062500000000014 0.25000000000000006 0.9426055981926128 563.50000000000011 1864.0000000000002 -0.24999999999999994 6.7666666666666684 269.50000000000006 111.50000000000001 37.547916666666673 0.85260769842926909 4.5000000000000009 936.50000000000011 976.50000000000011 148.00000000000003 41.036029411764709 3.2000000000000024 28.168750000000003 242.50000000000003 3.5000000000000004 21.905555555555559 -0.0087262032186417905 -0.052335956242943897 36.337500000000013 2 -0.25881904510252113 3 19.835416666666667
decision_type=8 1 10 2 8 10 2 8 2 10 2 2 10 2 10 8 2 2 10 2 10 2 2 10 2 2 1 2 2 10 10 10 2 10 10 2 2 2 2 2 10 2 2 10 2 2 2 2 2 10 10 10 2 2 10 2 2 10 1 2 1 8
left_child=2 5 3 10 9 7 -7 8 59 31 16 -12 -13 14 -6 56 20 -18 19 -19 21 28 27 -23 -25 43 -5 52 -1 36 -22 -3 33 34 -10 -34 37 39 58 -4 -17 42 -42 46 45 -45 48 -48 -15 50 51 -33 53 -20 -54 -31 -8 -58 -39 -2 -38 -62
right_child=1 4 29 26 13 6 15 -9 32 -11 11 12 -14 25 -16 40 17 18 22 -21 30 23 -24 24 -26 -27 -28 -29 -30 55 -32 49 35 -35 -36 -37 60 38 -40 -41 41 -43 -44 44 -46 -47 47 -49 -50 -51 -52 -53 54 -55 -56 -57 57 -59 -60 -61 61 -63
leaf_value=0.24422892971950419 0.0049821983644505958 0.0072081846372882598 0.034643611758551067 0.18304221764764683 -0.023744035053319297 0.081889871635666009 0.030563779316242722 -0.057073688328067827 0.064996105973064169 -0.041966645574024422 -0.0070157867676578457 0.1704672241817021 -0.12506371924472945 0.085026560211845209 -0.091761178381285641 0.20312084964834726 0.38995373866986482 0.34269294771958481 0.088789904819287613 0.018931709902459071 0.036985519725602822 0.053382488710528891 -0.12586587428036383 -0.011887016716248465 -0.17278552138432859 -0.11178514237270543 0.081867078791049805 -0.10447092848519483 0.024836009258573707 -0.0070337648193849476 0.18394310416281223 0.073719656818273083 -0.010011535379875191 0.18252008626642433 0.0085655633212809567 0.034154439412447259 -0.0022781998076609987 0.001595609790212152 -0.085623362941776998 -0.028785873900117512 0.077395371724577514 0.082502956687270007 -0.17992987265544277 -0.003136137913842903 0.25769353725314142 0.12150208627429003 0.2032078324604247 0.018444186023058688 -0.020481576946520367 -0.028166074587312417 0.032951171635847869 0.23136142874757448 -0.056307979472554649 -0.08492437042869054 0.12072678075028725 -0.10182082477586597 -0.022804111469225744 -0.19049656799379386 0.075785590742061912 -0.0610327956208256 0.2324384773114942 0.049592220380017864
leaf_weight=51 416 1289 423 187 11813 612 354 479 578 465 1500 193 67 128 454 52 64 66 116 76 111 333 59 571 80 114 508 54 55 365 120 167 2895 69 1469 860 381 303 85 1449 51 271 56 428 50 104 56 318 2383 113 259 90 52 104 312 176 371 53 535 588 53 695
leaf_count=51 416 1289 423 187 11813 612 354 479 578 465 1500 193 67 128 454 52 64 66 116 76 111 333 59 571 80 114 508 54 55 365 120 167 2895 69 1469 860 381 303 85 1449 51 271 56 428 50 104 56 318 2383 113 259 90 52 104 312 176 371 53 535 588 53 695
internal_value=-1.97076e-05 -0.0084648 0.0252906 0.0425589 -0.0166272 0.00775584 0.0380062 0.000269362 0.00426461 0.0118599 0.0309528 0.00795297 0.0943112 -0.0209107 -0.0262613 0.0157737 0.049154 0.0799029 0.0562518 0.169412 0.0281349 0.0100805 0.0331976 -0.00288004 -0.0316595 -0.00258145 0.10909 0.0479072 0.130393 0.0071947 0.113327 0.0249096 0.0107535 0.0296524 0.0244995 0.000103708 0.0134078 0.0023951 0.0365664 -0.0144532 0.0623062 0.0429349 -0.0572795 0.00100932 0.041544 0.0212292 -0.00716787 0.0461093 -0.0151032 0.0611849 0.0807521 0.128925 0.061997 0.00667043 0.0954361 -0.0378702 -0.00994481 -0.0437657 0.0489603 -0.03368 0.0406712 0.0625479
internal_weight=36549 27405 9144 4679 18231 9174 1820 7354 6875 2383 3984 1760 260 15848 12267 1208 2224 903 839 142 1321 1090 697 984 651 3581 695 638 106 4465 231 1918 5871 2116 2047 3755 3924 2795 923 1872 430 378 107 3467 582 532 2885 374 2511 629 516 257 584 220 364 541 778 424 838 1004 1129 748
internal_count=36549 27405 9144 4679 18231 9174 1820 7354 6875 2383 3984 1760 260 15848 12267 1208 2224 903 839 142 1321 1090 697 984 651 3581 695 638 106 4465 231 1918 5871 2116 2047 3755 3924 2795 923 1872 430 378 107 3467 582 532 2885 374 2511 629 516 257 584 220 364 541 778 424 838 1004 1129 748
cat_boundaries=0 1 2 3 4
cat_threshold=1 1 4 2
is_linear=0
shrinkage=0.03


Tree=96
num_leaves=63
num_cat=0
split_feature=0 24 23 23 11 5 5 24 25 21 14 13 18 6 7 15 19 8 7 23 25 13 13 17 6 0 23 9 7 9 23 14 6 23 14 24 13 23 0 7 6 25 5 6 24 25 6 21 21 7 25 5 6 21 9 14 23 19 25 22 25 14
split_gain=8685.33 3514.55 2215.01 2162.56 1945.29 2067.36 2092.9 1810.32 1668.41 1498.26 1768.03 1487.35 1675.49 1479.73 1319.31 2726.27 1521.66 1880.01 1231.07 1221.93 1199.57 1172.33 1633.43 1764.54 1251.98 1159.94 1213.5 1972.75 1159.93 1158.7 1148.79 1709.99 1145.55 1138.9 2200.96 1677.24 1520.2 1351.07 1257.14 1178.58 1114.66 1222.31 1106.03 1273.85 2259.04 1090.73 1311.12 1035.22 985.709 984.311 983.739 977.694 971.972 953.752 925.915 1210.77 1126.57 1011.2 924.567 1053.06 1258.7 901.108
threshold=20.750000000000004 2.5000000000000018 8.8062500000000039 8.0729166666666696 0.37940952255126043 12.025000000000002 57.150000000000006 15.700000000000005 12.293859893789504 0.28400453026986799 0.93301270189221952 -0.6830127018922193 54.500000000000007 35.95000000000001 71.500000000000014 1.0000000180025095e-35 5.1500000000000012 29.504166666666674 20.980000000000004 12.835416666666669 21.778953839023966 -0.93301270189221919 -0.5 24.450000000000003 10.025000000000002 22.908333333333335 9.6895833333333368 29.504166666666674 51.20000000000001 37.547916666666673 5.7666666666666684 -0.68301270189221952 17.910000000000004 5.939583333333335 -0.24999999999999994 26.350000000000005 0.25000000000000006 7.3645833333333357 28.050000000000004 13.425000000000002 56.050000000000004 300.39128568889669 45.029411764705891 32.975000000000009 7.150000000000003 13.260646863138051 6.9500000000000011 -0.50751903745502724 -0.35019404643548441 19.911904761904765 398.64548466260038 37.050000000000004 20.342857142857145 0.68832836526074803 27.001041666666669 0.25000000000000017 4.3270833333333352 5.4500000000000011 96.29729210905812 -0.4146774524082496 294.46531480492155 -0.9330127018922193
decision_type=8 8 10 10 2 8 10 10 10 2 2 2 2 10 8 2 2 10 10 10 10 2 2 2 10 10 10 10 10 10 10 2 10 8 2 10 2 10 8 8 10 10 10 10 10 10 10 2 2 10 10 8 10 2 10 2 10 2 10 2 10 2
left_child=2 3 7 4 8 -6 14 13 32 10 20 18 19 30 16 -16 17 -7 -11 -13 -5 -4 23 -23 -25 -12 29 -28 -18 -27 31 -1 -2 35 36 42 39 -36 -37 -35 -22 -42 43 54 -45 -33 -47 51 -9 -19 53 -24 -39 -14 55 56 -3 -56 61 60 -60 -49
right_child=1 33 21 9 5 6 -8 48 -10 11 25 12 50 -15 15 -17 28 49 -20 -21 40 22 47 24 -26 26 27 -29 -30 -31 -32 45 -34 34 37 38 -38 52 -40 -41 41 -43 -44 44 -46 46 -48 58 -50 -51 -52 -53 -54 -55 57 -57 -58 -59 59 -61 -62 -63
leaf_value=-0.041490101021723721 -0.091926631739193743 0.11138275464547091 -0.057258798981480979 -0.034772171722369564 0.24994387784600258 0.039671797592038378 0.20568183225765824 -0.0059183975272284455 0.03191574924537785 0.17444048672476237 -0.047588680308777838 0.042546550183893403 -0.026713749960151859 0.095762795933242884 -0.12045885983510177 0.065874688196285017 0.037563013830879823 0.25178393461414289 -0.019468256925017788 -0.098444749964844605 0.024683263070289251 0.13364979594607246 -0.015709424924654842 -0.038712396323872751 0.012046263681315375 0.088040831081691334 0.16441471521399523 -0.059273992531556394 0.17339678009308998 0.22000933781098783 -0.0045668514703229848 0.01804060162875867 0.0055456076720465054 -0.094840242607252934 -0.015747754481737798 0.0055939789037955431 0.028184456930312081 -0.031589821389203319 -0.1994287378647748 -0.0059782443849440781 0.014220006988501885 -0.17617520570333273 -0.085049132275056435 0.27956437026554681 0.034635395407676697 -0.027158261402307645 0.099159359926412213 -0.019667088315288628 -0.044225166204630878 0.12252190855077721 0.021756070528081373 0.11710444718599319 -0.10478361888262661 -0.08930010150253459 -0.13420323363234921 0.078195175534219841 -0.037531074466339007 0.037136662624055336 0.022791412983903477 -0.055232567460319876 -0.071261078148663781 -0.060347935898388924
leaf_weight=303 165 58 857 393 50 217 80 1107 3313 68 60 454 514 150 119 174 1379 74 52 63 2911 88 2279 631 1425 183 57 94 59 89 7068 908 317 175 782 57 1152 283 51 578 71 53 66 53 94 92 377 679 1332 187 190 51 386 382 62 350 216 62 626 421 161 1761
leaf_count=303 165 58 857 393 50 217 80 1107 3313 68 60 454 514 150 119 174 1379 74 52 63 2911 88 2279 631 1425 183 57 94 59 89 7068 908 317 175 782 57 1152 283 51 578 71 53 66 53 94 92 377 679 1332 187 190 51 386 382 62 350 216 62 626 421 161 1761
internal_value=0.000306756 0.0166964 -0.0127567 0.0252667 0.0375919 0.0591114 0.0549429 -0.00394106 0.0243286 0.0118478 0.0221163 -0.0114603 -0.0190865 0.00233533 0.0494838 -0.00980344 0.0585502 0.104921 0.0904134 0.0253658 0.0145449 -0.0238875 -0.0203663 0.00209869 -0.0035319 0.0758527 0.0933621 0.0251648 0.0431362 0.131222 0.000733354 0.0230321 -0.0278214 -0.00609583 -0.0146857 0.020871 0.0065176 -0.0425232 -0.0912223 -0.0266301 0.0209309 -0.0671586 0.0334683 0.0422082 0.122943 0.0372298 0.0743806 -0.0284233 -0.0268387 0.159171 -0.0402485 -0.0128023 -0.0738212 -0.0533968 0.0263418 0.0412208 -0.00600917 -0.0485333 -0.0384005 -0.0169359 0.00355069 -0.0490273
internal_weight=36509 16193 20316 11768 6134 2339 2289 11337 3795 5634 3911 1723 1603 8898 2209 293 1916 478 120 517 3428 8979 8122 2144 2056 483 423 151 1438 272 8748 1680 482 4425 3356 1069 1905 1451 108 753 3035 124 961 895 147 1377 469 5978 2439 261 1086 2330 669 896 748 624 274 124 3648 1208 787 2440
internal_count=36509 16193 20316 11768 6134 2339 2289 11337 3795 5634 3911 1723 1603 8898 2209 293 1916 478 120 517 3428 8979 8122 2144 2056 483 423 151 1438 272 8748 1680 482 4425 3356 1069 1905 1451 108 753 3035 124 961 895 147 1377 469 5978 2439 261 1086 2330 669 896 748 624 274 124 3648 1208 787 2440
is_linear=0
shrinkage=0.03


Tree=97
num_leaves=63
num_cat=3
split_feature=26 23 16 16 16 22 23 6 2 2 26 26 23 26 6 26 7 24 0 18 4 25 6 26 7 7 26 15 11 6 23 18 6 7 7 25 12 12 15 23 23 23 26 26 26 26 9 19 25 18 26 19 26 7 12 15 17 18 10 6 21 8
split_gain=8289.02 4223.18 2992.25 2442.68 2378.67 2250.05 2612.2 1987.08 1786.79 1724.97 1702.51 2333.49 1666.33 1564.43 4786.41 1582.34 1622.61 1553.92 1463.72 2004.56 1747.19 1524.41 1460.39 1975.78 1385.08 1359.13 1353.72 2376.66 2993.41 1996.88 1335.29 1648.05 1729.82 2414.19 1318.92 1892.76 1243.95 1238.86 1218.34 1193.18 1662.39 1116.74 1225.07 1314.53 1105.88 1093.44 1437.34 1559.26 1218.17 1056.56 1181.6 1047.03 1578.89 1033.52 1030.74 1027.95 1198.39 1937.3 1022.58 998.096 973.004 972.721
threshold=101.50000000000001 6.689583333333335 0 1 2 0.6360540003681886 11.610416666666671 28.950000000000003 72.15000000000002 60.050000000000004 800.50000000000011 1864.0000000000002 4.1354166666666687 255.50000000000003 46.100000000000009 1135.5000000000002 43.100000000000009 7.700000000000002 53.100000000000009 75.500000000000014 28.050000000000004 819.21611965807267 32.050000000000004 326.50000000000006 15.316666666666668 24.050000000000004 168.50000000000003 1.0000000180025095e-35 -0.12940952255126034 15.920000000000002 5.6937500000000014 86.500000000000014 14.375000000000002 23.910000000000004 25.81666666666667 233.68255764281932 1.0000000180025095e-35 4.5000000000000009 1.0000000180025095e-35 11.72916666666667 7.3416666666666677 6.4229166666666684 37.500000000000007 18.500000000000004 2012.5000000000002 423.00000000000006 29.293750000000003 14.250000000000002 169.28762623978295 45.500000000000007 976.50000000000011 9.5500000000000025 285.50000000000006 20.025000000000002 4.5000000000000009 1.0000000180025095e-35 24.050000000000004 71.500000000000014 -0.25881904510252113 29.011111111111116 -0.64942331933852315 24.175000000000004
decision_type=2 10 1 1 1 2 10 10 8 10 2 2 8 2 10 2 10 8 8 2 8 10 10 2 8 8 2 2 2 10 10 2 10 8 8 10 2 2 2 10 10 10 2 2 2 2 8 2 10 2 2 2 2 8 2 2 2 2 2 8 2 10
left_child=4 2 9 44 7 10 18 36 13 -2 22 49 -6 14 26 16 -15 30 20 21 51 -20 23 25 -22 39 -4 28 -28 -29 31 -14 -33 -34 35 -26 58 41 -9 40 54 42 43 -38 45 46 47 61 -49 -12 -51 -7 -53 -25 -5 56 57 -32 -1 -18 -19 -3
right_child=1 3 8 5 12 6 -8 38 -10 -11 11 -13 17 15 -16 -17 59 60 19 -21 24 -23 -24 53 34 -27 27 29 -30 -31 55 32 33 -35 -36 -37 37 -39 -40 -41 -42 -43 -44 -45 -46 -47 -48 48 -50 50 -52 52 -54 -55 -56 -57 -58 -59 -60 -61 -62 -63
leaf_value=0.0019701400671033112 0.079837085459009527 -0.00857453020259147 0.0078669102254761269 0.033405990531558502 0.066673903267501902 0.056672300626316584 -0.081769143822400456 0.049334966796373982 -0.072074187634885309 0.24300589283627849 0.16669642676527682 -0.039809537962641355 -0.014717300626124186 0.014832342159830593 0.3356024586504156 0.14883870836006294 -0.021835794307823692 -0.014640171679529187 0.20483511002734303 -0.018578916480646857 -0.11875602824399704 0.038203849081083062 0.024276378080283184 -0.10559410003253392 -0.0012772268491486707 -0.020920325693009254 0.040342833974948485 -0.11832664363231743 0.2901281096798678 0.072465051078082363 0.19907011096498795 0.0069351866684026191 0.20795683701478299 0.01653060429438483 0.010710391922247453 0.16956253925763715 0.036248324506584446 -0.019724579354179126 -0.081105845321131784 0.12490120816703248 -0.01236573890436533 0.0010023177640208834 -0.013937549222552151 0.13073171559978147 -0.10892061760078887 0.012582680344484174 -0.060955382829746205 -0.040370697432282297 -0.19492165200171416 0.10027714951909432 0.026253099690225903 0.056388050189493603 0.22802119214283792 -0.031507598868322814 0.20400271989405155 -0.075415709809304815 -0.017031373045181149 0.0099343730862830777 -0.062898439991459582 -0.20624443711303175 -0.040222361170245573 0.04572935591383414
leaf_weight=369 980 1264 415 68 204 427 138 976 150 62 78 265 593 965 55 71 56 2031 168 79 61 70 1220 210 108 649 83 64 90 216 56 270 126 112 846 127 556 1683 69 123 363 2610 292 174 98 1582 574 220 58 294 571 98 95 878 60 254 7009 376 537 50 3922 388
leaf_count=369 980 1264 415 68 204 427 138 976 150 62 78 265 593 965 55 71 56 2031 168 79 61 70 1220 210 108 649 83 64 90 216 56 270 126 112 846 127 556 1683 69 123 363 2610 292 174 98 1582 574 220 58 294 571 98 95 878 60 254 7009 376 537 50 3922 388
internal_value=-0.00013811 0.0175599 0.0476217 0.00880217 -0.0116375 0.0196466 0.0446257 0.00244376 0.0278993 0.0895458 0.00805861 0.038845 -0.01848 0.0351613 0.0642063 0.0116863 0.00259401 -0.0196578 0.0530155 0.112362 0.0423385 0.155826 -0.00235584 -0.016176 0.0203269 0.00934962 0.0470096 0.0828687 0.170289 0.0288555 -0.0116469 0.0192544 0.0589104 0.117874 0.0281753 0.0910489 -0.00398622 0.00155244 0.0407221 0.041345 0.0204135 0.0114118 0.0379957 0.058769 -0.00933055 -0.00694195 -0.0192774 -0.00688198 -0.0726151 0.0609484 0.0514127 0.0828824 0.140871 -0.0458074 0.113373 -0.0160683 -0.0140424 0.034452 -0.0364785 -0.108821 -0.0314944 0.00417965
internal_weight=36656 14437 3257 11180 22219 6996 2217 7266 2215 1042 4779 1208 14953 2065 923 1142 1071 14749 2079 317 1762 238 3571 2351 1142 1263 868 453 173 280 8796 1101 508 238 1081 235 6221 5315 1045 614 491 3632 1022 730 4184 4086 2504 1930 278 943 865 620 193 1088 128 7695 7441 432 906 106 5953 1652
internal_count=36656 14437 3257 11180 22219 6996 2217 7266 2215 1042 4779 1208 14953 2065 923 1142 1071 14749 2079 317 1762 238 3571 2351 1142 1263 868 453 173 280 8796 1101 508 238 1081 235 6221 5315 1045 614 491 3632 1022 730 4184 4086 2504 1930 278 943 865 620 193 1088 128 7695 7441 432 906 106 5953 1652
cat_boundaries=0 1 2 3
cat_threshold=1 2 1
is_linear=0
shrinkage=0.03


Tree=98
num_leaves=63
num_cat=2
split_feature=26 16 20 13 22 7 10 16 25 24 14 9 8 1 12 12 14 7 14 14 19 26 12 26 13 22 12 26 9 25 24 22 7 10 26 12 12 24 4 14 9 26 1 12 12 26 13 12 14 26 26 8 13 26 26 0 5 26 26 26 9 25
split_gain=7890.67 3482.5 2868.86 3787.52 2471.52 3849.84 2391.45 2326.58 2254.64 1990.24 1856.2 1943.04 1906.66 1855.66 2033.8 1878.02 1868.53 1763.52 1942.56 1512.84 1734.02 1676.29 2142.85 1899.32 2177.18 1459.89 1424.37 1419.37 1407.67 1390.99 1331.24 1329.03 1319.79 1313.95 1311.56 1307.26 1740.28 2140.33 1402.45 1258.36 1810.99 1209.87 2004.17 1194.38 1176.69 1156.91 1690.87 1217.69 1111.79 1106.13 1075.67 1053.43 1510.58 1046.01 1274.93 1020.24 1272.29 1437.29 1163.61 1114.09 1074.5 1019.09
threshold=101.50000000000001 0 1.0000000180025095e-35 -0.5 0.89490028524376741 45.029411764705891 0.25881904510252091 1 8.7498345899686729 1.4000000000000077 0.93301270189221952 47.420833333333334 41.036029411764709 43.102941176470587 4.5000000000000009 1.5000000000000002 1.0000000180025095e-35 30.050000000000004 0.25000000000000017 1.0000000180025095e-35 7.8500000000000005 423.00000000000006 1.0000000180025095e-35 1864.0000000000002 0.68301270189221941 -0.53727914962411594 1.5000000000000002 326.50000000000006 55.756250000000009 4.6385090180012609 11.950000000000008 -0.85260769842926898 16.925000000000001 -1.0000000180025095e-35 9.5000000000000018 2.5000000000000004 1.0000000180025095e-35 4.4000000000000083 29.050000000000004 0.25000000000000017 20.168750000000003 203.50000000000003 36.050000000000004 3.5000000000000004 1.5000000000000002 8.5000000000000018 0.25000000000000006 1.0000000180025095e-35 -0.68301270189221952 25.500000000000004 168.50000000000003 34.341666666666676 -0.6830127018922193 37.500000000000007 33.500000000000007 41.050000000000004 26.020000000000007 585.50000000000011 944.50000000000011 1099.0000000000002 34.593750000000007 533.52045197331279
decision_type=2 1 2 2 2 10 2 1 8 10 2 10 10 8 2 2 2 8 2 2 2 2 2 2 2 2 2 2 10 10 10 2 10 2 2 2 2 10 10 2 8 2 10 2 2 2 2 2 2 2 2 8 2 2 2 8 8 2 2 2 10 10
left_child=2 13 3 7 19 10 -7 30 45 17 11 -6 33 31 15 -15 -16 18 -9 21 25 27 -23 24 -24 -21 -10 48 -17 -20 39 -2 -29 -12 -31 36 38 61 -33 -1 -41 42 50 -28 -43 -5 47 -47 -3 -48 -27 -42 -53 54 -4 56 57 -26 -59 -58 -57 -38
right_child=1 4 53 8 5 6 -8 9 26 -11 12 -13 -14 14 16 28 -18 -19 29 20 -22 22 23 -25 55 41 43 32 -30 34 -32 35 -34 -35 -36 -37 37 -39 -40 40 51 44 -44 -45 -46 46 49 -49 -50 -51 -52 52 -54 -55 -56 60 59 58 -60 -61 -62 -63
leaf_value=0.019224755341576472 0.0028795785261571069 0.042712294759686083 -0.023257106057135095 -0.030263663962699978 0.010563935025121493 0.33036761670294451 0.087189436441973633 -0.019400126601010995 -0.078071594034227546 -0.014928304164074148 -0.0047592556736529316 -0.17189811085841872 0.18893070321020328 0.10448504531468179 0.24249742599599289 0.034603475744725075 0.086515892061067329 -0.04237543110981272 0.1119330101813676 -0.027700615911806538 -0.030254474927629955 -0.047116140404412907 -0.031305216115943467 -0.071835858399281277 -0.062131395459175107 -0.0054386383384002123 0.0010189598322970091 -0.1255548002719119 -0.093899720638990408 -0.067488167485625472 -0.0071415018799101436 0.074010089885718611 -0.012527150996618356 0.085876984514020552 0.049213475850622419 0.019753682719879435 0.10813058323796783 -0.018766284031840431 -0.044602157666546398 0.14374949330737419 0.022697764300818317 0.054781284256167302 0.1703960656178625 -0.046004154993116303 -0.018259982117478799 -0.061465261366402214 0.079406685885869938 0.0014644506042300026 -0.013585126961045963 -0.030788338375943042 0.089315455477294886 0.16517669976266811 0.033990702172283262 -0.04681025566069015 0.056743972539421046 -0.076704126199086509 0.21269961875400795 0.20466553794699055 0.057445408262563148 0.08581549565053001 0.068627054387350811 0.24691435745864546
leaf_weight=952 1300 554 4964 1303 1168 59 95 427 698 3423 268 55 95 330 99 520 229 311 293 751 2303 215 169 96 60 289 773 147 90 97 574 176 253 311 814 1174 469 119 183 218 568 279 114 1310 688 314 374 2332 734 105 172 139 183 1823 186 54 151 70 156 106 301 53
leaf_count=952 1300 554 4964 1303 1168 59 95 427 698 3423 268 55 95 330 99 520 229 311 293 751 2303 215 169 96 60 289 773 147 90 97 574 176 253 311 814 1174 469 119 183 218 568 279 114 1310 688 314 374 2332 734 105 172 139 183 1823 186 54 151 70 156 106 301 53
internal_value=-0.000107894 0.0171388 -0.0113473 -0.00404163 0.00685005 0.0360993 0.180355 0.0101713 -0.019812 -0.00116541 0.0243885 0.00235836 0.064363 0.0382131 0.0692762 0.0468329 0.133596 0.0230933 0.0355769 -0.000979517 -0.0118674 0.0153416 0.0398927 0.0559778 0.0674774 0.00659991 -0.0409823 -0.00470071 0.015644 0.0550746 0.0332621 0.0268752 -0.0540648 0.0439245 0.0367875 0.041224 0.0664301 0.0960476 0.0135476 0.0445202 0.0662541 0.0233053 0.0577663 -0.0285539 0.00281397 -0.00651608 0.00338571 -0.0060034 0.0106298 0.0552512 0.0299143 0.0472721 0.0906207 -0.0272808 -0.0203677 0.0860679 0.111923 0.0683923 0.103045 0.160366 0.0465203 0.122222
internal_weight=36636 14455 22181 15208 9713 2051 154 7999 7209 5365 1897 1223 674 4742 1268 940 328 1942 1631 7662 4596 3066 1378 1163 1067 2293 2781 1688 610 1204 2634 3474 400 579 911 2174 1000 641 359 2060 1108 1542 575 2083 967 4428 3125 2646 1288 479 461 890 322 6973 5150 898 543 286 226 257 355 522
internal_count=36636 14455 22181 15208 9713 2051 154 7999 7209 5365 1897 1223 674 4742 1268 940 328 1942 1631 7662 4596 3066 1378 1163 1067 2293 2781 1688 610 1204 2634 3474 400 579 911 2174 1000 641 359 2060 1108 1542 575 2083 967 4428 3125 2646 1288 479 461 890 322 6973 5150 898 543 286 226 257 355 522
cat_boundaries=0 1 2
cat_threshold=1 1
is_linear=0
shrinkage=0.03


Tree=99
num_leaves=63
num_cat=3
split_feature=26 23 16 13 24 13 16 26 2 22 9 6 26 26 13 26 16 22 14 12 7 12 9 10 3 12 13 9 7 6 26 26 13 23 12 26 24 23 6 13 1 6 26 14 9 23 23 5 12 9 7 12 6 7 26 26 14 26 13 5 8 14
split_gain=7361.85 4668.25 2854.9 2832.01 3765.11 2881.28 2023.19 2189.05 1933.25 1851.65 1811.95 1763.11 2882.85 1750.17 2355.53 2209.69 1742.11 1826.65 2657.96 2374.85 2622.08 2480.81 2754.71 2011.05 1976.93 1628.69 1585.06 2126.15 1547.38 1485.73 1619.71 1616.98 1457.25 1352.61 1316.48 1598.61 2221.4 1552.19 1545.1 1314.42 1313.05 1280.4 1243.45 1197.76 1622.01 1619.59 1191.71 1165.89 1162.76 1468.8 1173.05 1149.43 1146.61 1092.84 1563.58 1635.16 1809.2 1370.36 1892.22 1353.33 1218.65 1509.62
threshold=101.50000000000001 6.8708333333333353 0 -0.5 10.750000000000004 -0.93301270189221919 1 1.0000000180025095e-35 60.050000000000004 0.10452846326765317 30.377083333333335 41.95000000000001 211.50000000000003 6.5000000000000009 -0.6830127018922193 9.5000000000000018 2 0.56638466991089664 1.0000000180025095e-35 1.5000000000000002 16.050000000000004 1.0000000180025095e-35 37.547916666666673 -1.0000000180025095e-35 12.950000000000001 1.0000000180025095e-35 0.25000000000000006 23.835416666666667 43.100000000000009 27.952777777777786 1864.0000000000002 423.00000000000006 1.0000000180025095e-35 4.8229166666666687 2.5000000000000004 30.500000000000004 1.1000000000000065 5.6937500000000014 12.950000000000001 0.68301270189221941 29.750000000000004 38.100000000000009 8.5000000000000018 1.0000000180025095e-35 22.752083333333335 10.297916666666671 4.8854166666666687 44.100000000000009 2.5000000000000004 59.775000000000013 32.050000000000004 4.5000000000000009 21.905555555555559 21.806250000000002 26.500000000000004 74.500000000000014 1.0000000180025095e-35 6.5000000000000009 0.25000000000000006 5.9500000000000011 22.338888888888892 -0.9330127018922193
decision_type=2 10 1 2 10 2 1 2 10 2 10 10 2 2 2 2 1 2 2 2 8 2 8 2 10 2 2 8 8 10 2 2 2 10 2 2 10 10 10 2 10 8 2 2 10 10 8 10 2 10 10 2 8 10 2 2 2 2 2 10 8 2
left_child=3 2 8 4 5 33 -7 -8 -2 28 25 -11 -13 14 51 42 43 18 29 21 -21 23 -23 -19 -20 32 48 -28 46 52 31 -31 -5 -1 35 36 38 -37 -17 -29 -25 -41 -15 44 -3 47 -4 -45 50 -50 -22 -9 -18 54 57 -56 -57 -27 -59 -60 61 -55
right_child=1 16 9 10 -6 6 7 13 -10 11 -12 12 -14 15 -16 34 17 19 24 20 26 22 -24 40 -26 53 27 39 -30 30 -32 -33 -34 -35 -36 37 -38 -39 -40 41 -42 -43 -44 45 -46 -47 -48 -49 49 -51 -52 -53 -54 60 55 56 -58 58 59 -61 -62 -63
leaf_value=0.040971655716635122 0.074562305054236347 -0.016739638921690687 0.089255559417623559 -0.088709576987636235 -0.024391969217999906 -0.0046330597310043475 -0.03501469710562153 0.07186549083076442 0.24532227384369998 0.040800650676498643 -0.089369987628551098 0.32056192299452696 0.019868238389492032 -0.015299885537421244 0.17587272697366602 0.011366592226871128 0.025893908441593675 0.10937984664441951 0.050399157443309021 -0.11047859541252536 0.056429042953711289 0.10030053154231254 0.31715741157531735 0.038519056932760261 -0.032325350728444113 -0.037922685550510885 0.11784387168365135 -0.067750020852312451 -0.075357928512453598 0.025378254579887616 -0.067050454178729013 0.098867164321535472 -0.02447637723903397 -0.039132885384240736 0.01636016207716242 0.10389714939934756 0.033353156294902313 0.0063984662109937565 0.18342946496087048 -0.026016815901430471 -0.11134387458108136 0.16370687845945356 -0.15737986559669176 -0.00026839671833291248 0.046725999320296224 -0.054596356583842112 0.00055793430104950851 -0.14586349938283946 0.026207755216697052 0.1789384014833541 0.24376477711967057 -0.02820905499329621 -0.033874948148192467 0.043199610751089655 -0.052771890309840266 -0.010325860983054888 0.18473398264716653 -0.010585539869008138 0.18650264727867255 0.03401609802813936 0.05959046867607725 -0.03510408945664311
leaf_weight=223 1129 784 164 555 4278 2181 413 475 63 1220 359 55 60 241 172 58 760 166 305 133 65 262 66 115 1762 1250 99 330 204 557 97 522 744 1271 1491 193 277 616 247 89 97 50 72 1683 674 876 808 51 564 63 56 132 466 343 1821 266 51 2988 59 467 327 626
leaf_count=223 1129 784 164 555 4278 2181 413 475 63 1220 359 55 60 241 172 58 760 166 305 133 65 262 66 115 1762 1250 99 330 204 557 97 522 744 1271 1491 193 277 616 247 89 97 50 72 1683 674 876 808 51 564 63 56 132 466 343 1821 266 51 2988 59 467 327 626
internal_value=-0.000383649 0.0163257 0.0453556 -0.0112203 -0.00164344 0.0104278 0.0189814 0.0307214 0.0835874 0.0272065 -0.0232109 0.0513856 0.163678 0.037553 0.0778724 0.0277224 0.00627166 0.0157615 0.00482179 0.0384481 0.0164653 0.0835659 0.143936 0.0311809 -0.0201188 -0.02071 0.0292948 -0.00848788 -0.000241747 0.026284 0.0503745 0.0609308 -0.0519201 -0.0271762 0.0359444 0.0569366 0.0948542 0.0296583 0.150709 -0.0351549 -0.0300503 0.0422291 -0.0479828 -0.00918085 0.0125991 -0.0213476 0.0155234 -0.00455061 0.0579853 0.0415539 0.14313 0.050103 0.00317589 -0.0157646 -0.020511 -0.0418255 0.021056 -0.0109454 -0.00134901 0.0511201 0.00951265 -0.00738668
internal_weight=36591 14395 3703 22196 12340 8062 6568 4387 1192 2511 9856 1335 115 3974 779 3195 10692 6624 4469 2155 1449 706 328 378 2067 9497 1316 568 1176 2402 1176 1079 1299 1494 2882 1391 582 809 305 469 212 139 313 4068 1458 2610 972 1734 748 627 121 607 1226 8198 6902 2138 317 4764 3514 526 1296 969
internal_count=36591 14395 3703 22196 12340 8062 6568 4387 1192 2511 9856 1335 115 3974 779 3195 10692 6624 4469 2155 1449 706 328 378 2067 9497 1316 568 1176 2402 1176 1079 1299 1494 2882 1391 582 809 305 469 212 139 313 4068 1458 2610 972 1734 748 627 121 607 1226 8198 6902 2138 317 4764 3514 526 1296 969
cat_boundaries=0 1 2 3
cat_threshold=1 2 2
is_linear=0
shrinkage=0.03


Tree=100
num_leaves=63
num_cat=0
split_feature=8 23 25 12 23 6 21 1 18 22 23 11 7 24 23 4 14 6 6 18 12 17 23 12 24 3 1 17 4 5 6 12 23 23 1 7 12 12 22 5 7 14 25 25 14 24 21 8 25 5 8 6 23 12 7 6 7 2 5 23 4 24
split_gain=7421.34 2977.54 2384.18 2013.36 1990.51 1743 1622.86 1702.85 1581.75 1605.66 1522.34 1527.06 1511.69 1463.78 1667.97 1387.79 1266.51 3286.69 1962.22 1402.73 1201.21 1162.29 1145.1 1198.62 1934.26 1104.06 1303.43 1256.74 1047.27 1196.28 1023.21 999.871 967.636 2072.06 1327.81 930.083 1432.02 1984.94 1905.79 1426.95 1218.65 2028.83 1678.78 924.48 923.629 2221.3 2089.88 1672.54 1149.86 1122.07 932.992 922.956 1028.29 1071.5 1060.93 1192.12 1194.49 1484.14 1071.73 979.994 972.919 901.009
threshold=31.291666666666668 7.8437500000000009 14.133071593877988 4.5000000000000009 4.3270833333333352 6.9500000000000011 -0.53727914962411594 90.500000000000014 89.500000000000014 -0.83385407025023273 14.906250000000002 -0.5 36.050000000000004 0.10000000000000196 11.55625 67.500000000000014 0.6830127018922193 20.516666666666669 22.050000000000004 45.500000000000007 1.0000000180025095e-35 24.750000000000004 5.5708333333333355 2.5000000000000004 7.500000000000008 61.95000000000001 56.050000000000004 26.150000000000002 41.050000000000004 36.95000000000001 46.100000000000009 3.5000000000000004 4.543750000000002 6.2812500000000009 55.250000000000007 53.20000000000001 1.5000000000000002 1.0000000180025095e-35 0.18222858652173765 59.150000000000006 25.81666666666667 1.0000000180025095e-35 7.535355435814858 0.041449278391577755 1.0000000180025095e-35 8.0500000000000096 0.56638466991089664 25.341666666666672 2.7157651376630096 17.050000000000004 15.005000000000001 59.683333333333337 5.293750000000002 3.5000000000000004 15.316666666666668 28.050000000000004 25.81666666666667 38.100000000000009 45.94852941176471 6.5833333333333348 48.95000000000001 0.50000000000000033
decision_type=10 8 10 2 10 10 2 8 2 2 10 2 10 10 10 10 2 8 8 2 2 2 10 2 10 10 10 2 8 10 10 2 10 10 10 10 2 2 2 10 10 2 10 10 2 10 2 8 10 8 8 10 10 2 8 8 10 10 10 10 10 10
left_child=1 2 3 20 -4 31 32 13 9 12 11 -11 -3 14 15 16 18 -18 -8 -20 61 -17 23 24 -7 26 51 -28 29 -13 -24 -6 -2 34 -34 36 37 -15 -39 40 41 -38 -42 -5 47 46 49 -22 -48 50 -46 52 53 -19 -54 59 57 -57 -59 -56 -58 -1
right_child=6 8 4 43 5 22 7 -9 -10 10 -12 28 -14 35 -16 21 17 25 19 -21 44 -23 30 -25 -26 -27 27 -29 -30 -31 -32 -33 33 -35 -36 -37 39 38 -40 -41 42 -43 -44 -45 45 -47 48 -49 -50 -51 -52 -53 54 -55 55 56 60 58 -60 -61 -62 -63
leaf_value=0.097921820360307513 -0.033938708322622427 -0.02651263450652085 0.12467610726096938 -0.067540501577862219 -0.014291016917143549 0.14864503818623925 -0.09623433262819335 0.18607803939008397 -0.035763881018293378 -0.016115711107714606 -0.079057173888354246 0.0093409086555053325 0.035894891236366917 -0.010744142199545042 -0.056952680522914634 0.2481004672190722 0.18897344423293627 0.017164470300361938 0.18218235985477371 0.062692920354109269 0.0045892578012290347 0.044551366496086119 0.011956578216741832 0.025057954597557986 -0.0047453093994408845 -0.093949402116661612 0.016151873208582402 0.19220245213121981 0.071507736467930225 -0.10988958270131767 0.11304897325356369 -0.11798356007760726 0.10923054332510218 0.041279361950669016 0.27686115874963646 -0.078519948025544489 0.060371236080690373 0.04964715185419967 0.23154453324223004 -0.12376214996952077 0.18143045342174069 -0.064294611421149853 0.012205134427592745 -0.020705754553860797 0.096574940964823858 -0.012392959159344919 0.075588981263777791 -0.12475997571022281 -0.053462985407930076 0.060076455584579795 0.22052846978559637 0.12270069928755138 -0.091283828428086758 0.17120880996917975 -0.02844948423596529 -0.008897859653738396 -0.013780764867762443 0.15078688729344114 -0.0073363170972360024 0.09584228859794601 -0.11252553234205526 -0.02978918453050072
leaf_weight=52 82 5504 155 516 294 218 63 57 2655 3192 225 4612 373 226 176 51 102 101 101 710 2760 50 4384 584 112 81 72 74 241 77 92 117 256 601 51 126 159 144 81 92 58 450 584 1432 122 599 102 93 159 259 99 66 104 68 78 279 751 124 56 213 102 1133
leaf_count=52 82 5504 155 516 294 218 63 57 2655 3192 225 4612 373 226 176 51 102 101 101 710 2760 50 4384 584 112 81 72 74 241 77 92 117 256 601 51 126 159 144 81 92 58 450 584 1432 122 599 102 93 159 259 99 66 104 68 78 279 751 124 56 213 102 1133
internal_value=7.60812e-05 -0.00614566 0.00448032 -0.00698017 0.0185769 0.015742 0.0294475 0.022973 -0.0145072 -0.0105395 -0.00208183 5.05771e-05 -0.0225518 0.0212327 0.0329957 0.0378727 0.0343574 0.0225471 0.0650453 0.0775738 0.00248509 0.147334 0.020283 0.0508829 0.0965853 0.0147207 0.0189363 0.105383 0.0105177 0.00738298 0.0140344 -0.0438093 0.0647564 0.0736694 0.137078 0.000267555 0.00580113 0.0520535 0.11513 -0.00973113 -0.00134515 -0.0317464 0.0274934 -0.0331117 0.0100224 0.0305674 0.0652952 0.000372826 -0.00302888 0.102446 0.152102 0.0124373 0.00855806 0.0791468 0.00156948 0.00759365 -0.00459049 0.0344319 0.101593 0.062527 -0.0255885 -0.024185
internal_weight=36550 30161 13282 7326 5956 5801 6389 5399 16879 14224 8347 8122 5877 5342 3422 3246 3145 2271 874 811 5378 101 5390 914 330 2169 2088 146 4930 4689 4476 411 990 908 307 1920 1794 451 225 1343 1251 609 642 1948 4193 1340 741 2853 261 480 221 1942 1876 169 1707 1603 1312 459 180 291 853 1185
internal_count=36550 30161 13282 7326 5956 5801 6389 5399 16879 14224 8347 8122 5877 5342 3422 3246 3145 2271 874 811 5378 101 5390 914 330 2169 2088 146 4930 4689 4476 411 990 908 307 1920 1794 451 225 1343 1251 609 642 1948 4193 1340 741 2853 261 480 221 1942 1876 169 1707 1603 1312 459 180 291 853 1185
is_linear=0
shrinkage=0.03


Tree=101
num_leaves=63
num_cat=2
split_feature=1 16 23 9 26 24 26 23 26 26 12 6 26 12 6 23 26 16 24 6 26 7 26 23 23 14 23 18 14 24 26 6 0 26 0 0 7 6 9 26 9 23 2 18 26 26 9 14 2 26 6 26 14 7 12 23 6 26 7 7 18 18
split_gain=6310.11 3208.24 2932.93 2046.81 2055.2 1972.45 1848.06 1801.06 1897.02 2528.43 1890.06 1712.1 1699.01 2072.08 1614.3 1633.26 1574.84 1578.04 1489.12 1649.33 1433.1 1424.27 1886.15 1244.2 1205 1228.61 1176.54 1226.92 1215.83 1119.31 1103.46 1792.69 1090.38 1086.8 1068.65 1053.37 1203.55 1069.81 1071.32 1087.9 1927.13 1603.17 1388.03 1286.16 1218.35 2373.55 2183.52 1473.17 1870.26 1313.61 1178.88 1195.95 1034.7 1167.95 1137.18 1107.32 1028.23 1016.27 1007.59 953.585 1192.02 953.272
threshold=21.910000000000004 0 6.9229166666666684 32.502083333333339 510.00000000000006 0.29999999999999649 800.50000000000011 7.7645833333333352 115.50000000000001 176.50000000000003 4.5000000000000009 74.500000000000014 35.500000000000007 1.0000000180025095e-35 57.150000000000006 9.2604166666666696 19.500000000000004 1 5.8000000000000069 57.150000000000006 28.500000000000004 35.016666666666673 148.00000000000003 13.68541666666667 5.4541666666666684 0.25000000000000017 11.439583333333335 89.500000000000014 -0.5 2.3000000000000056 44.500000000000007 34.966666666666676 33.850000000000009 195.50000000000003 17.550000000000004 66.40000000000002 24.950000000000003 61.050000000000004 61.645833333333336 397.50000000000006 28.793750000000003 5.3333333333333348 39.050000000000004 90.500000000000014 161.50000000000003 211.50000000000003 39.352083333333333 0.93301270189221952 34.966666666666676 251.50000000000003 46.100000000000009 1135.5000000000002 1.0000000180025095e-35 46.100000000000009 2.5000000000000004 10.297916666666671 13.110000000000001 103.50000000000001 20.216666666666669 43.100000000000009 88.500000000000014 94.500000000000014
decision_type=8 1 8 8 2 8 2 10 2 2 2 10 2 2 10 10 2 1 10 8 2 10 2 10 10 2 8 2 2 10 2 8 10 2 10 10 10 10 10 2 8 10 8 2 2 2 8 2 8 2 10 2 2 8 2 10 8 2 10 10 2 2
left_child=7 2 3 -2 18 11 26 8 10 21 12 20 13 -1 15 32 -15 -18 19 29 -3 22 -10 35 25 -14 27 -4 57 -5 31 -20 -8 -11 -27 37 -37 38 39 40 59 42 -42 50 58 -46 47 -47 -49 -48 52 -52 53 -41 55 -54 -7 -28 -43 60 -22 -19
right_child=1 5 6 4 -6 56 14 -9 9 33 -12 -13 24 16 -16 -17 17 61 30 -21 23 -23 -24 -25 -26 34 28 -29 -30 -31 -32 -33 -34 -35 -36 36 -38 -39 -40 43 41 44 -44 -45 45 46 49 48 -50 -51 51 -53 54 -55 -56 -57 -58 -59 -60 -61 -62 -63
leaf_value=-0.026865332764679801 0.031878178086310355 0.086336503355726429 0.020635991705362882 0.057509231223434258 0.18943961319441979 -0.057733814620149995 0.074563156390453078 -0.017764961373701319 0.16971238307299261 -0.064418271008133882 -0.032567228219326942 0.18846250560879707 -0.029903345976252944 0.012444314933828434 -0.0791959001234777 0.053582498882213052 0.010038329550208381 0.081372846535733206 -0.080766916394233695 0.20952508078018825 0.012080532223245916 0.2384322597941414 0.003708126099846725 -0.07720805270711377 -0.03744243561579811 0.16616850045905449 -0.063391892068937208 -0.030946103888806545 -0.08784425322833056 0.17881042102495065 -0.12104186457395555 0.17327433847188947 0.25806657553595652 0.023943628918636883 -0.00053238494718661072 0.0066597126341528361 0.20987931038526927 -0.1260215477960614 0.14755165149183833 0.10305462206014104 -0.0068981937302843386 0.051978380482210665 0.17502975542389321 -0.060610993549005308 -0.15042173845404608 -0.036126995717828299 0.011847129138591496 -0.013856194355059415 0.17694449142531254 -0.1413072181315744 0.019837130517844342 -0.15664115442997881 0.085509191035535309 -0.045110591476613823 -0.003262746676103686 -0.026132964005365088 -0.0091224479229103702 0.11946480000296891 -0.030014836472762721 0.14462788969866541 0.13084188485035189 0.21365273093538623
leaf_weight=919 1231 224 2876 560 156 457 51 12802 110 150 1792 50 147 2425 63 422 312 394 50 90 1248 61 140 147 1220 80 51 485 216 78 55 50 68 760 61 54 51 52 51 370 92 215 64 134 187 261 69 100 86 187 96 54 370 55 509 102 2737 59 362 57 81 56
leaf_count=919 1231 224 2876 560 156 457 51 12802 110 150 1792 50 147 2425 63 422 312 394 50 90 1248 61 140 147 1220 80 51 485 216 78 55 50 68 760 61 54 51 52 51 370 92 215 64 134 187 261 69 100 86 187 96 54 370 55 509 102 2737 59 362 57 81 56
internal_value=-0.000162123 0.0147034 0.0304721 0.0580495 0.0890571 0.00256317 0.0158833 -0.0106253 -3.04985e-05 0.0346161 -0.00574256 0.013738 0.00281993 0.0128216 0.064526 0.0812626 0.0242657 0.0618864 0.0713224 0.089299 0.0120827 0.108463 0.07675 0.00879172 -0.0244128 0.030782 0.00791465 0.0131926 -0.0464998 0.0723392 -0.0131092 0.0462537 0.179422 0.00937848 0.0940497 0.011368 0.105366 0.00931267 0.0107942 0.00930995 -0.00150803 -0.0236945 0.0677389 0.0285711 -0.0334175 -0.0554308 -0.0301629 0.00984891 0.0743635 -0.100027 0.0362513 -0.0436951 0.0447804 0.0838803 0.0278411 0.0613831 -0.0160778 0.0346858 0.000537229 0.0244722 0.0193188 0.0978343
internal_weight=36512 15083 6561 2270 1039 8522 4291 21429 8627 1221 7406 5328 5614 4106 604 541 3187 762 883 728 5278 311 250 5054 1508 288 3687 3361 326 638 155 100 119 910 141 4907 105 4802 4750 4699 3009 1623 156 1690 1467 890 703 447 186 256 1556 150 1406 425 981 472 3194 110 577 1386 1329 450
internal_count=36512 15083 6561 2270 1039 8522 4291 21429 8627 1221 7406 5328 5614 4106 604 541 3187 762 883 728 5278 311 250 5054 1508 288 3687 3361 326 638 155 100 119 910 141 4907 105 4802 4750 4699 3009 1623 156 1690 1467 890 703 447 186 256 1556 150 1406 425 981 472 3194 110 577 1386 1329 450
cat_boundaries=0 1 2
cat_threshold=1 4
is_linear=0
shrinkage=0.03


Tree=102
num_leaves=63
num_cat=3
split_feature=1 23 16 16 24 0 25 14 16 13 6 5 12 9 23 17 7 7 12 6 7 14 12 6 15 23 6 8 25 12 7 11 0 9 8 23 6 12 11 6 25 24 23 9 5 25 13 17 19 6 12 25 23 14 7 7 17 24 23 7 5 14
split_gain=5719.35 2192.41 2160.91 1859.19 1992.31 1962.22 1672.82 1592.93 2606.93 2791.41 4870.31 2750.92 2414.22 1588.71 1458.18 1432.42 1584.2 1487.39 1846.4 1633.22 1408 1342.38 1296.95 1214.06 1164.31 1144.21 1140.71 2021.27 1139.81 1131.75 2659.06 1107.1 1089.47 1105.27 1082.17 1080.4 1066.92 1055.68 1052.02 1032.25 1010.7 1546.92 1000.89 1487.19 978.26 957.467 947.443 941.36 2663.99 882.752 881.602 1338.86 866.573 862.761 1143.07 847.663 834.754 831.993 829.68 1258.79 943 1517.25
threshold=21.910000000000004 8.0729166666666696 0 1 2.2500000000000031 45.029411764705891 44.241680741644664 1.0000000180025095e-35 2 0.25000000000000006 22.850000000000005 36.95000000000001 1.5000000000000002 23.835416666666667 4.481250000000002 27.650000000000002 49.050000000000004 29.750000000000004 5.5000000000000009 55.250000000000007 56.050000000000004 -0.24999999999999994 5.5000000000000009 34.966666666666676 1.0000000180025095e-35 9.0187500000000025 42.050000000000004 40.00833333333334 126.52027679958933 2.5000000000000004 34.966666666666676 0.60355339059327384 7.0333333333333341 29.293750000000003 28.027777777777782 12.672916666666671 18.152509652509654 1.5000000000000002 1.0000000180025095e-35 59.100000000000009 8.7498345899686729 1.0000000000000022 7.4708333333333341 37.547916666666673 46.100000000000009 706.2455520840623 -0.93301270189221919 26.350000000000005 7.5500000000000007 19.633333333333336 3.5000000000000004 1.7372598474568288 10.664583333333335 0.93301270189221952 28.950000000000003 27.952777777777786 24.350000000000005 24.150000000000013 6.0020833333333359 28.050000000000004 25.81666666666667 0.6830127018922193
decision_type=10 10 1 1 10 8 10 2 1 2 10 8 2 10 8 2 10 8 2 10 8 2 2 10 2 10 8 10 10 2 10 2 10 10 10 10 10 2 2 8 10 10 10 10 10 10 2 2 2 8 2 10 8 2 10 10 2 10 10 8 10 2
left_child=2 3 28 5 15 45 24 39 13 11 12 31 55 -9 49 16 17 18 19 -5 -12 -7 26 32 35 -15 27 -13 52 30 -19 -10 36 46 -20 -3 -16 -25 -28 44 -23 -42 43 -31 47 58 50 48 -8 -4 -34 -52 57 -27 -55 -11 -39 -1 59 -2 61 -61
right_child=1 6 14 4 -6 21 7 8 9 10 20 22 -14 25 23 -17 -18 29 34 -21 -22 40 -24 37 -26 53 38 -29 -30 42 -32 -33 33 -35 -36 -37 -38 56 -40 -41 41 -43 -44 -45 -46 -47 -48 -49 -50 -51 51 -53 -54 54 -56 -57 -58 -59 -60 60 -62 -63
leaf_value=0.0097807513900259723 0.020944097679154561 -0.011631619506265584 0.016013923535792854 0.033782783998593108 -0.026043084679396949 0.19840401126395749 0.093322049837340326 0.016036763885553848 0.066519128402747277 0.11348509850800037 -0.089086674263564911 -0.0050620810628721584 0.01607383557321394 -0.015864888289602017 -0.042642323675192231 -0.00044178819474171508 0.18063201733257458 -0.035040570731145262 0.085296920060234913 0.20342696429954632 0.01499827574889194 0.20000959607362748 -0.10343416232735879 0.13059129889090271 -0.1086139032069979 -0.075301860012523425 -0.12096537507449587 0.19884734553770278 0.043717329072849344 -0.0099104091712421665 0.14929249312389981 0.1606652222634051 -0.055421347658877296 -0.13684512677517804 0.26338365833008925 -0.1356302877785221 0.017090092926148753 -0.088281435495944777 0.036639525073545946 -0.057526493131142588 0.080775047055413496 -0.08782423814660624 0.062802742767656586 -0.13875126933306456 0.085253968721318796 0.12770950998169378 -0.01087637971547435 0.0318527701971189 -0.21040323166352398 0.11891991904822691 -0.042834836921654643 0.044310977337799748 -0.032359679780181026 -0.087406785873257939 -0.26955335943322434 0.28731458525447284 0.038063435356960024 -0.032029889851158969 0.01790285738096219 0.076636575319925723 0.056195248451904718 0.27256080055031284
leaf_weight=4278 484 1127 320 943 954 92 51 235 321 50 519 114 170 191 2288 1375 69 151 68 54 151 50 93 85 145 273 72 71 637 302 132 173 886 66 56 67 305 61 81 115 348 57 97 110 295 91 11828 1510 53 98 420 255 611 68 57 51 206 476 1937 92 236 58
leaf_count=4278 484 1127 320 943 954 92 51 235 321 50 519 114 170 191 2288 1375 69 151 68 54 151 50 93 85 145 273 72 71 637 302 132 173 886 66 56 67 305 61 81 115 348 57 97 110 295 91 11828 1510 53 98 420 255 611 68 57 51 206 476 1937 92 236 58
internal_value=-0.000454963 0.0147841 -0.00967654 0.0253442 0.012214 0.041775 0.00125296 0.00965831 -0.00546871 0.0141567 -0.0222225 0.0511651 0.0850917 -0.0499116 -0.0151915 0.023086 0.0394083 0.0343145 0.0565494 0.0429711 -0.0656287 0.0938892 -0.00422273 -0.0166018 -0.0283384 -0.0762238 0.0230751 0.0731951 0.00577674 0.00284314 0.0509381 0.0994893 -0.0178107 -0.0143792 0.165723 -0.0185897 -0.0356163 0.0385118 -0.0375275 0.0297629 0.0727565 0.0570463 -0.0238973 -0.0443097 0.0350213 0.0319384 -0.0137755 0.02584 -0.061461 0.0401402 -0.0357429 -0.00991308 0.00127196 -0.10519 -0.170466 0.20126 0.00919813 0.00559441 0.0288336 0.0531702 0.0935782 0.152394
internal_weight=36629 13809 22820 7756 4311 3445 6053 4714 2690 1866 941 925 271 824 16818 3357 1982 1913 1121 997 670 547 431 16400 1339 589 338 185 6002 792 283 494 16048 13455 124 1194 2593 352 153 2024 455 405 509 412 1909 2898 13389 1614 104 418 1561 675 5365 398 125 101 267 4754 2807 870 386 150
internal_count=36629 13809 22820 7756 4311 3445 6053 4714 2690 1866 941 925 271 824 16818 3357 1982 1913 1121 997 670 547 431 16400 1339 589 338 185 6002 792 283 494 16048 13455 124 1194 2593 352 153 2024 455 405 509 412 1909 2898 13389 1614 104 418 1561 675 5365 398 125 101 267 4754 2807 870 386 150
cat_boundaries=0 1 2 3
cat_threshold=1 1 2
is_linear=0
shrinkage=0.03


Tree=103
num_leaves=63
num_cat=2
split_feature=26 16 13 24 13 0 16 25 12 13 21 12 12 10 9 26 25 26 26 26 9 26 19 25 12 25 0 2 26 26 26 25 9 21 11 9 25 12 10 12 26 9 12 12 26 26 24 25 12 26 26 26 13 12 26 12 8 9 24 8 12 8
split_gain=6009.99 2733.2 2306.22 3302.64 2383.01 2157.03 1965.14 1923.61 1673.4 1628.06 2811.86 1980.68 3893.74 3211.38 2244.14 2202.28 4050.12 1941.16 2312.26 2960.73 2470.23 1735.63 1723.25 1552.54 1542.96 1519.67 1508.93 1415.03 1335.93 1312.79 1625.16 1324.05 1302.85 1300.05 1740.82 1850.62 2177 1162.85 1132.75 1124.78 1949.73 1119.52 3636.78 1100.99 1089.39 1553.38 1036.38 1032.81 1020.52 1013.45 980.481 938.843 2534.87 1774.07 1578.57 1167.83 1432.93 943.975 937.974 946.073 1109.87 932.9
threshold=101.50000000000001 0 -0.5 10.750000000000004 -0.93301270189221919 57.150000000000006 1 9.0216602109299053 5.5000000000000009 1.0000000180025095e-35 0.67556448321067852 2.5000000000000004 1.0000000180025095e-35 -0.25881904510252113 36.822916666666679 164.50000000000003 199.4363857793081 176.50000000000003 800.50000000000011 1351.0000000000002 51.212500000000013 133.50000000000003 7.7500000000000009 13.260646863138051 1.5000000000000002 503.65594728367927 19.983333333333338 65.100000000000009 294.50000000000006 168.50000000000003 130.50000000000003 257.1675852675026 30.602083333333336 0.83385407025023295 0.37940952255126043 61.645833333333336 169.28762623978295 4.5000000000000009 -0.25881904510252113 3.5000000000000004 150.50000000000003 43.338541666666679 3.5000000000000004 1.0000000180025095e-35 2192.5000000000005 800.50000000000011 0.40000000000000807 153.84045844482785 1.0000000180025095e-35 1099.0000000000002 976.50000000000011 6.5000000000000009 0.25000000000000006 1.0000000180025095e-35 37.500000000000007 2.5000000000000004 11.508333333333335 6.210416666666668 1.4000000000000077 17.840277777777782 5.5000000000000009 56.541666666666679
decision_type=2 1 2 10 2 10 1 8 2 2 2 2 2 2 8 2 10 2 2 2 10 2 2 10 2 10 10 8 2 2 2 10 10 2 2 10 10 2 2 2 2 10 2 2 2 2 10 10 2 2 2 2 2 2 2 2 10 10 10 10 2 10
left_child=2 27 3 4 -1 9 8 51 -6 10 11 12 13 -3 29 38 -17 21 41 25 -21 46 47 -10 -9 43 -24 44 -18 30 -13 -31 37 34 61 36 -36 -26 -14 -23 -41 -19 -43 50 45 -2 -11 -12 -47 -50 -20 -4 53 -53 57 56 -55 -54 -8 60 -60 -7
right_child=1 5 7 -5 6 33 58 24 23 17 22 14 15 -15 -16 16 28 18 19 20 -22 39 26 -25 32 -27 -28 -29 -30 31 -32 -33 -34 -35 35 -37 -38 -39 -40 40 -42 42 -44 -45 -46 48 -48 -49 49 -51 -52 52 54 55 -56 -57 -58 -59 59 -61 -62 -63
leaf_value=-0.023997288219793564 -0.0044746868503580742 0.12695858101966312 -0.031792308428745995 -0.022734621353256115 0.052653160143988985 0.15499183389211171 0.021673630000171303 -0.073648240071028784 -0.063138410181968238 0.068803787891353871 0.099639360348810435 0.083830263881156067 -0.045279976926066653 -0.10228848232524626 -0.010216386355130017 0.3948207055985633 0.09146671764427583 -0.0094219228087912277 0.063466796562341707 0.0086146671967117817 -0.20414054119338593 0.11546930347613171 0.073228672364583372 0.081476920238359174 -0.00086791177433625524 0.14680773137669478 -0.10789560608574983 -0.06833746100267904 0.26333799426044735 0.23019642156657091 -0.10456998857004302 0.075422378566463374 -0.087189571644304339 -0.0425920880721374 0.094061024312395602 0.036432504746198122 0.3288064667552244 -0.043863354718053561 0.13553859171457588 0.15782430477025039 -0.029545600095540043 -0.0074025867513009781 0.1742239613705919 0.07320191535558869 -0.10407267151823775 -0.042391951006138698 -0.022967697603656696 -0.012904513196608182 0.13065626005737149 0.037176935207098721 -0.10842191914853173 -0.067060307339110975 0.18599057172829248 -0.0097749011135218958 -0.041928423041417716 -0.018981712203587225 0.057548543945204263 0.053835852949713305 0.014108963949766577 -0.03899374462740824 -0.050248607888384915 0.017785228854635869
leaf_weight=1527 3863 103 1520 4308 1800 57 1981 866 231 168 128 156 55 118 452 76 149 3912 56 543 54 382 52 94 1285 210 203 286 56 86 56 118 291 66 64 70 80 1012 72 74 154 409 131 489 88 96 325 172 147 360 64 504 53 703 155 2394 478 592 1599 595 284 205
leaf_count=1527 3863 103 1520 4308 1800 57 1981 866 231 168 128 156 55 118 452 76 149 3912 56 543 54 382 52 94 1285 210 203 286 56 86 56 118 291 66 64 70 80 1012 72 74 154 409 131 489 88 96 325 172 147 360 64 504 53 703 155 2394 478 592 1599 595 284 205
internal_value=-0.000338889 0.0147614 -0.0101054 -0.00150666 0.00976815 0.024057 0.0175992 -0.0209434 0.041341 0.0205654 0.044053 0.0654358 0.105973 0.00455517 0.0360605 0.160907 0.207765 0.0136515 0.00678797 0.0401799 -0.0106295 0.0501657 -0.0136228 -0.0213112 -0.0389857 0.0772167 -0.0709605 -0.00360911 0.138417 0.0863422 0.0340642 0.14067 -0.0273868 0.0821847 0.0994857 0.162966 0.224475 -0.0198106 0.0572313 0.0839971 0.0312674 -0.00383263 0.0366587 0.0532198 0.000455957 0.00251563 0.00830534 0.0351142 0.0472977 0.0642804 -0.0282072 -0.0112047 -0.00479089 -0.0143673 0.0440368 -0.00693868 0.0174737 0.0646951 0.00628477 -0.00601761 0.00440235 0.0476355
internal_weight=36677 14405 22272 12419 8111 9565 6584 9853 2125 9023 2052 1497 629 221 868 408 281 6971 5868 1416 597 1103 555 325 3454 819 255 4840 205 416 212 204 2588 542 476 214 144 2297 127 610 228 4452 540 609 4554 4466 493 300 603 507 120 6399 4879 4079 800 3575 1181 645 4459 2478 1883 262
internal_count=36677 14405 22272 12419 8111 9565 6584 9853 2125 9023 2052 1497 629 221 868 408 281 6971 5868 1416 597 1103 555 325 3454 819 255 4840 205 416 212 204 2588 542 476 214 144 2297 127 610 228 4452 540 609 4554 4466 493 300 603 507 120 6399 4879 4079 800 3575 1181 645 4459 2478 1883 262
cat_boundaries=0 1 2
cat_threshold=2 1
is_linear=0
shrinkage=0.03


Tree=104
num_leaves=63
num_cat=4
split_feature=26 23 16 16 22 12 23 9 0 6 13 14 26 7 23 13 26 12 25 6 26 17 14 26 5 26 26 7 16 14 9 9 7 13 23 7 0 6 23 26 7 23 9 7 4 9 6 26 26 18 7 5 17 5 26 17 5 25 23 7 9 16
split_gain=6092.53 3678.01 2380.44 1932.14 1992.64 2415.51 2142.85 2089.44 2200.25 1912.3 1906.95 1865.4 1762.45 1724.23 1641.61 1549.1 3152.74 2484.4 2796.35 1655.07 2139.87 1531.78 1496.26 1433.19 1417.66 1387.67 2382.43 1372.96 1363.04 1340.69 2064.72 1796.65 1468.66 1463.79 1328.74 1412.03 1304.22 1503.92 1653.14 1275.07 1263.96 1256.19 1243.33 1227.96 1219.09 1200.92 1183.53 1698.34 1207.27 1274.56 1164.55 1835.84 1503.89 1244.04 1161.33 1241.88 1153.42 1107.63 1052.19 1046.69 1021.94 1458.89
threshold=101.50000000000001 6.4458333333333355 0 1 0.56638466991089664 2.5000000000000004 10.758333333333336 57.812500000000007 54.20000000000001 65.100000000000009 0.68301270189221941 1.0000000180025095e-35 1135.5000000000002 43.100000000000009 11.852083333333335 0.25000000000000006 173.50000000000003 1.0000000180025095e-35 199.4363857793081 23.960000000000004 595.50000000000011 22.550000000000004 1.0000000180025095e-35 294.50000000000006 40.050000000000004 230.50000000000003 139.50000000000003 24.350000000000001 2 0.93301270189221952 23.835416666666667 30.377083333333335 25.81666666666667 0.68301270189221941 4.2354166666666684 30.800000000000001 75.15000000000002 27.550000000000004 4.7458333333333353 123.50000000000001 43.100000000000009 10.297916666666671 20.792708333333337 13.950000000000001 32.866666666666667 22.752083333333335 27.952777777777786 1864.0000000000002 423.00000000000006 80.500000000000014 18.152509652509654 34.033333333333339 28.150000000000002 29.950000000000003 42.500000000000007 23.250000000000004 36.050000000000004 275.38433081270949 7.4416666666666691 32.050000000000004 21.292892156862749 3
decision_type=2 10 1 1 2 2 10 10 10 10 2 2 2 8 10 2 2 2 10 10 2 2 2 2 8 2 2 10 1 2 10 10 8 2 8 8 8 8 10 2 8 10 10 10 8 10 10 2 2 2 10 10 2 10 2 2 8 10 10 8 10 1
left_child=2 9 14 22 11 7 25 8 15 12 -8 46 28 39 27 16 -6 21 -19 43 -21 -18 45 -20 41 26 -7 54 -2 30 -27 -32 -31 59 -4 42 37 38 -30 58 -39 -24 -36 -17 -15 -3 56 48 -48 57 52 -52 53 -44 -1 -56 -5 -50 -13 -33 -40 -62
right_child=1 3 34 4 5 6 10 -9 -10 -11 -12 13 -14 44 -16 19 17 18 23 20 -22 -23 24 -25 -26 29 -28 -29 36 32 31 33 -34 -35 35 -37 -38 40 60 -41 -42 -43 50 -45 -46 -47 47 -49 49 -51 51 -53 -54 -55 55 -57 -58 -59 -60 -61 61 -63
leaf_value=0.0056708876090305121 0.070381172664491523 -0.0093319067686899546 0.047905276928441189 0.010744748865448408 -0.018071776313736337 0.069379317416927558 -0.020490931635898237 -0.10225429798662662 0.27197131708757405 0.2228287519721521 -0.2437467903249404 0.13925235874626948 0.17008847834661284 -0.0096841293480898535 -0.067624250950181597 0.024041362269669773 -0.071696714862503785 0.39332107696553753 0.093882417443419713 -0.066806923075962588 0.10375807219394007 0.14267063125459983 0.00091496288983342641 0.27682631950629383 -0.073908398168092526 0.1458184026331274 -0.057803202519177366 0.02997360347564788 0.15935660989894981 0.22910167339018411 -0.17209633648395536 -0.1175464676635366 0.06080400856477873 0.12248391793398507 -0.019022226030426446 -0.049943781240976565 -0.072765315474331876 0.02115251002999079 0.080660286939281053 -0.038798818959775994 -0.068428425332378653 -0.047903309421466762 0.041860423505660035 0.15453182021818226 0.067078015677019445 0.044199945847392806 0.024963792180342594 -0.075846714270301152 0.086097662851425893 0.027238057528489401 0.011854470947568332 -0.091441253935560005 -0.024585131178407566 0.1568138716732328 0.11310995876789093 -0.039043140503830009 -0.10970319812235078 0.20264552733343508 -0.039451955826236652 0.02438288231604617 0.080309647920511415 -0.037669794888900307
leaf_weight=4248 798 829 276 1223 128 213 106 60 51 54 51 69 94 429 279 125 55 58 119 204 98 66 1655 57 405 99 351 1704 124 70 52 71 140 87 11908 1184 119 629 319 1494 183 665 358 135 329 692 559 96 229 196 606 208 230 111 51 905 76 108 52 137 155 241
leaf_count=4248 798 829 276 1223 128 213 106 60 51 54 51 69 94 429 279 125 55 58 119 204 98 66 1655 57 405 99 351 1704 124 70 52 71 140 87 11908 1184 119 629 319 1494 183 665 358 135 329 692 559 96 229 196 606 208 230 111 51 905 76 108 52 137 155 241
internal_value=-0.00056248 0.0146504 -0.0104583 0.00731487 0.0165781 0.0381518 0.0113095 0.0701258 0.0795627 0.0460858 -0.0930135 0.005334 0.0425005 -0.0136934 0.00371954 0.0701724 0.109572 0.155596 0.212666 0.0363108 -0.011458 0.0452309 -0.00881397 0.153131 -0.022119 0.0247347 -0.00977151 0.00660097 0.0378302 0.0544016 0.0249726 -0.00950505 0.116903 0.0191551 -0.0173057 -0.0185381 0.0231547 0.0300684 0.0582365 -0.0312127 0.000963703 -0.0130782 -0.0157674 0.091796 0.0236335 0.0150232 0.0234892 0.0451298 0.0557651 0.0880689 0.00984919 -0.0145405 0.0382515 0.0690669 -0.00105217 -0.0309262 0.00369776 0.123448 0.0624538 -0.0240642 0.0406996 0.00850903
internal_weight=36423 14355 22068 11639 7393 2533 1377 1156 1096 2716 157 4860 2662 2373 7187 1045 483 355 234 562 302 121 4246 176 2725 1220 564 6908 2568 656 446 347 210 295 14881 14605 1770 1651 839 1615 812 2320 13421 260 758 1521 2487 1188 1092 533 1513 814 699 469 5204 956 1299 337 121 208 715 396
internal_count=36423 14355 22068 11639 7393 2533 1377 1156 1096 2716 157 4860 2662 2373 7187 1045 483 355 234 562 302 121 4246 176 2725 1220 564 6908 2568 656 446 347 210 295 14881 14605 1770 1651 839 1615 812 2320 13421 260 758 1521 2487 1188 1092 533 1513 814 699 469 5204 956 1299 337 121 208 715 396
cat_boundaries=0 1 2 3 4
cat_threshold=1 2 1 2
is_linear=0
shrinkage=0.03


Tree=105
num_leaves=63
num_cat=5
split_feature=8 20 22 16 26 26 12 12 14 26 16 26 6 26 6 24 6 16 24 1 11 14 24 17 6 22 26 5 18 8 13 4 12 6 26 8 6 5 16 18 4 22 17 4 6 4 24 24 26 12 4 16 0 24 21 13 26 24 26 25 14 6
split_gain=5453.73 2575.17 2200.79 1843.97 1376.52 1742.8 2961.45 1925.2 3019.11 1933.31 1549.82 1719.99 3413.92 2421.2 2158.64 1994.81 1632.21 1539.77 1393.01 1645.42 1358.93 1293.37 1273.67 1274.51 1236.24 1496.64 1388.02 1373.54 1206.73 1194.33 1390.21 1446.52 1183.64 1097.6 1092.63 1069.39 1633.56 990.029 991.427 987.346 977.143 946.749 945.569 884.844 847.402 831.165 826.627 816.885 808.934 899.793 801.672 801.152 1053.49 850.06 800.631 748.585 747.405 1545.73 716.234 715.789 717.415 706.678
threshold=31.291666666666668 1.0000000180025095e-35 -0.83385407025023273 0 438.50000000000006 1541.5000000000002 4.5000000000000009 4.5000000000000009 0.25000000000000017 1179.0000000000002 1 323.00000000000006 25.936486486486487 308.50000000000006 20.025000000000002 0.099999999999996911 69.500000000000014 2 5.2000000000000091 44.100000000000009 -0.12940952255126034 0.93301270189221952 1.0000000180025095e-35 26.850000000000005 35.95000000000001 0.99140711019144623 880.00000000000011 37.050000000000004 85.500000000000014 35.675000000000004 0.68301270189221941 44.100000000000009 4.5000000000000009 47.100000000000009 178.50000000000003 47.008333333333347 34.033333333333339 27.050000000000004 3 90.500000000000014 47.150000000000006 0.35019404643548474 22.950000000000003 44.100000000000009 32.975000000000009 51.20000000000001 3.3000000000000065 0.3000000000000021 397.50000000000006 1.5000000000000002 57.150000000000006 4 36.050000000000004 0.90000000000000424 0.061046214993534555 -0.24999999999999994 800.50000000000011 2.2500000000000031 1.0000000180025095e-35 96.29729210905812 1.0000000180025095e-35 1.0000000180025095e-35
decision_type=10 2 2 1 2 2 2 2 2 2 1 2 10 2 8 10 10 1 10 10 2 2 10 2 10 2 2 10 2 10 2 10 2 8 2 10 8 10 1 2 10 2 2 10 10 10 10 10 2 2 10 1 8 10 2 2 2 10 2 10 2 10
left_child=1 2 51 20 10 7 -7 9 17 29 21 13 -13 14 15 -12 18 -9 28 32 59 44 48 -24 26 42 27 58 33 -6 31 -31 -20 37 47 36 -11 55 -39 -3 -19 -23 -26 -36 -2 -30 -44 -35 -14 -50 -37 52 53 -1 -17 -16 -53 -58 -5 -4 -61 -22
right_child=4 39 3 24 5 6 -8 8 -10 35 11 12 22 -15 16 54 -18 40 19 -21 61 41 23 -25 25 -27 -28 -29 45 30 -32 -33 -34 34 43 50 -38 38 -40 -41 -42 -43 46 -45 -46 -47 -48 -49 49 -51 -52 56 -54 -55 -56 -57 57 -59 -60 60 -62 -63
leaf_value=-0.00015951374416287524 0.029650004874317168 -0.013160862398810905 -0.0084639840312034451 -0.034160120969484287 0.084143630243772319 0.065495102261343308 -0.19179613235970619 0.28269120662073999 0.012741342069073158 0.13469556898292567 0.23050451311669998 -0.21851208549478779 -0.056433219813918495 0.24112666897773744 0.188356541497954 0.1164475807423393 0.1464354381975817 0.18504417374432086 -0.051769439861399584 -0.19608150631785393 -0.035290511144325132 -0.20117271262056685 0.19157323444859597 0.021012365988488976 -0.067524199571460483 0.17999693048688081 0.087786888366467072 -0.11768694625803308 0.053648981985732404 -0.0070360739540089572 0.022147398315636176 -0.19171292642589474 0.075935884326235534 0.056786222011455084 -0.019425955153585941 0.26761000433388876 -0.051357946380972859 -0.0069077803705571384 0.042194581942054367 -0.037265975775145843 0.037643174459226429 -0.050052350163459776 0.068641413459601661 -0.15974772404019649 -0.04851056697380602 0.16287392579019069 -0.044111456199459831 -0.080567899081442088 0.11876061181492004 -0.034622690804962872 0.10455517256054384 -0.011410464580264221 -0.095953986851419218 -0.03774968800299263 -0.029383686154178575 0.043080659540186562 0.006133959983473861 0.14701441441476346 -0.0005184288465374811 0.10506880867240183 0.014797383618947694 0.039149840172514327
leaf_weight=932 335 5823 1357 605 199 93 71 84 165 108 89 69 274 50 58 72 94 100 200 50 120 51 53 154 80 65 152 94 290 102 630 61 97 140 84 51 70 632 893 2074 68 139 295 78 199 80 73 54 61 79 58 3674 188 1292 64 71 566 80 9724 102 355 2636
leaf_count=932 335 5823 1357 605 199 93 71 84 165 108 89 69 274 50 58 72 94 100 200 50 120 51 53 154 80 65 152 94 290 102 630 61 97 140 84 51 70 632 893 2074 68 139 295 78 199 80 73 54 61 79 58 3674 188 1292 64 71 566 80 9724 102 355 2636
internal_value=0.000544786 -0.00476199 0.000433175 0.00660036 0.0257766 0.0474923 -0.0458932 0.0565225 0.1125 0.0382718 0.0168206 0.0245111 -0.0183211 0.034057 0.030658 0.120083 0.0235256 0.177818 0.0192888 -0.0368651 0.0226365 -0.0233949 0.00392236 0.0646825 -9.02742e-06 0.0454716 -0.00221532 -0.00352784 0.027476 0.0184327 0.00194287 -0.0761483 -0.010061 0.0183108 -0.0294739 0.106845 0.0615285 0.0285958 0.0218453 -0.0194916 0.125382 -0.0906162 0.0259534 -0.0869883 0.000522751 0.0772652 0.0462747 0.0185536 -0.0264577 0.0322086 0.180847 -0.0139111 -0.0277614 -0.021997 0.0478211 0.108398 -0.00617803 0.0235805 -0.00248892 0.00247214 0.0349455 0.0359086
internal_weight=36657 30287 22390 15658 6370 1860 164 1696 417 1279 4510 3786 690 3096 3046 225 2821 252 2727 347 4570 724 621 207 11088 513 10575 10423 2380 992 793 163 297 2010 356 287 178 1654 1525 7897 168 190 448 162 534 370 368 194 414 140 109 6732 2412 2224 136 129 4320 646 10329 1814 457 2756
internal_count=36657 30287 22390 15658 6370 1860 164 1696 417 1279 4510 3786 690 3096 3046 225 2821 252 2727 347 4570 724 621 207 11088 513 10575 10423 2380 992 793 163 297 2010 356 287 178 1654 1525 7897 168 190 448 162 534 370 368 194 414 140 109 6732 2412 2224 136 129 4320 646 10329 1814 457 2756
cat_boundaries=0 1 2 3 4 5
cat_threshold=1 2 1 4 2
is_linear=0
shrinkage=0.03


Tree=106
num_leaves=63
num_cat=4
split_feature=26 23 5 13 20 13 13 16 0 22 16 18 12 23 26 4 22 13 14 3 23 22 26 12 12 21 21 23 26 26 5 26 4 23 24 23 1 0 26 26 26 23 16 5 24 8 26 17 24 18 16 23 11 5 4 21 13 26 14 12 24 1
split_gain=5470.64 3476.85 2354.76 2032.34 2017.81 2811.52 1960.39 1898.18 2460.62 1911.08 1817.32 1661.37 1296.91 1272.77 1153.12 2050.29 1461.99 1895.7 1392.31 1354.37 1367.77 1205.45 1134.57 1568.86 1584.71 1403.75 1279.24 1233.59 1180.05 1089.93 1243.93 1120.66 1081.69 1048.55 992.537 1193.4 1129.35 974.221 958.257 927.988 1353.44 870.274 872.233 1504.03 864.794 1309.49 1078.22 936.333 927.587 1501.31 956.696 1516.78 840.929 833.821 833.54 815.131 1078.9 810.353 947.275 1440.68 949.964 880.447
threshold=101.50000000000001 5.3333333333333348 57.150000000000006 0.93301270189221952 1.0000000180025095e-35 -0.5 -0.93301270189221919 0 66.40000000000002 0.81408451933196957 1 45.500000000000007 4.5000000000000009 8.0979166666666682 800.50000000000011 54.20000000000001 0.95878322595067722 0.25000000000000006 0.6830127018922193 50.058823529411775 9.0770833333333361 -0.90255091666790832 25.500000000000004 1.5000000000000002 3.5000000000000004 0.90992662233962551 0.86159635224327558 5.1479166666666689 44.500000000000007 123.50000000000001 12.225000000000001 115.50000000000001 77.250000000000014 4.2354166666666684 3.5000000000000053 7.637500000000002 18.916666666666668 45.029411764705891 255.50000000000003 37.500000000000007 33.500000000000007 10.758333333333336 2 26.020000000000007 1.5000000000000027 17.840277777777782 74.500000000000014 27.050000000000004 0.4000000000000003 88.500000000000014 3 7.8958333333333348 -0.12940952255126034 23.040000000000003 30.950000000000003 1.0000000180025095e-35 1.0000000180025095e-35 880.00000000000011 0.25000000000000017 4.5000000000000009 2.000000000000004 55.250000000000007
decision_type=2 10 10 2 2 2 2 1 10 2 1 2 2 10 2 10 2 2 2 10 10 2 2 2 2 2 2 8 2 2 8 2 8 10 10 10 10 8 2 2 2 10 1 8 10 10 2 2 10 2 1 10 2 10 10 2 2 2 2 2 10 10
left_child=4 2 -2 7 5 6 -1 11 14 -10 52 -3 -5 57 16 34 18 41 21 20 29 -9 27 28 26 32 -25 -7 -24 31 -31 -20 -26 -6 35 37 -36 -16 -14 40 -35 42 -18 -44 46 -46 47 48 49 50 -12 -52 -8 -32 -48 56 -15 58 59 60 -13 -60
right_child=1 3 -4 12 33 22 10 8 9 -11 44 13 38 55 15 -17 17 -19 19 -21 -22 -23 23 24 25 -27 -28 -29 -30 30 53 -33 -34 39 36 -37 -38 -39 -40 -41 -42 -43 43 -45 45 -47 54 -49 -50 -51 51 -53 -54 -55 -56 -57 -58 -59 61 -61 -62 -63
leaf_value=-0.019866746421968721 0.059160098988751436 0.10775871909405219 0.26699212204521666 -0.034181623407367689 0.0488463203565528 -0.095264707567656162 0.015461530123465224 -0.016335767900364246 0.016665141018276864 0.26148812612891198 0.0026320429075569075 0.12164763699262594 -0.04690901435965257 0.097267230391502368 0.049868136283982054 -0.14421943641134669 0.03989496686784872 -0.014259054802154541 0.0045784420645236974 -0.14321256344274777 -0.057988848442222414 0.023542861899375826 -0.1030630450831922 0.026403468894275157 -0.054768697277310173 0.076892954725290424 -0.09207504497679031 -0.0040839729598199943 -0.027610966916530019 0.1329375645160675 -0.047007537065183784 0.15065998042219833 0.072988774315232319 -0.020866675011722777 0.053192625282989701 0.014991639632306347 0.2228607425590356 0.21134197543252189 0.044527396899007726 -0.043094054991501311 0.063832297581830066 -0.046663685111107966 0.23404956839330818 0.073341661170295891 0.0057398115985532634 -0.046030380645737286 -0.072847641912790445 0.0054909971244029906 0.012239725097784629 0.18753959232306744 0.044775579760827848 0.21418192310008541 0.054539197125344038 -0.0016523007100412645 0.066589402659237379 -0.0056413195404763274 0.015292215322059663 0.15183739431202412 0.03487566819306203 0.19659385891183268 0.016739123511130275 -0.079421313779312178
leaf_weight=1679 869 246 52 1336 180 138 806 1144 55 60 187 121 139 185 92 56 319 494 125 82 611 1690 409 756 1120 87 92 4131 343 50 593 76 63 4816 102 762 54 53 400 1783 176 59 69 218 1959 567 169 741 325 91 164 67 1287 948 50 1140 660 63 1161 79 217 64
leaf_count=1679 869 246 52 1336 180 138 806 1144 55 60 187 121 139 185 92 56 319 494 125 82 611 1690 409 756 1120 87 92 4131 343 50 593 76 63 4816 102 762 54 53 400 1783 176 59 69 218 1959 567 169 741 325 91 164 67 1287 948 50 1140 660 63 1161 79 217 64
internal_value=0.000125919 0.0144946 0.0708944 0.0106535 -0.0092287 -0.00311498 0.00899152 0.0153196 0.00666776 0.144399 0.016547 0.0322716 -0.0183339 0.0272391 0.00458285 0.0327046 -0.00027486 0.0302565 -0.00692758 -0.0233188 -0.0192275 0.00744507 -0.0168376 -0.0314238 -0.0182072 -0.0394118 0.0135497 -0.00703149 -0.0686481 -0.00601144 -0.0143274 0.0598133 -0.047965 -0.0226174 0.0420252 0.0300029 0.111924 0.10889 0.0209473 -0.024516 -0.0178805 0.0633252 0.0740337 0.111979 0.00543095 -0.00588081 0.0213582 0.0300307 0.051834 0.0771153 0.0530755 0.0939108 0.0394907 -0.0191057 -0.0410127 0.0109099 0.0332394 0.0462499 0.0421988 0.0812534 0.0542951 0.0289042
internal_weight=36630 14444 921 13523 22186 15231 8092 11648 7712 115 6413 3936 1875 3690 7597 1119 6478 1159 5319 2485 2403 2834 7139 2870 2118 1270 848 4269 752 1792 1591 201 1183 6955 1063 907 156 145 539 6775 4992 665 606 287 4320 2526 1794 1575 834 509 418 231 2093 1541 219 1985 845 1705 1642 417 338 1225
internal_count=36630 14444 921 13523 22186 15231 8092 11648 7712 115 6413 3936 1875 3690 7597 1119 6478 1159 5319 2485 2403 2834 7139 2870 2118 1270 848 4269 752 1792 1591 201 1183 6955 1063 907 156 145 539 6775 4992 665 606 287 4320 2526 1794 1575 834 509 418 231 2093 1541 219 1985 845 1705 1642 417 338 1225
cat_boundaries=0 1 2 3 4
cat_threshold=1 1 2 2
is_linear=0
shrinkage=0.03


Tree=107
num_leaves=63
num_cat=2
split_feature=24 16 16 6 13 21 12 24 7 24 26 7 22 10 26 7 25 22 0 5 3 17 24 18 7 26 0 14 13 24 14 6 0 6 4 6 25 17 4 5 6 0 0 17 22 24 26 5 6 3 6 21 26 25 4 6 26 22 13 25 25 7
split_gain=5517.67 2699.23 1867.83 1657.55 1528.86 1589.96 1519.37 1526.7 1378.74 1945.78 1377.14 1355.05 2426.96 1335.26 1162.09 1911.98 1627.8 1437.46 1782.48 1810.29 1317.54 1300.15 1194.41 1147.23 1223.84 1121.18 1023.38 994.114 947.503 923.015 1538.73 882.17 872.488 1146.59 1081.53 872.409 815.806 1157.6 809.454 856.636 1805.76 1259.91 1110.54 968.801 943.574 797.544 1135.91 795.194 782.446 899.177 777.434 823.262 749.764 856.146 1790 809.851 738.503 965.828 1155.96 1685.35 1216.45 1784.65
threshold=1.0000000180025095e-35 0 1 28.950000000000003 -0.5 -0.44618082326431219 1.0000000180025095e-35 0.15000000000000177 38.95000000000001 5.2000000000000091 368.50000000000006 53.20000000000001 0.77714596145697079 -0.25881904510252113 130.50000000000003 13.950000000000001 116.32063448859454 0.41467745240824988 28.950000000000003 22.050000000000004 18.414285714285715 27.950000000000003 20.400000000000009 45.500000000000007 12.025000000000002 2578.5000000000005 26.016666666666669 0.6830127018922193 0.68301270189221941 0.90000000000000047 1.0000000180025095e-35 22.050000000000004 36.050000000000004 15.750000000000002 43.100000000000009 26.832432432432437 7.7531282921995022 28.650000000000002 67.500000000000014 36.95000000000001 40.050000000000004 39.050000000000004 32.950000000000003 32.350000000000001 0.99687937417578498 5.0500000000000052 150.50000000000003 15.016666666666667 57.150000000000006 57.150000000000006 45.94852941176471 0.28400453026986799 45.500000000000007 281.70377526670075 41.95000000000001 42.050000000000004 818.50000000000011 -0.83385407025023273 0.68301270189221941 222.45373672295798 311.90361346067357 40.050000000000004
decision_type=8 1 1 10 2 2 2 8 10 10 2 10 2 2 2 8 10 2 10 8 10 2 10 2 8 2 10 2 2 10 2 8 8 8 10 10 10 2 10 8 10 8 10 2 2 10 2 8 10 10 10 2 2 10 10 10 2 2 2 10 10 10
left_child=2 3 23 6 -5 -6 13 -8 47 -10 -7 38 -13 36 16 -16 22 25 19 20 -19 -20 28 -1 -25 27 -24 45 -3 -12 -31 -11 33 -26 -35 -29 -2 -38 39 40 56 50 -42 44 52 46 -17 -9 49 -34 51 -41 -43 -54 -55 -56 57 -4 60 -60 61 -59
right_child=1 14 11 4 5 10 7 8 9 31 29 12 -14 -15 15 17 -18 18 21 -21 -22 -23 26 24 32 -27 -28 35 -30 30 -32 -33 48 34 -36 -37 37 -39 -40 41 42 43 -44 -45 -46 -47 -48 -49 -50 -51 -52 -53 53 54 55 -57 -58 58 59 -61 -62 -63
leaf_value=0.10792128180480293 -0.02215826120661973 -0.011298754144905863 -0.028847398812095224 0.070073277728808087 0.071168171276948147 -0.037531565074390226 -0.081101272656236373 0.024461292803660231 0.12179340569479434 0.070860050743302469 0.08324812763797021 -0.037291216800610226 0.21097709967582315 -0.058817423893353683 -0.063406022148669652 0.12055676669868477 -0.10264084403020174 0.034661239841121384 0.20088618879370829 -0.059036379745230079 0.20099558023911604 0.021998752435963404 -0.035836162276014466 0.15154870964681044 0.10570217533562427 -0.12074813584632732 -0.17114484987884329 -0.093830059566041998 -0.061362333019450301 0.084787020696246107 -0.11151669507026671 -0.071674968076451698 0.04985615244931639 0.0018323446902925671 0.13779266033389351 0.010572883307039737 0.15180690897007781 -0.010394137786391762 0.10788816131349351 0.0086401405766969776 0.05122414986697673 0.09258620921461308 0.20489238013428718 0.11601973400948798 0.12470127689150662 0.041718096673739352 -0.0041850342057170179 -0.0013873564210824885 -0.036788986234103933 0.15261890245567875 -0.1211239068911356 -0.069132343694781426 -0.056007319964468477 0.10046562512569773 0.0037205635143650901 -0.11923155904412269 0.04854481424451268 0.012478588545685726 -0.01017052991790887 0.10558176983665647 -0.027189761506954319 0.18104823543850718
leaf_weight=211 283 12195 592 635 307 545 175 1428 221 65 190 63 81 663 369 68 197 224 102 165 53 57 1545 79 117 68 52 170 350 69 75 98 999 1236 55 125 72 88 74 246 118 61 66 73 52 520 1942 4286 85 83 102 244 285 133 135 75 416 2222 196 268 754 58
leaf_count=211 283 12195 592 635 307 545 175 1428 221 65 190 63 81 663 369 68 197 224 102 165 53 57 1545 79 117 68 52 170 350 69 75 98 999 1236 55 125 72 88 74 246 118 61 66 73 52 520 1942 4286 85 83 102 244 285 133 135 75 416 2222 196 268 754 58
internal_value=0.000372603 -0.00637078 0.0205036 0.00687312 0.0325064 0.0123926 0.000547305 0.00626333 0.00877052 0.0637971 -0.00813539 0.0113876 0.10236 -0.0318728 -0.0130648 0.00153946 -0.0169992 0.00839833 0.050616 0.0196287 0.0664869 0.136757 -0.0158062 0.0405937 0.0352409 -0.000372084 -0.040242 0.00252546 -0.0126955 0.0398314 -0.0174545 -0.0148359 0.0316727 0.0157745 0.00762461 -0.0495915 0.00845288 0.0625963 0.00926445 0.00806724 0.0142247 -0.0124723 0.106344 0.0117462 0.00147365 0.00860235 3.50864e-05 0.00507254 0.050854 0.0577391 -0.0457727 -0.0300874 -0.00782655 -0.01758 0.0143494 -0.0401909 0.0104631 0.00658972 0.0125871 0.0566864 0.00584283 0.0167668
internal_weight=36581 27402 9179 9200 1821 1186 7379 6273 6098 384 879 6314 144 1106 18202 3863 14339 3494 601 442 277 159 14142 2865 2654 2893 1597 2825 12545 334 144 163 2575 1408 1291 295 443 160 6170 6096 4690 1406 184 814 741 2530 2010 5714 1167 1082 592 490 689 628 343 210 4506 4090 3498 464 3034 2280
internal_count=36581 27402 9179 9200 1821 1186 7379 6273 6098 384 879 6314 144 1106 18202 3863 14339 3494 601 442 277 159 14142 2865 2654 2893 1597 2825 12545 334 144 163 2575 1408 1291 295 443 160 6170 6096 4690 1406 184 814 741 2530 2010 5714 1167 1082 592 490 689 628 343 210 4506 4090 3498 464 3034 2280
cat_boundaries=0 1 2
cat_threshold=1 1
is_linear=0
shrinkage=0.03


Tree=108
num_leaves=63
num_cat=2
split_feature=24 16 16 7 22 26 7 6 9 26 6 12 24 13 7 24 0 12 26 7 26 24 25 9 9 21 7 13 17 12 7 24 26 7 17 24 6 6 6 26 15 8 7 9 6 8 0 0 9 4 9 17 6 6 25 2 18 6 12 6 6 0
split_gain=4216.38 2144.64 2001.25 1734.48 2394.46 1342.89 1816.68 1630.57 2336.33 1270.09 1145.65 1772.14 1625.88 1400.96 1257.96 1446.23 1162.15 1283.14 1106.17 1710.81 1694.88 1811.49 1616.61 1074.83 1047.58 1019.66 1019.27 1180.26 1011.95 993.041 989.372 1010.31 1112.09 1435.12 1009.74 985.686 978.409 914.462 1549.53 902.612 853.7 830.596 836.841 1575.86 999.361 1316.08 835.301 802.429 785.841 773.56 822.158 1234.05 1169.24 1050.5 925.237 784.234 850.518 775.708 763.577 1326.53 753.22 1159.9
threshold=1.0000000180025095e-35 0 1 53.20000000000001 0.76037701167087501 510.00000000000006 31.950000000000003 57.150000000000006 42.834375000000009 308.50000000000006 28.950000000000003 1.0000000180025095e-35 0.10000000000000488 -0.5 38.95000000000001 5.2000000000000091 81.500000000000014 2.5000000000000004 130.50000000000003 13.950000000000001 148.00000000000003 4.6500000000000092 116.32063448859454 44.591666666666676 26.633333333333336 0.078456108245891817 31.950000000000003 0.25000000000000006 28.650000000000002 2.5000000000000004 31.950000000000003 4.8000000000000096 588.50000000000011 13.950000000000001 24.450000000000003 20.150000000000009 52.100000000000009 38.100000000000009 48.050000000000004 294.50000000000006 1.0000000180025095e-35 7.1708333333333343 33.050000000000004 21.418750000000003 18.909459459459462 10.991666666666669 26.950000000000003 22.908333333333335 21.543560606060613 67.500000000000014 42.22708333333334 32.350000000000001 50.058823529411775 48.050000000000004 819.21611965807267 55.250000000000007 68.500000000000014 39.050000000000004 3.5000000000000004 46.100000000000009 15.750000000000002 33.850000000000009
decision_type=8 1 1 10 2 2 10 10 8 2 10 2 8 2 10 10 8 2 2 8 2 10 10 10 8 2 10 2 2 2 10 10 2 10 2 10 8 8 10 2 2 10 8 8 10 10 10 10 8 10 8 2 10 8 10 8 2 10 2 10 8 8
left_child=1 5 10 49 -5 9 37 8 29 39 11 26 -13 23 -14 -16 17 47 22 -20 21 28 35 -12 -17 -10 27 -2 -21 -8 31 -22 48 -34 -32 40 -11 -7 -39 60 41 -4 43 46 45 -44 -43 -15 -33 50 52 53 54 55 -3 56 57 -52 -19 -60 -1 -62
right_child=2 3 18 4 -6 6 7 -9 25 36 13 12 14 16 15 24 -18 58 19 20 30 -23 -24 -25 -26 -27 -28 -29 -30 -31 34 32 33 -35 -36 -37 -38 38 -40 -41 -42 42 44 -45 -46 -47 -48 -49 -50 -51 51 -53 -54 -55 -56 -57 -58 -59 59 -61 61 -63
leaf_value=0.10378983034177079 -0.040144194993103344 0.004427501188014612 -0.031562349702134902 -0.02727837189299161 0.22434712331790427 -0.015194240715354681 0.16874342589584343 -0.008914107397198676 0.17956790074557064 -0.02877927522582082 0.076529360512416253 -0.086062767518437416 0.0055550262745509872 -0.042494568862479667 0.10929431641490563 0.054736788034358101 0.12990182157327879 -0.093570310448001071 -0.058304110577788802 0.27392684973031278 -0.01420943143273198 -0.036492476320571524 -0.099581532495299191 -0.063673546686768528 -0.10480927081898815 0.37021931097787969 -0.1120128247903453 0.04456207945545921 0.089759160683586678 0.0088803785232206191 0.13543034320527855 0.043028089703241387 0.2073224313344274 0.033077346351111439 0.021812255108725566 -0.035862822570142915 0.099202762532551753 0.13752228376149797 -0.032056409059778641 0.15875168373409124 -0.054302041003215791 -0.0077906343141722787 -0.079659273635950822 0.03084235341246316 -0.074427223634133982 0.042135548975485285 -0.096302621139539885 0.055564543906653927 -0.064126205930584351 0.10332884305156767 -0.013790957004530355 0.087210495084887596 0.14276877682206446 -0.074885118379744126 0.063036068929030617 0.046537352132477935 0.022650317053653689 -0.15879549310907073 -0.02902562440969883 0.1110757072525365 0.0011617904796009568 0.05454246000726818
leaf_weight=136 775 4915 1398 61 77 186 68 60 50 453 555 166 5695 92 230 92 67 123 374 50 2022 55 202 54 62 51 135 183 58 72 77 134 63 131 821 1656 61 134 76 56 401 8933 126 1006 351 218 97 409 114 72 64 82 58 335 255 168 114 69 464 70 678 797
leaf_count=136 775 4915 1398 61 77 186 68 60 50 453 555 166 5695 92 230 92 67 123 374 50 2022 55 202 54 62 51 135 183 58 72 77 134 63 131 821 1656 61 134 76 56 401 8933 126 1006 351 218 97 409 114 72 64 82 58 335 255 168 114 69 464 70 678 797
internal_value=0.000142895 0.0177825 -0.00573376 0.00794131 0.113121 0.0392224 0.0754724 0.131025 0.165865 0.0276377 0.0057021 0.00040149 0.00656922 0.0269103 0.00909873 0.0616544 0.00842292 0.00139435 -0.0114695 0.00270426 0.0091772 0.103652 -0.0153104 0.0640976 -0.00949604 0.275837 -0.0348386 -0.0239634 0.175022 0.0865281 0.00459677 -0.00522794 0.0358593 0.0896621 0.0315546 -0.0141105 -0.0135907 0.0332464 0.0761509 0.0403501 -0.0112356 -0.0098118 -0.00697821 -0.00477358 -0.0388136 -0.00247535 -0.00874143 0.0375577 -0.00622832 0.00557425 0.00441281 -0.0232865 0.00882096 -0.0353675 0.00731825 -0.00346771 -0.0374792 -0.0890189 -0.0261823 -0.0106603 0.0362343 0.0300054
internal_weight=36607 9148 27459 6270 138 2878 697 301 241 2181 9172 7338 6245 1834 6079 384 1225 1158 18287 3899 3525 163 14388 609 154 101 1093 958 108 140 3362 2464 442 194 898 14186 514 396 210 1667 12530 12129 10731 10036 695 344 9030 501 248 6132 6060 832 5228 750 5170 415 247 133 657 534 1611 1475
internal_count=36607 9148 27459 6270 138 2878 697 301 241 2181 9172 7338 6245 1834 6079 384 1225 1158 18287 3899 3525 163 14388 609 154 101 1093 958 108 140 3362 2464 442 194 898 14186 514 396 210 1667 12530 12129 10731 10036 695 344 9030 501 248 6132 6060 832 5228 750 5170 415 247 133 657 534 1611 1475
cat_boundaries=0 1 2
cat_threshold=1 1
is_linear=0
shrinkage=0.03


Tree=109
num_leaves=63
num_cat=3
split_feature=26 22 13 24 13 7 25 16 0 9 26 26 9 6 26 26 25 22 26 16 0 14 6 26 26 6 13 26 16 0 6 25 21 26 3 7 11 9 26 9 3 7 19 3 0 24 3 9 25 13 24 9 10 7 19 25 1 9 7 25 13 26
split_gain=4855.05 2565.68 1942.62 2825.75 2233.58 1907.44 1856.96 1768.97 1734.81 2002.98 1688.23 1563.62 1524.5 2903.48 1561.97 2061.65 1461.95 1455.56 1376.16 1335.67 1316.98 1200.32 1228.38 1349.32 1295.77 1158.28 1611.88 1123.71 1012.65 1190.65 1137.68 1030.1 1012.27 1148.89 995.242 991.587 948.867 1112.97 1267.7 1249.94 1432.87 929.297 918.803 907.207 905.742 900.217 887.628 885.403 859.794 950.521 1252.51 1096.78 858.687 846.564 828.319 828.24 885.377 822.775 1252.06 1049.92 890.051 817.583
threshold=101.50000000000001 -0.84335933205092484 -0.5 10.750000000000004 -0.93301270189221919 57.150000000000006 5.4686009711351717 0 66.40000000000002 61.645833333333336 105.50000000000001 995.00000000000011 41.76794871794872 51.20000000000001 176.50000000000003 407.00000000000006 989.62893964877537 0.81408451933196957 818.50000000000011 1 70.250000000000014 1.0000000180025095e-35 27.952777777777786 1864.0000000000002 1265.5000000000002 33.850000000000009 0.68301270189221941 438.50000000000006 2 38.100000000000009 66.40000000000002 71.306031483875344 -0.80382625221112003 77.500000000000014 36.95000000000001 63.20000000000001 -0.37940952255126009 12.555344202898553 1.0000000180025095e-35 18.626041666666669 21.905555555555559 49.050000000000004 7.8500000000000005 10.91666666666667 35.050000000000004 0.10000000000000196 29.050000000000004 40.339583333333344 190.99549652910846 0.25000000000000006 0.80000000000000382 10.267708333333337 0.37940952255126054 40.050000000000004 6.2500000000000009 5.2390150599371763 40.050000000000004 30.602083333333336 21.987500000000004 79.689980993489414 0.93301270189221952 54.500000000000007
decision_type=2 2 2 10 2 8 8 1 10 10 2 2 8 10 2 2 10 2 2 1 8 2 10 2 2 10 2 2 1 8 8 10 2 2 10 8 2 8 2 10 8 10 2 10 8 10 8 10 10 2 10 10 2 10 2 10 10 10 8 8 2 2
left_child=2 21 3 4 -1 19 32 10 9 12 -3 -12 13 18 -14 34 -17 -10 41 -6 36 22 24 27 35 26 -13 -24 29 -23 -30 -32 -4 -34 -16 48 53 -38 -39 40 43 -9 -36 -40 -29 -43 -41 -46 49 -2 -51 -52 -25 -21 -7 56 -48 58 -8 60 -60 -57
right_child=1 7 6 -5 5 54 57 8 17 -11 11 25 14 -15 15 16 -18 -19 -20 20 -22 28 23 52 -26 -27 -28 44 30 -31 31 -33 33 -35 42 -37 37 38 39 46 -42 45 -44 -45 47 -47 55 -49 -50 50 51 -53 -54 -55 -56 61 -58 -59 59 -61 -62 -63
leaf_value=-0.023233842272306675 -0.07326970413549623 0.2051712877263448 0.011124000396290473 -0.019952741916986851 0.0018359083504824688 -0.11302515653822258 -0.03929132217589431 0.0074494588237831493 0.0070858475603163239 0.17278584564833538 0.032392414153719747 0.30248497994440904 0.10018118682220674 0.23497347190976142 -0.05629743126743729 0.026142812306696378 -0.10383992582783103 0.22167520479722455 0.072938671090628904 0.016710680421468713 0.18420584249496458 -0.025590146579870864 0.011840112121312312 -0.11952783767207475 0.065248622798826539 0.056625568875622367 0.06959854803151555 0.18445664090769631 -0.014738363556776438 -0.11116200178592407 -0.039231982282362875 0.088232953824739363 -0.018285721043071905 0.10036238799802959 -0.095343880795515493 -0.12575839450241813 -0.010522559558016223 -0.049107394364025246 0.19699203943982721 0.018379652630559507 0.23690659518195492 0.16507741022021022 -0.26194777224280613 0.063754752544501234 -0.0053807314557413896 0.017640482195919113 0.18925340294067203 0.088304575618471839 -0.063711207795505681 -0.018808148597104998 -0.07088004491207274 0.07382160936312919 0.036099623533812436 -0.072698796242475508 -0.011850106517170987 0.016099880883869315 0.039454439170658592 -0.078812746225700059 0.020523214794795162 -0.061193445168153615 -0.093096943388679132 0.10643515809586172
leaf_weight=1463 134 56 1914 4264 2107 131 2941 4698 50 69 2799 53 77 54 153 352 100 66 332 1453 50 715 418 76 200 155 54 63 1380 184 80 199 3557 75 65 71 333 114 50 856 53 67 55 574 124 84 87 339 224 501 55 330 55 102 164 280 60 322 840 218 67 133
leaf_count=1463 134 56 1914 4264 2107 131 2941 4698 50 69 2799 53 77 54 153 352 100 66 332 1453 50 715 418 76 200 155 54 63 1380 184 80 199 3557 75 65 71 333 114 50 856 53 67 55 574 124 84 87 339 224 501 55 330 55 102 164 280 60 322 840 218 67 133
internal_value=0.00060732 0.0141181 -0.00820619 -0.00022386 0.0102785 0.0177672 -0.0180688 0.0234916 0.0142503 0.0120669 0.0419387 0.0389524 0.0102299 0.0161306 -0.0282865 -0.0419306 -0.00261443 0.12918 0.0138497 0.0212847 0.0311709 -0.00288642 0.0115099 0.0360366 -0.00589355 0.109034 0.184954 0.0485572 -0.0174628 -0.0431043 -0.0035679 0.0516839 -0.00653152 -0.0158357 -0.107026 -0.0167137 0.0293023 0.0406015 0.0483153 0.0536216 0.0871505 0.00980399 -0.171704 0.0744308 0.0777354 0.0830595 0.0375912 0.0632139 -0.01049 0.00119775 0.0124603 0.0531499 -0.0541881 0.0108459 -0.0567787 0.0669574 0.128111 -0.0326508 -0.0289951 -0.00207837 0.0121301 0.0451909
internal_weight=36695 14487 22208 12274 8010 6547 9934 9339 6222 6106 3117 3061 6037 5235 802 725 452 116 5181 6252 4145 5148 2590 1075 1515 262 107 944 2558 899 1659 279 5546 3632 273 1315 4095 2540 2207 2093 677 4849 120 624 526 151 1416 463 1244 1020 886 385 131 1555 295 560 147 4388 4066 1125 907 413
internal_count=36695 14487 22208 12274 8010 6547 9934 9339 6222 6106 3117 3061 6037 5235 802 725 452 116 5181 6252 4145 5148 2590 1075 1515 262 107 944 2558 899 1659 279 5546 3632 273 1315 4095 2540 2207 2093 677 4849 120 624 526 151 1416 463 1244 1020 886 385 131 1555 295 560 147 4388 4066 1125 907 413
cat_boundaries=0 1 2 3
cat_threshold=1 2 2
is_linear=0
shrinkage=0.03


Tree=110
num_leaves=63
num_cat=3
split_feature=16 8 24 11 13 7 18 16 21 7 5 18 24 14 11 20 22 12 2 11 0 13 8 0 25 7 18 0 14 25 24 8 12 5 13 25 7 18 0 5 7 5 18 7 5 18 25 24 24 24 16 22 7 24 24 8 4 5 25 7 7 14
split_gain=3537.74 2783.78 2190.04 1244.8 1382.63 3097.56 2032.45 2010.66 1321.31 2156.85 1233.3 1215.4 1175.98 1279.43 1089.73 1177.57 1134.95 968.222 956.925 946.62 945.337 940.688 1183.21 920.644 892.987 1452.86 904.132 877.244 901.145 1087.46 1026.56 1810.17 1413.12 1602.51 1790.84 890.869 1542.09 870.405 831.224 1491.55 813.271 805.791 735.228 730.522 716.124 1432.61 695.874 682.265 664.665 794.286 913.059 752.026 735.204 656.373 695.627 654.037 804.926 648.576 644.356 829.35 768.575 1319.34
threshold=0 31.291666666666668 0.29999999999999788 -0.5 1.0000000180025095e-35 76.500000000000014 88.500000000000014 1 0.79332313182700753 45.029411764705891 16.050000000000004 92.500000000000014 7.2000000000000055 0.6830127018922193 -0.37940952255126009 0.15000000000000005 -0.87032255546191706 4.5000000000000009 66.40000000000002 0.37940952255126043 77.500000000000014 0.68301270189221941 46.508333333333347 36.95000000000001 7.535355435814858 25.530952380952385 44.500000000000007 7.0333333333333341 -0.24999999999999994 79.689980993489414 2.3000000000000056 42.00833333333334 1.5000000000000002 28.050000000000004 -0.6830127018922193 169.28762623978295 54.20000000000001 44.500000000000007 41.050000000000004 36.95000000000001 3.0444444444444447 66.40000000000002 75.500000000000014 12.950000000000001 20.025000000000002 68.500000000000014 345.44370293223324 0.79999999999999793 3.8000000000000047 7.700000000000002 2 0.19080899537654503 1.0000000180025095e-35 4.5500000000000087 6.0000000000000062 30.841666666666672 26.016666666666669 30.050000000000004 411.04799783439245 57.150000000000006 45.94852941176471 1.0000000180025095e-35
decision_type=1 8 8 2 2 8 2 1 2 10 8 2 8 2 2 2 2 2 8 2 8 2 10 10 10 10 2 10 2 10 10 10 2 10 2 10 8 2 8 8 10 10 2 10 8 2 10 10 10 10 1 2 10 10 10 10 10 8 10 10 10 2
left_child=1 14 3 21 5 6 7 23 9 38 -3 -6 20 18 -1 16 -16 -18 -14 -8 24 22 -2 57 25 -12 -26 -4 29 -29 32 42 33 34 -30 43 47 -23 44 -40 -34 58 -32 -31 45 -9 -22 -37 -44 50 -50 -52 -51 -49 -55 56 -39 -5 59 -28 61 -60
right_child=2 10 27 4 11 -7 19 8 -10 -11 12 -13 13 -15 15 -17 17 -19 -20 -21 46 37 -24 -25 26 -27 41 28 30 35 31 -33 40 -35 -36 36 -38 55 39 -41 -42 -43 48 -45 -46 -47 -48 53 49 52 51 -53 -54 54 -56 -57 -58 -59 60 -61 -62 -63
leaf_value=-0.0099199794741295887 -0.016098099953828836 -0.093033829090947442 -0.030819168022785955 0.021500202843877061 0.0069215261199177891 -0.1624942632942972 0.075249633045100114 0.2190019094550775 -0.025813338179951125 0.22676272840092057 0.036960851948582722 -0.063185338014197998 0.06622181579660244 -0.095881319255932518 -0.0057346466989805318 -0.02309777535270998 0.037497621016932152 0.0009395812686273377 -0.059434801469798439 0.20724913906709974 0.068165044061737873 0.08644555624986866 -0.12575452244089497 -0.096335440035684991 0.10569608729395612 0.23536218990413649 0.029528035586548429 -0.0081294930258100119 0.10494703187492409 -0.026185996510354533 -0.048669507950861043 -0.19805321191386743 -0.077263053546391305 0.15283701566250427 -0.019974022455805009 -0.098527712742749005 0.14534529803893886 0.006441575827475724 0.22739145842172315 0.050427168674078302 -0.0089290210708574715 -0.061420265056850283 -0.056455082531745839 0.06018060485694985 0.016602281299569914 0.037809648386513191 0.17057591699361802 0.027183879428673438 -0.019014518031894332 0.089978691834211338 0.0077875646901494153 0.088542193194549507 -0.026423038359658563 -0.14310855556490287 0.0054709994551710413 -0.045510623396476567 0.13229181890686351 -0.04032674310986812 0.1725544024786124 -0.073538632776384075 0.17678603310370816 0.021557872019875225
leaf_weight=3280 1855 66 2189 704 2770 71 119 54 138 76 89 242 167 115 1315 737 2339 904 81 83 293 140 93 83 148 53 1876 6860 146 105 919 55 177 92 353 95 52 299 67 119 1370 85 369 549 372 144 75 193 467 50 247 179 2096 53 61 173 54 195 65 73 51 262
leaf_count=3280 1855 66 2189 704 2770 71 119 54 138 76 89 242 167 115 1315 737 2339 904 81 83 293 140 93 83 148 53 1876 6860 146 105 919 55 177 92 353 95 52 299 67 119 1370 85 369 549 372 144 75 193 467 50 247 179 2096 53 61 173 54 195 65 73 51 262
internal_value=-0.000423546 0.0128699 -0.00696729 0.0060978 0.0145374 0.0324721 0.0388986 0.0295241 0.0601593 0.0744192 0.0354205 0.00128877 0.0378901 -0.0131723 0.00366818 0.0120854 0.0177743 0.0273069 0.0251807 0.129487 0.0439277 -0.0108104 -0.0213332 -0.000736674 0.0377841 0.111012 0.0337222 -0.0131179 -0.0104434 -0.00367538 -0.0187146 -0.0270295 -0.00167253 0.0377876 0.016576 0.0239015 -0.00838483 0.0199682 0.0591042 0.114172 -0.0167475 0.0293059 -0.0248556 0.0463144 0.0411346 0.0872257 0.0890368 -0.0282703 -0.0184339 -0.0138174 0.00995834 0.0417197 -0.023711 -0.00652943 -0.0636055 0.00227462 0.0256935 0.00808946 0.0326199 0.0256677 0.0684664 0.0515725
internal_weight=36602 12074 24528 7851 5237 2225 2154 1952 970 832 3499 3012 3433 363 8575 5295 4558 3243 248 202 3070 2614 1948 982 2702 142 2560 16677 14488 7968 6520 4382 2138 591 499 1108 454 666 756 186 1547 2412 4327 654 570 198 368 402 3408 3039 893 426 2146 307 114 526 353 899 2327 1949 378 327
internal_count=36602 12074 24528 7851 5237 2225 2154 1952 970 832 3499 3012 3433 363 8575 5295 4558 3243 248 202 3070 2614 1948 982 2702 142 2560 16677 14488 7968 6520 4382 2138 591 499 1108 454 666 756 186 1547 2412 4327 654 570 198 368 402 3408 3039 893 426 2146 307 114 526 353 899 2327 1949 378 327
cat_boundaries=0 1 2 3
cat_threshold=1 2 2
is_linear=0
shrinkage=0.03


Tree=111
num_leaves=63
num_cat=1
split_feature=16 23 23 26 24 14 14 26 26 26 13 9 26 9 18 26 17 18 7 24 23 24 9 17 2 23 26 24 9 26 22 13 9 26 26 13 4 9 7 9 21 26 26 26 26 23 14 21 25 26 26 14 2 23 9 18 13 26 7 26 24 26
split_gain=3634.04 2863.69 2091.47 2154.62 1971.98 1487.35 1469.94 1364.24 3240.2 3198.68 3712.37 2562.51 1660.65 1433.48 1390.07 1329.82 1260.38 1368.28 1232.05 1471.72 1229.31 1179.8 1147.41 1762.2 1110.76 1093.56 2661.58 1145.09 1082.9 1706.44 1252.23 1056.25 1025.22 1019.14 1171.98 2211.19 2300.44 1019.1 1018.47 1311.68 977.979 960.187 1415.3 1209.01 1386.14 1817.58 1806.07 1700.45 949.278 941.879 1334.39 1194.64 933.761 915.135 880.221 877.465 1556.27 1651.24 1132.47 917.426 1548.67 1447.29
threshold=0 5.5333333333333341 6.5062500000000014 133.50000000000003 0.19999999999999649 -0.68301270189221952 -0.24999999999999994 184.00000000000003 211.50000000000003 173.50000000000003 -0.24999999999999994 59.775000000000013 154.50000000000003 27.170833333333338 90.500000000000014 101.50000000000001 26.450000000000003 64.500000000000014 1.0000000180025095e-35 1.6999999999999973 11.972916666666668 24.150000000000013 42.22708333333334 26.150000000000002 23.960000000000004 11.022916666666669 818.50000000000011 2.4000000000000039 30.810416666666672 995.00000000000011 0.89490028524376741 0.93301270189221952 17.818750000000005 436.50000000000006 976.50000000000011 0.68301270189221941 48.050000000000004 41.253125000000004 35.016666666666673 49.931249999999999 0.078456108245891817 1864.0000000000002 800.50000000000011 176.50000000000003 171.00000000000003 7.522916666666668 0.93301270189221952 0.53727914962411616 16.823850767439428 407.00000000000006 1324.0000000000002 0.93301270189221952 34.966666666666676 11.439583333333335 16.748958333333338 86.500000000000014 0.25000000000000006 84.500000000000014 10.633333333333335 164.50000000000003 0.35000000000000181 211.50000000000003
decision_type=1 8 8 2 8 2 2 2 2 2 2 10 2 10 2 2 2 2 10 10 10 10 10 2 10 10 2 10 10 2 2 2 10 2 2 2 8 10 10 10 2 2 2 2 2 10 2 2 10 2 2 2 10 10 10 2 2 2 10 2 10 2
left_child=2 5 3 -1 7 -2 33 9 13 11 -11 12 16 -9 22 20 17 -3 52 55 21 -4 28 40 -14 26 27 -8 29 30 -10 -31 -32 -6 35 -35 -37 -19 39 -5 -24 42 43 44 45 47 48 -17 -47 51 -51 -30 -7 -45 -22 59 57 58 -57 60 -20 -61
right_child=1 4 15 38 6 18 25 8 14 10 -12 -13 24 -15 -16 41 -18 37 19 -21 54 -23 23 -25 -26 -27 -28 -29 49 31 32 -33 -34 34 -36 36 -38 -39 -40 -41 -42 -43 -44 53 -46 46 -48 -49 -50 50 -52 -53 -54 -55 -56 56 -58 -59 -60 61 -62 -63
leaf_value=0.019739005923552943 -0.045185090332710939 0.17361575824939288 0.0027227075788001714 0.031962005690964933 -0.011509990133162128 -0.004552110960881272 -0.005480461846794191 -0.042203242312439458 -0.026866167991876778 0.350690470793181 0.053737638412175444 0.21346959959376943 -0.019199865469975128 -0.16131529270869588 -0.065781832561864012 0.046074174537946627 -0.0067429750749899951 0.020762837650153548 -0.045890907201739654 0.012032537579617694 -0.0055951415295047418 -0.062740705445664749 -0.029205748468637466 0.0022271672987111218 -0.1715645873832376 -0.058739269105363 0.163839726908242 -0.035013499783667128 -0.035377952190923739 0.092024810827531084 0.10998382174862771 -0.008879539801029266 0.0068272610158079637 -0.059701641899932704 -0.029743656383438705 0.17505679779364305 0.006675019895814302 0.14834438897104413 0.12568535107476955 0.1588876263331622 -0.19193752889122281 -0.061530033956433451 0.063626867821011193 0.0095686012265629259 0.19137949582603242 -0.061858626562356953 -0.090414938139305873 0.2247138776987791 0.054955553018517476 0.10003329084866498 -0.033571276835032866 0.074045077064043327 -0.1557263128593564 -0.047406809886210946 -0.11469824766968408 0.19588357433352779 -0.016118235354752916 0.29114662563209148 0.043585340919950588 0.19235670869946478 0.080829649950563909 0.047316573230838273
leaf_weight=2303 269 65 4563 438 8445 139 1783 220 1270 54 127 55 105 155 260 133 1144 739 206 1192 119 262 55 292 73 880 68 3503 226 269 109 143 424 105 204 165 131 61 261 88 84 129 608 2028 54 75 132 75 379 338 84 149 50 290 151 69 76 51 121 75 150 355
leaf_count=2303 269 65 4563 438 8445 139 1783 220 1270 54 127 55 105 155 260 133 1144 739 206 1192 119 262 55 292 73 880 68 3503 226 269 109 143 424 105 204 165 131 61 261 88 84 129 608 2028 54 75 132 75 379 338 84 149 50 290 151 69 76 51 121 75 150 355
internal_value=-0.000374703 -0.00700723 0.013089 0.0343833 -0.0106505 0.0218225 -0.0165371 0.00318908 -0.00740416 0.0210179 0.142331 0.0112241 0.00613791 -0.0914362 0.0011057 0.0057763 0.0139193 0.041246 0.0290789 0.0351421 -0.00431788 -0.00083199 0.00615675 -0.0396258 -0.0816865 -0.0277468 -0.0226528 -0.0250518 0.012708 0.00191777 -0.0106695 0.0570022 0.0279231 -0.00881541 0.0287974 0.0585789 0.100536 0.0304909 0.0772368 0.0531967 -0.127547 0.0189533 0.0217043 0.0136535 0.0443041 0.0343015 0.00725936 0.110488 0.0356581 0.0426958 0.073439 0.00809946 -0.0445453 0.00244053 -0.0666121 0.0601164 0.10225 0.139578 0.0988936 0.0431235 0.00750259 0.0726143
internal_weight=36626 24538 12088 3090 21785 2753 15284 6501 4078 2423 181 2242 2187 375 3703 8998 2009 865 2484 2295 5095 4825 3443 431 178 6234 5354 5286 3012 2215 1803 412 533 9050 605 401 296 800 787 526 139 3903 3774 3166 848 794 586 208 454 797 422 375 189 2318 270 1103 317 241 190 786 356 430
internal_count=36626 24538 12088 3090 21785 2753 15284 6501 4078 2423 181 2242 2187 375 3703 8998 2009 865 2484 2295 5095 4825 3443 431 178 6234 5354 5286 3012 2215 1803 412 533 9050 605 401 296 800 787 526 139 3903 3774 3166 848 794 586 208 454 797 422 375 189 2318 270 1103 317 241 190 786 356 430
cat_boundaries=0 1
cat_threshold=1
is_linear=0
shrinkage=0.03


Tree=112
num_leaves=63
num_cat=1
split_feature=26 23 26 23 6 20 13 16 13 5 26 26 15 7 26 17 13 12 12 26 26 7 26 12 25 2 7 6 26 14 2 12 6 7 1 4 12 2 13 25 12 6 4 26 13 26 7 6 12 3 12 23 26 7 12 2 25 7 26 25 23 26
split_gain=4343.88 2780.24 2044.38 1920.97 1759.96 1584.17 2047.15 1411.63 2335.98 1557.71 1294.16 2299.65 1917.63 3225.17 2526.28 1693.74 2629.47 2435.67 4195.31 3636.66 2177.71 2032.86 1869.52 1542.27 1509.34 1497.35 1453.4 1356.38 1632.46 2308.74 1725.62 1528.15 1440.43 1877.43 1359.05 1344.81 1341.2 1440.74 1278.75 1257.63 1225.05 1642.07 1223.28 1208.73 1176.82 1387.12 1176.58 1519.94 1158.67 1088.19 1155.82 1043.31 1737.36 1255.15 1041.88 1276.06 1036.46 1033.58 1015.07 999.583 992.238 972.209
threshold=101.50000000000001 6.7145833333333345 1309.0000000000002 13.129166666666668 65.100000000000009 1.0000000180025095e-35 -0.5 0 -0.24999999999999994 34.033333333333339 1864.0000000000002 800.50000000000011 1.0000000180025095e-35 6.9500000000000011 618.50000000000011 28.050000000000004 0.25000000000000006 1.0000000180025095e-35 2.5000000000000004 308.50000000000006 139.50000000000003 32.050000000000004 242.50000000000003 5.5000000000000009 1220.3134155071868 34.050000000000004 32.925000000000004 33.850000000000009 427.50000000000006 1.0000000180025095e-35 44.100000000000009 5.5000000000000009 20.750000000000004 56.050000000000004 20.955000000000002 29.050000000000004 1.0000000180025095e-35 23.960000000000004 -0.93301270189221919 5.4686009711351717 2.5000000000000004 20.980000000000004 39.975000000000009 154.50000000000003 0.25000000000000006 6.5000000000000009 35.016666666666673 10.025000000000002 1.0000000180025095e-35 41.95000000000001 5.5000000000000009 8.8687500000000039 944.50000000000011 18.013513513513519 2.5000000000000004 11.850000000000003 324.63055040381113 19.633333333333336 588.50000000000011 10.211513327129223 4.1354166666666687 148.00000000000003
decision_type=2 10 2 10 10 2 2 1 2 8 2 2 2 10 2 2 2 2 2 2 2 10 2 2 10 8 10 10 2 2 8 2 8 8 10 10 2 10 2 8 2 10 10 2 2 2 8 10 2 10 2 10 2 8 2 10 10 10 2 10 10 2
left_child=3 2 4 5 7 6 38 -2 -9 -10 11 12 13 -3 15 17 56 25 19 21 49 43 35 26 51 -15 -24 32 -29 30 -30 42 34 57 61 -22 -36 -38 -1 44 41 -18 -31 -19 48 -46 47 -40 -8 50 -20 -13 -53 -54 55 -50 -17 -34 -32 -5 -7 -14
right_child=1 10 -4 59 -6 60 39 8 9 -11 -12 24 27 14 -16 16 40 18 20 -21 22 -23 23 -25 -26 -27 -28 28 29 31 58 -33 33 -35 36 -37 37 -39 46 -41 -42 -43 -44 -45 45 -47 -48 -49 54 -51 -52 52 53 -55 -56 -57 -58 -59 -60 -61 -62 -63
leaf_value=-0.014330697245235915 0.059629082697310418 -0.12774372323619243 0.19182674809098244 -0.033407592323969948 0.20321593913767072 0.062503430510177871 -0.055802451824160659 0.1801107353823394 0.02727719140712739 -0.030090006017250735 -0.045458509580499226 0.097439578777308217 0.065354741233899144 0.01067086345489536 -0.11281165638938545 -0.047309080187799925 0.18732732382097414 0.12245976706439593 0.017575277171563358 0.31060400125457016 0.013033985867234877 0.20012933998278551 0.13967728763001791 -0.039434093701151696 -0.053784407434728128 -0.1307185315436894 -0.02697657458197612 -0.025666231687696071 0.17428555538362644 0.0081885517179965967 0.10961233164358856 0.12813097371673973 -0.089218047203909773 0.031970783077831411 0.17567917640923575 -0.093659547357799453 0.094539430587310486 -0.052039238715139415 -0.010876230631512402 -0.026936836028623672 0.014522686188749504 0.038044925091012066 -0.10684905452484435 0.013147263147566519 -0.035351033610901958 0.064455852119769716 -0.018718900643330143 0.02828479036663864 -0.0079475360675472072 0.21650142211180465 0.14301582484907649 0.10158414220878387 0.095553356192783531 0.0037045081214279736 -0.015588972287159469 0.064005924176901874 0.050226749433694699 -0.035554726506726059 -0.00075217000842311 -0.10737682528366599 -0.020263828840453399 -0.021800534812503401
leaf_weight=1637 1017 133 75 669 54 133 408 76 1481 598 429 303 129 245 120 701 105 159 168 82 200 124 171 117 145 93 65 562 141 225 133 61 421 309 68 227 127 115 1119 3169 480 180 132 213 174 448 794 4397 489 52 109 283 158 878 1631 406 114 1388 172 218 6565 1076
leaf_count=1637 1017 133 75 669 54 133 408 76 1481 598 429 303 129 245 120 701 105 159 168 82 200 124 171 117 145 93 65 562 141 225 133 61 421 309 68 227 127 115 1119 3169 480 180 132 213 174 448 794 4397 489 52 109 283 158 878 1631 406 114 1388 172 218 6565 1076
internal_value=-1.77385e-05 0.0128126 0.0369874 -0.00832691 0.0333876 -0.00653131 -0.00101248 0.0304965 0.0167481 0.0107762 0.00563178 0.00768323 0.00148748 0.0174186 0.0226016 0.0271091 0.00382945 0.0452729 0.0600001 0.125531 0.0258459 0.0949345 -0.00145688 0.0496248 0.0389495 -0.0282321 0.0937769 -0.0106616 0.0141327 0.0400204 0.0874963 -0.0106356 -0.0203937 -0.0363701 0.00194163 -0.043686 0.0579619 0.0248843 0.00929603 -0.0131941 0.0437756 0.0930437 -0.0343464 0.0598695 -0.000947079 0.0365356 0.0154255 0.0203404 -0.0088933 0.0905758 0.0669364 0.0472395 0.0357076 0.0177123 -0.00131653 0.0246928 -0.033666 -0.0480435 0.047374 -0.0515872 -0.0186203 -0.0124702
internal_weight=36671 14414 3301 22257 3226 21370 14672 3172 2155 2079 11113 10684 8917 3858 3725 3605 1580 2025 1687 578 1109 496 780 353 1767 338 236 5059 1426 864 446 418 3633 2118 1515 427 310 242 7947 6725 765 285 357 372 3556 622 6310 5516 2934 329 277 1622 1319 1036 2526 895 815 1809 305 887 6698 1205
internal_count=36671 14414 3301 22257 3226 21370 14672 3172 2155 2079 11113 10684 8917 3858 3725 3605 1580 2025 1687 578 1109 496 780 353 1767 338 236 5059 1426 864 446 418 3633 2118 1515 427 310 242 7947 6725 765 285 357 372 3556 622 6310 5516 2934 329 277 1622 1319 1036 2526 895 815 1809 305 887 6698 1205
cat_boundaries=0 1
cat_threshold=1
is_linear=0
shrinkage=0.03


Tree=113
num_leaves=63
num_cat=0
split_feature=23 26 26 12 26 13 15 26 13 26 23 12 13 13 12 26 22 26 9 12 6 7 14 26 23 12 14 21 8 24 26 26 12 25 5 26 26 26 13 14 12 8 24 7 14 4 26 26 5 26 26 26 25 5 12 9 23 26 12 22 23 6
split_gain=3324.58 2977.4 2015.82 2746.55 1968.11 3675.66 2495.77 2325.03 2063.77 2136.97 1997.04 2189.46 1987.59 1891.05 3408.3 3159.09 1813.81 1724.56 2777.83 1997.12 2301.26 1715.07 1952.79 1903.48 1697.03 1629.25 1864.27 1787.81 1740.6 1721.26 2066.02 2214.66 1776.52 2174.65 1612.57 1527.76 1731.34 1503.33 1471.13 1422.21 1565.58 1414.51 1398.6 1377.15 1420.16 1324.74 1320.08 1318.51 1318.45 1269.21 1257.8 2166.78 1239.47 1227.55 1195.96 2056.06 1173.18 1279.57 1098.4 1097.54 1375.95 1080.75
threshold=8.0729166666666696 101.50000000000001 995.00000000000011 4.5000000000000009 376.50000000000006 0.25000000000000006 1.0000000180025095e-35 427.50000000000006 0.68301270189221941 1864.0000000000002 11.908333333333337 1.5000000000000002 0.68301270189221941 0.25000000000000006 1.0000000180025095e-35 9.5000000000000018 0.62249093318774806 264.50000000000006 53.03541666666667 1.0000000180025095e-35 89.500000000000014 31.100000000000005 0.93301270189221952 123.50000000000001 5.5333333333333341 4.5000000000000009 1.0000000180025095e-35 0.86159635224327558 29.008333333333336 9.2500000000000036 5.5000000000000009 9.5000000000000018 2.5000000000000004 3.1517581794609186 11.925000000000002 37.500000000000007 33.500000000000007 5.5000000000000009 -0.6830127018922193 1.0000000180025095e-35 1.0000000180025095e-35 16.329166666666669 6.7500000000000044 50.058823529411775 -0.68301270189221952 21.910000000000004 1523.0000000000002 211.50000000000003 24.950000000000003 116.50000000000001 203.50000000000003 187.50000000000003 281.70377526670075 13.050000000000002 4.5000000000000009 42.22708333333334 4.481250000000002 2.5000000000000004 3.5000000000000004 0.45399049973954675 4.9437500000000023 13.931481481481482
decision_type=8 2 2 2 2 2 2 2 2 2 10 2 2 2 2 2 2 2 10 2 8 10 2 2 10 2 2 2 8 10 2 2 2 10 10 2 2 2 2 2 2 8 10 10 2 10 2 2 10 2 2 2 10 10 2 10 10 2 2 2 10 10
left_child=1 25 17 -4 6 7 13 -6 34 39 11 12 -8 14 -2 -15 61 19 54 -3 24 -16 23 -23 49 26 28 29 35 30 -28 -32 38 -34 -7 36 -1 -27 41 40 46 -33 -40 44 -26 -12 -10 -24 -44 -21 51 -51 -49 -35 59 -56 -31 -58 -38 60 -19 -17
right_child=4 2 3 -5 5 8 10 -9 9 -11 45 -13 -14 15 21 16 -18 18 -20 20 -22 22 47 -25 43 37 27 -29 -30 56 31 32 33 53 -36 -37 58 -39 42 -41 -42 -43 48 -45 -46 -47 -48 52 -50 50 -52 -53 -54 -55 55 -57 57 -59 -60 -61 -62 -63
leaf_value=0.0019036179657991438 -0.05474727148328512 -0.029101314684729099 0.13518756499639925 -0.098420075360271669 0.3153766384720802 0.10971264187585224 0.14848534231836144 0.047663771772115934 -0.065039043486847761 -0.046865745454300334 -0.079883722252730605 -0.050078341605727848 -0.0078314404275261693 -0.047377267325920708 -0.010252885828433568 0.10909788565542758 -0.09409199648863309 0.067202186476788481 0.11407857958363686 -0.022856578332456676 -0.076488594150933342 0.051048668048534848 -0.063385967296966605 0.21881511026322842 0.13715360567609711 -0.054824473863390469 0.11529045270552429 -0.019527307427879944 -0.10919065938367259 0.096794024027965872 -0.096452981220130379 0.23682417685335333 0.13954757265626422 0.082905130943981928 -0.044012231504970238 -0.033312748629626077 0.034060800548576214 -0.0059851602175083948 0.021371547305189947 0.0028220056123570512 0.061487804938665111 0.085306849262760331 0.1945587926308314 0.1686518636299297 0.031839969229849267 -0.22420156782735948 0.10368788271261886 0.15359861017903312 0.0036367592609980524 0.11381966186088642 0.0035617357668908021 0.31174953256733712 -0.014824878486859448 -0.033616069087188359 0.018485733443510025 0.20427612693145358 0.045774452027900404 -0.041625794385200067 0.17406928983681341 0.015816875688345122 -0.035816144266292788 0.039907522690556398
leaf_weight=3226 1527 343 281 54 56 66 99 61 173 402 336 1160 281 439 8651 267 77 128 205 55 127 323 207 75 123 770 325 749 142 91 111 66 93 96 884 1099 124 2154 657 1156 1188 347 90 76 1827 69 55 64 51 224 57 64 102 534 708 58 209 541 85 877 1320 850
leaf_count=3226 1527 343 281 54 56 66 99 61 173 402 336 1160 281 439 8651 267 77 128 205 55 127 323 207 75 123 770 325 749 142 91 111 66 93 96 884 1099 124 2154 657 1156 1188 347 90 76 1827 69 55 64 51 224 57 64 102 534 708 58 209 541 85 877 1320 850
internal_value=0.000500924 0.00965516 0.0258538 0.0975314 -0.00841618 0.0101024 -0.0135675 0.1758 0.00516183 0.0174582 -0.045194 -0.0296048 0.0328932 -0.0086785 -0.0131701 0.0214371 0.0467382 0.0219759 0.00713531 0.0388663 0.0479978 -0.00643182 0.0364425 0.0826629 0.0545146 0.000509095 0.00706253 0.0222089 -0.0057646 0.0319443 0.0450286 0.0338622 0.0413416 0.00412979 -0.0333324 -0.00252541 0.00732475 -0.0188464 0.063558 0.027512 0.0476685 0.10952 0.0397705 0.0433658 0.0384828 -0.104471 -0.0243374 -0.0128759 0.125502 0.110984 0.132321 0.157804 0.0501095 -0.0158605 4.26671e-05 0.0325534 -0.00492799 -0.0172703 0.0910021 -0.0106684 -0.0267096 0.0564463
internal_weight=36655 18087 6527 335 18568 4041 14527 117 3924 2974 1945 1540 380 12582 10949 1633 1194 6192 3296 2896 2553 9422 771 398 2426 11560 8636 3960 4676 3211 2370 2045 1934 723 950 4534 3435 2924 1211 2572 1416 413 798 2026 1950 405 228 373 141 400 345 288 166 630 3091 766 841 750 209 2325 1448 1117
internal_count=36655 18087 6527 335 18568 4041 14527 117 3924 2974 1945 1540 380 12582 10949 1633 1194 6192 3296 2896 2553 9422 771 398 2426 11560 8636 3960 4676 3211 2370 2045 1934 723 950 4534 3435 2924 1211 2572 1416 413 798 2026 1950 405 228 373 141 400 345 288 166 630 3091 766 841 750 209 2325 1448 1117
is_linear=0
shrinkage=0.03


end of trees

feature_importances:
fire_n_r100_300_72h=1068
wx_wind_mean_next24=760
pm_lag168=521
wx_rain_sum_next24=504
cal_dow=411
pm_lag24=395
pm_t=393
fire_upwind_48h=373
station=370
cal_month_cos=328
cal_month_sin=309
pm_mean24=238
wx_wind_cos_t24=217
pm_lag12=212
pm_mean6=143
wx_wind_sin_t24=139
pm_lag1=126
wx_temperature_2m_t24=98
wx_relative_humidity_2m_t24=88
pm_lag2=74
wx_wind_speed_10m_t24=74
pm_lag6=71
pm_lag3=46
cal_hour_cos=33
cal_burning=28
wx_precipitation_t24=25
cal_hour_sin=24

parameters:
[boosting: gbdt]
[objective: regression]
[metric: l2]
[tree_learner: serial]
[device_type: cpu]
[data_sample_strategy: bagging]
[data: ]
[valid: ]
[num_iterations: 114]
[learning_rate: 0.03]
[num_leaves: 63]
[num_threads: 0]
[seed: 42]
[deterministic: 0]
[force_col_wise: 0]
[force_row_wise: 0]
[histogram_pool_size: -1]
[max_depth: -1]
[min_data_in_leaf: 50]
[min_sum_hessian_in_leaf: 0.001]
[bagging_fraction: 0.8]
[pos_bagging_fraction: 1]
[neg_bagging_fraction: 1]
[bagging_freq: 1]
[bagging_seed: 400]
[bagging_by_query: 0]
[feature_fraction: 0.8]
[feature_fraction_bynode: 1]
[feature_fraction_seed: 30056]
[extra_trees: 0]
[extra_seed: 12879]
[early_stopping_round: 0]
[early_stopping_min_delta: 0]
[first_metric_only: 0]
[max_delta_step: 0]
[lambda_l1: 0]
[lambda_l2: 0]
[linear_lambda: 0]
[min_gain_to_split: 0]
[drop_rate: 0.1]
[max_drop: 50]
[skip_drop: 0.5]
[xgboost_dart_mode: 0]
[uniform_drop: 0]
[drop_seed: 17869]
[top_rate: 0.2]
[other_rate: 0.1]
[min_data_per_group: 100]
[max_cat_threshold: 32]
[cat_l2: 10]
[cat_smooth: 10]
[max_cat_to_onehot: 4]
[top_k: 20]
[monotone_constraints: ]
[monotone_constraints_method: basic]
[monotone_penalty: 0]
[feature_contri: ]
[forcedsplits_filename: ]
[refit_decay_rate: 0.9]
[cegb_tradeoff: 1]
[cegb_penalty_split: 0]
[cegb_penalty_feature_lazy: ]
[cegb_penalty_feature_coupled: ]
[path_smooth: 0]
[interaction_constraints: ]
[verbosity: -1]
[saved_feature_importance_type: 0]
[use_quantized_grad: 0]
[num_grad_quant_bins: 4]
[quant_train_renew_leaf: 0]
[stochastic_rounding: 1]
[linear_tree: 0]
[max_bin: 255]
[max_bin_by_feature: ]
[min_data_in_bin: 3]
[bin_construct_sample_cnt: 200000]
[data_random_seed: 175]
[is_enable_sparse: 1]
[enable_bundle: 1]
[use_missing: 1]
[zero_as_missing: 0]
[feature_pre_filter: 1]
[pre_partition: 0]
[two_round: 0]
[header: 0]
[label_column: ]
[weight_column: ]
[group_column: ]
[ignore_column: ]
[categorical_feature: 16]
[forcedbins_filename: ]
[precise_float_parser: 0]
[parser_config_file: ]
[objective_seed: 16083]
[num_class: 1]
[is_unbalance: 0]
[scale_pos_weight: 1]
[sigmoid: 1]
[boost_from_average: 1]
[reg_sqrt: 0]
[alpha: 0.9]
[fair_c: 1]
[poisson_max_delta_step: 0.7]
[tweedie_variance_power: 1.5]
[lambdarank_truncation_level: 30]
[lambdarank_norm: 1]
[label_gain: ]
[lambdarank_position_bias_regularization: 0]
[eval_at: ]
[multi_error_top_k: 1]
[auc_mu_weights: ]
[num_machines: 1]
[local_listen_port: 12400]
[time_out: 120]
[machine_list_filename: ]
[machines: ]
[gpu_platform_id: -1]
[gpu_device_id: -1]
[gpu_device_id_list: ]
[gpu_use_dp: 0]
[num_gpu: 1]

end of parameters

pandas_categorical:[["highway", "mineral", "stou"]]
